日期,名称,代码,secid,昨收,开盘,最高,最低,收盘,涨跌额,日涨跌幅(%),成交量,成交额(元),振幅(%),换手率(%),年初至今涨跌幅(%),2025年末归一化=100,数据源
2026-01-05,CPO概念,BK1128,90.BK1128,5006.27,5058.45,5160.74,5058.45,5133.95,127.68,2.55,21143634,121633808001,2.04,2.65,2.5504018,102.5504018,https://r.jina.ai/http://push2his.eastmoney.com/api/qt/stock/kline/get?secid=90.BK1128&ut=fa5fd1943c7b386f172d6893dbfba10b&fields1=f1%2Cf2%2Cf3%2Cf4%2Cf5%2Cf6&fields2=f51%2Cf52%2Cf53%2Cf54%2Cf55%2Cf56%2Cf57%2Cf58%2Cf59%2Cf60%2Cf61&klt=101&fqt=0&beg=20251201&end=20260717&lmt=1000&_=20260718140000
2026-01-05,PCB概念,BK0877,90.BK0877,2724.26,2739.43,2791.92,2729.01,2790.7,66.44,2.44,34278611,99400020553,2.31,3.28,2.43882742,102.43882742,https://r.jina.ai/http://push2his.eastmoney.com/api/qt/stock/kline/get?secid=90.BK0877&ut=fa5fd1943c7b386f172d6893dbfba10b&fields1=f1%2Cf2%2Cf3%2Cf4%2Cf5%2Cf6&fields2=f51%2Cf52%2Cf53%2Cf54%2Cf55%2Cf56%2Cf57%2Cf58%2Cf59%2Cf60%2Cf61&klt=101&fqt=0&beg=20251201&end=20260717&lmt=1000&_=20260718140000
2026-01-05,上证指数,000001.SH,1.000001,3968.84,3986.97,4025.26,3983.58,4023.42,54.58,1.38,596950455,1067334169201.5,1.05,1.23,1.37521291,101.37521291,https://r.jina.ai/http://push2his.eastmoney.com/api/qt/stock/kline/get?secid=1.000001&ut=fa5fd1943c7b386f172d6893dbfba10b&fields1=f1%2Cf2%2Cf3%2Cf4%2Cf5%2Cf6&fields2=f51%2Cf52%2Cf53%2Cf54%2Cf55%2Cf56%2Cf57%2Cf58%2Cf59%2Cf60%2Cf61&klt=101&fqt=0&beg=20251201&end=20260717&lmt=1000&_=20260718140000
2026-01-05,创业板指,399006.SZ,0.399006,3203.17,3229.93,3295.29,3229.93,3294.55,91.38,2.85,271932811,702060594681.01,2.04,4.86,2.85279895,102.85279895,https://r.jina.ai/http://push2his.eastmoney.com/api/qt/stock/kline/get?secid=0.399006&ut=fa5fd1943c7b386f172d6893dbfba10b&fields1=f1%2Cf2%2Cf3%2Cf4%2Cf5%2Cf6&fields2=f51%2Cf52%2Cf53%2Cf54%2Cf55%2Cf56%2Cf57%2Cf58%2Cf59%2Cf60%2Cf61&klt=101&fqt=0&beg=20251201&end=20260717&lmt=1000&_=20260718140000
2026-01-05,半导体材料设备指数,931743.CSI,2.931743,5149.18,5216.69,5455.02,5216.69,5451.81,302.63,5.88,6311293,48799696866,4.63,3.69,5.87724647,105.87724647,https://r.jina.ai/http://push2his.eastmoney.com/api/qt/stock/kline/get?secid=2.931743&ut=fa5fd1943c7b386f172d6893dbfba10b&fields1=f1%2Cf2%2Cf3%2Cf4%2Cf5%2Cf6&fields2=f51%2Cf52%2Cf53%2Cf54%2Cf55%2Cf56%2Cf57%2Cf58%2Cf59%2Cf60%2Cf61&klt=101&fqt=0&beg=20251201&end=20260717&lmt=1000&_=20260718140000
2026-01-05,存储芯片概念,BK1137,90.BK1137,2018.24,2047.84,2114.37,2047.84,2114.37,96.13,4.76,26842517,130800155081,3.3,3.19,4.76306088,104.76306088,https://r.jina.ai/http://push2his.eastmoney.com/api/qt/stock/kline/get?secid=90.BK1137&ut=fa5fd1943c7b386f172d6893dbfba10b&fields1=f1%2Cf2%2Cf3%2Cf4%2Cf5%2Cf6&fields2=f51%2Cf52%2Cf53%2Cf54%2Cf55%2Cf56%2Cf57%2Cf58%2Cf59%2Cf60%2Cf61&klt=101&fqt=0&beg=20251201&end=20260717&lmt=1000&_=20260718140000
2026-01-05,科创50指数,000688.SH,1.000688,1344.2,1360.9,1403.53,1360.9,1403.41,59.21,4.4,10345466,81187605285,3.17,1.48,4.40485047,104.40485047,https://r.jina.ai/http://push2his.eastmoney.com/api/qt/stock/kline/get?secid=1.000688&ut=fa5fd1943c7b386f172d6893dbfba10b&fields1=f1%2Cf2%2Cf3%2Cf4%2Cf5%2Cf6&fields2=f51%2Cf52%2Cf53%2Cf54%2Cf55%2Cf56%2Cf57%2Cf58%2Cf59%2Cf60%2Cf61&klt=101&fqt=0&beg=20251201&end=20260717&lmt=1000&_=20260718140000
2026-01-06,CPO概念,BK1128,90.BK1128,5133.95,5114.91,5122.35,5009.78,5099.53,-34.42,-0.67,24320049,131314969677,2.19,3.05,1.86286397,101.86286397,https://r.jina.ai/http://push2his.eastmoney.com/api/qt/stock/kline/get?secid=90.BK1128&ut=fa5fd1943c7b386f172d6893dbfba10b&fields1=f1%2Cf2%2Cf3%2Cf4%2Cf5%2Cf6&fields2=f51%2Cf52%2Cf53%2Cf54%2Cf55%2Cf56%2Cf57%2Cf58%2Cf59%2Cf60%2Cf61&klt=101&fqt=0&beg=20251201&end=20260717&lmt=1000&_=20260718140000
2026-01-06,PCB概念,BK0877,90.BK0877,2790.7,2792.87,2812.61,2772.83,2804.88,14.18,0.51,36583268,103723360772,1.43,3.5,2.95933575,102.95933575,https://r.jina.ai/http://push2his.eastmoney.com/api/qt/stock/kline/get?secid=90.BK0877&ut=fa5fd1943c7b386f172d6893dbfba10b&fields1=f1%2Cf2%2Cf3%2Cf4%2Cf5%2Cf6&fields2=f51%2Cf52%2Cf53%2Cf54%2Cf55%2Cf56%2Cf57%2Cf58%2Cf59%2Cf60%2Cf61&klt=101&fqt=0&beg=20251201&end=20260717&lmt=1000&_=20260718140000
2026-01-06,上证指数,000001.SH,1.000001,4023.42,4026.02,4083.67,4025.09,4083.67,60.25,1.5,702472270,1175768705035,1.46,1.45,2.89328872,102.89328872,https://r.jina.ai/http://push2his.eastmoney.com/api/qt/stock/kline/get?secid=1.000001&ut=fa5fd1943c7b386f172d6893dbfba10b&fields1=f1%2Cf2%2Cf3%2Cf4%2Cf5%2Cf6&fields2=f51%2Cf52%2Cf53%2Cf54%2Cf55%2Cf56%2Cf57%2Cf58%2Cf59%2Cf60%2Cf61&klt=101&fqt=0&beg=20251201&end=20260717&lmt=1000&_=20260718140000
2026-01-06,创业板指,399006.SZ,0.399006,3294.55,3279.81,3321.44,3265.73,3319.29,24.74,0.75,287215987,763475252470.45,1.69,5.13,3.62515883,103.62515883,https://r.jina.ai/http://push2his.eastmoney.com/api/qt/stock/kline/get?secid=0.399006&ut=fa5fd1943c7b386f172d6893dbfba10b&fields1=f1%2Cf2%2Cf3%2Cf4%2Cf5%2Cf6&fields2=f51%2Cf52%2Cf53%2Cf54%2Cf55%2Cf56%2Cf57%2Cf58%2Cf59%2Cf60%2Cf61&klt=101&fqt=0&beg=20251201&end=20260717&lmt=1000&_=20260718140000
2026-01-06,半导体材料设备指数,931743.CSI,2.931743,5451.81,5459.15,5791.56,5452.68,5667.2,215.39,3.95,7893850,60204178218,6.22,4.61,10.0602426,110.0602426,https://r.jina.ai/http://push2his.eastmoney.com/api/qt/stock/kline/get?secid=2.931743&ut=fa5fd1943c7b386f172d6893dbfba10b&fields1=f1%2Cf2%2Cf3%2Cf4%2Cf5%2Cf6&fields2=f51%2Cf52%2Cf53%2Cf54%2Cf55%2Cf56%2Cf57%2Cf58%2Cf59%2Cf60%2Cf61&klt=101&fqt=0&beg=20251201&end=20260717&lmt=1000&_=20260718140000
2026-01-06,存储芯片概念,BK1137,90.BK1137,2114.37,2118.32,2172.24,2116.78,2166.23,51.86,2.45,31761256,143592175431,2.62,3.77,7.33262645,107.33262645,https://r.jina.ai/http://push2his.eastmoney.com/api/qt/stock/kline/get?secid=90.BK1137&ut=fa5fd1943c7b386f172d6893dbfba10b&fields1=f1%2Cf2%2Cf3%2Cf4%2Cf5%2Cf6&fields2=f51%2Cf52%2Cf53%2Cf54%2Cf55%2Cf56%2Cf57%2Cf58%2Cf59%2Cf60%2Cf61&klt=101&fqt=0&beg=20251201&end=20260717&lmt=1000&_=20260718140000
2026-01-06,科创50指数,000688.SH,1.000688,1403.41,1401.79,1442.1,1400.4,1429.3,25.89,1.84,11820332,80797910467,2.97,1.69,6.33090314,106.33090314,https://r.jina.ai/http://push2his.eastmoney.com/api/qt/stock/kline/get?secid=1.000688&ut=fa5fd1943c7b386f172d6893dbfba10b&fields1=f1%2Cf2%2Cf3%2Cf4%2Cf5%2Cf6&fields2=f51%2Cf52%2Cf53%2Cf54%2Cf55%2Cf56%2Cf57%2Cf58%2Cf59%2Cf60%2Cf61&klt=101&fqt=0&beg=20251201&end=20260717&lmt=1000&_=20260718140000
2026-01-07,CPO概念,BK1128,90.BK1128,5099.53,5121.32,5240.77,5110.01,5236.05,136.52,2.68,28540731,142476962498,2.56,3.58,4.58984434,104.58984434,https://r.jina.ai/http://push2his.eastmoney.com/api/qt/stock/kline/get?secid=90.BK1128&ut=fa5fd1943c7b386f172d6893dbfba10b&fields1=f1%2Cf2%2Cf3%2Cf4%2Cf5%2Cf6&fields2=f51%2Cf52%2Cf53%2Cf54%2Cf55%2Cf56%2Cf57%2Cf58%2Cf59%2Cf60%2Cf61&klt=101&fqt=0&beg=20251201&end=20260717&lmt=1000&_=20260718140000
2026-01-07,PCB概念,BK0877,90.BK0877,2804.88,2807.37,2861.39,2804.21,2850.72,45.84,1.63,42711168,114767122849,2.04,4.09,4.64199452,104.64199452,https://r.jina.ai/http://push2his.eastmoney.com/api/qt/stock/kline/get?secid=90.BK0877&ut=fa5fd1943c7b386f172d6893dbfba10b&fields1=f1%2Cf2%2Cf3%2Cf4%2Cf5%2Cf6&fields2=f51%2Cf52%2Cf53%2Cf54%2Cf55%2Cf56%2Cf57%2Cf58%2Cf59%2Cf60%2Cf61&klt=101&fqt=0&beg=20251201&end=20260717&lmt=1000&_=20260718140000
2026-01-07,上证指数,000001.SH,1.000001,4083.67,4083.84,4098.78,4069.44,4085.77,2.1,0.05,683384352,1197422798276.7,0.72,1.41,2.94620091,102.94620091,https://r.jina.ai/http://push2his.eastmoney.com/api/qt/stock/kline/get?secid=1.000001&ut=fa5fd1943c7b386f172d6893dbfba10b&fields1=f1%2Cf2%2Cf3%2Cf4%2Cf5%2Cf6&fields2=f51%2Cf52%2Cf53%2Cf54%2Cf55%2Cf56%2Cf57%2Cf58%2Cf59%2Cf60%2Cf61&klt=101&fqt=0&beg=20251201&end=20260717&lmt=1000&_=20260718140000
2026-01-07,创业板指,399006.SZ,0.399006,3319.29,3331.34,3351.22,3298.55,3329.69,10.4,0.31,280159801,763250511330.69,1.59,5.01,3.94983719,103.94983719,https://r.jina.ai/http://push2his.eastmoney.com/api/qt/stock/kline/get?secid=0.399006&ut=fa5fd1943c7b386f172d6893dbfba10b&fields1=f1%2Cf2%2Cf3%2Cf4%2Cf5%2Cf6&fields2=f51%2Cf52%2Cf53%2Cf54%2Cf55%2Cf56%2Cf57%2Cf58%2Cf59%2Cf60%2Cf61&klt=101&fqt=0&beg=20251201&end=20260717&lmt=1000&_=20260718140000
2026-01-07,半导体材料设备指数,931743.CSI,2.931743,5667.2,5836.86,6117.54,5836.86,6082.63,415.43,7.33,12941373,87490193864,4.95,7.56,18.12812914,118.12812914,https://r.jina.ai/http://push2his.eastmoney.com/api/qt/stock/kline/get?secid=2.931743&ut=fa5fd1943c7b386f172d6893dbfba10b&fields1=f1%2Cf2%2Cf3%2Cf4%2Cf5%2Cf6&fields2=f51%2Cf52%2Cf53%2Cf54%2Cf55%2Cf56%2Cf57%2Cf58%2Cf59%2Cf60%2Cf61&klt=101&fqt=0&beg=20251201&end=20260717&lmt=1000&_=20260718140000
2026-01-07,存储芯片概念,BK1137,90.BK1137,2166.23,2241.14,2254.26,2215.27,2240.78,74.55,3.44,42925021,193597949125,1.8,5.1,11.02643888,111.02643888,https://r.jina.ai/http://push2his.eastmoney.com/api/qt/stock/kline/get?secid=90.BK1137&ut=fa5fd1943c7b386f172d6893dbfba10b&fields1=f1%2Cf2%2Cf3%2Cf4%2Cf5%2Cf6&fields2=f51%2Cf52%2Cf53%2Cf54%2Cf55%2Cf56%2Cf57%2Cf58%2Cf59%2Cf60%2Cf61&klt=101&fqt=0&beg=20251201&end=20260717&lmt=1000&_=20260718140000
2026-01-07,科创50指数,000688.SH,1.000688,1429.3,1442.51,1452.04,1427.98,1443.39,14.09,0.99,12338548,87127775010,1.68,1.76,7.37911025,107.37911025,https://r.jina.ai/http://push2his.eastmoney.com/api/qt/stock/kline/get?secid=1.000688&ut=fa5fd1943c7b386f172d6893dbfba10b&fields1=f1%2Cf2%2Cf3%2Cf4%2Cf5%2Cf6&fields2=f51%2Cf52%2Cf53%2Cf54%2Cf55%2Cf56%2Cf57%2Cf58%2Cf59%2Cf60%2Cf61&klt=101&fqt=0&beg=20251201&end=20260717&lmt=1000&_=20260718140000
2026-01-08,CPO概念,BK1128,90.BK1128,5236.05,5207.4,5273.1,5171,5205.12,-30.93,-0.59,24133887,125679452766,1.95,3.03,3.97201909,103.97201909,https://r.jina.ai/http://push2his.eastmoney.com/api/qt/stock/kline/get?secid=90.BK1128&ut=fa5fd1943c7b386f172d6893dbfba10b&fields1=f1%2Cf2%2Cf3%2Cf4%2Cf5%2Cf6&fields2=f51%2Cf52%2Cf53%2Cf54%2Cf55%2Cf56%2Cf57%2Cf58%2Cf59%2Cf60%2Cf61&klt=101&fqt=0&beg=20251201&end=20260717&lmt=1000&_=20260718140000
2026-01-08,PCB概念,BK0877,90.BK0877,2850.72,2834.71,2860.53,2828.84,2845.87,-4.85,-0.17,34999759,96923773535,1.11,3.35,4.46396453,104.46396453,https://r.jina.ai/http://push2his.eastmoney.com/api/qt/stock/kline/get?secid=90.BK0877&ut=fa5fd1943c7b386f172d6893dbfba10b&fields1=f1%2Cf2%2Cf3%2Cf4%2Cf5%2Cf6&fields2=f51%2Cf52%2Cf53%2Cf54%2Cf55%2Cf56%2Cf57%2Cf58%2Cf59%2Cf60%2Cf61&klt=101&fqt=0&beg=20251201&end=20260717&lmt=1000&_=20260718140000
2026-01-08,上证指数,000001.SH,1.000001,4085.77,4077.72,4093.87,4067.12,4082.98,-2.79,-0.07,666131337,1183188755951.4,0.65,1.38,2.87590329,102.87590329,https://r.jina.ai/http://push2his.eastmoney.com/api/qt/stock/kline/get?secid=1.000001&ut=fa5fd1943c7b386f172d6893dbfba10b&fields1=f1%2Cf2%2Cf3%2Cf4%2Cf5%2Cf6&fields2=f51%2Cf52%2Cf53%2Cf54%2Cf55%2Cf56%2Cf57%2Cf58%2Cf59%2Cf60%2Cf61&klt=101&fqt=0&beg=20251201&end=20260717&lmt=1000&_=20260718140000
2026-01-08,创业板指,399006.SZ,0.399006,3329.69,3308.74,3328.96,3285.16,3302.31,-27.38,-0.82,289751046,755650931993.28,1.32,5.18,3.09505896,103.09505896,https://r.jina.ai/http://push2his.eastmoney.com/api/qt/stock/kline/get?secid=0.399006&ut=fa5fd1943c7b386f172d6893dbfba10b&fields1=f1%2Cf2%2Cf3%2Cf4%2Cf5%2Cf6&fields2=f51%2Cf52%2Cf53%2Cf54%2Cf55%2Cf56%2Cf57%2Cf58%2Cf59%2Cf60%2Cf61&klt=101&fqt=0&beg=20251201&end=20260717&lmt=1000&_=20260718140000
2026-01-08,半导体材料设备指数,931743.CSI,2.931743,6082.63,6071.09,6188.36,6018.68,6051.32,-31.31,-0.51,10470123,71411262265,2.79,6.11,17.52007116,117.52007116,https://r.jina.ai/http://push2his.eastmoney.com/api/qt/stock/kline/get?secid=2.931743&ut=fa5fd1943c7b386f172d6893dbfba10b&fields1=f1%2Cf2%2Cf3%2Cf4%2Cf5%2Cf6&fields2=f51%2Cf52%2Cf53%2Cf54%2Cf55%2Cf56%2Cf57%2Cf58%2Cf59%2Cf60%2Cf61&klt=101&fqt=0&beg=20251201&end=20260717&lmt=1000&_=20260718140000
2026-01-08,存储芯片概念,BK1137,90.BK1137,2240.78,2230.67,2270.56,2230.67,2255.64,14.86,0.66,43708724,150099082647,1.78,5.19,11.76272396,111.76272396,https://r.jina.ai/http://push2his.eastmoney.com/api/qt/stock/kline/get?secid=90.BK1137&ut=fa5fd1943c7b386f172d6893dbfba10b&fields1=f1%2Cf2%2Cf3%2Cf4%2Cf5%2Cf6&fields2=f51%2Cf52%2Cf53%2Cf54%2Cf55%2Cf56%2Cf57%2Cf58%2Cf59%2Cf60%2Cf61&klt=101&fqt=0&beg=20251201&end=20260717&lmt=1000&_=20260718140000
2026-01-08,科创50指数,000688.SH,1.000688,1443.39,1441.19,1483.23,1441.19,1455.17,11.78,0.82,13482288,99247984749,2.91,1.92,8.25546794,108.25546794,https://r.jina.ai/http://push2his.eastmoney.com/api/qt/stock/kline/get?secid=1.000688&ut=fa5fd1943c7b386f172d6893dbfba10b&fields1=f1%2Cf2%2Cf3%2Cf4%2Cf5%2Cf6&fields2=f51%2Cf52%2Cf53%2Cf54%2Cf55%2Cf56%2Cf57%2Cf58%2Cf59%2Cf60%2Cf61&klt=101&fqt=0&beg=20251201&end=20260717&lmt=1000&_=20260718140000
2026-01-09,CPO概念,BK1128,90.BK1128,5205.12,5165.08,5282.19,5114.72,5276.95,71.83,1.38,24728198,139957481391,3.22,3.1,5.40681985,105.40681985,https://r.jina.ai/http://push2his.eastmoney.com/api/qt/stock/kline/get?secid=90.BK1128&ut=fa5fd1943c7b386f172d6893dbfba10b&fields1=f1%2Cf2%2Cf3%2Cf4%2Cf5%2Cf6&fields2=f51%2Cf52%2Cf53%2Cf54%2Cf55%2Cf56%2Cf57%2Cf58%2Cf59%2Cf60%2Cf61&klt=101&fqt=0&beg=20251201&end=20260717&lmt=1000&_=20260718140000
2026-01-09,PCB概念,BK0877,90.BK0877,2845.87,2834.69,2876.76,2820.61,2874.29,28.42,1,37439643,102241069262,1.97,3.58,5.5071836,105.5071836,https://r.jina.ai/http://push2his.eastmoney.com/api/qt/stock/kline/get?secid=90.BK0877&ut=fa5fd1943c7b386f172d6893dbfba10b&fields1=f1%2Cf2%2Cf3%2Cf4%2Cf5%2Cf6&fields2=f51%2Cf52%2Cf53%2Cf54%2Cf55%2Cf56%2Cf57%2Cf58%2Cf59%2Cf60%2Cf61&klt=101&fqt=0&beg=20251201&end=20260717&lmt=1000&_=20260718140000
2026-01-09,上证指数,000001.SH,1.000001,4082.98,4086.76,4121.72,4083.62,4120.43,37.45,0.92,729837985,1289205972263.2,0.93,1.51,3.81950394,103.81950394,https://r.jina.ai/http://push2his.eastmoney.com/api/qt/stock/kline/get?secid=1.000001&ut=fa5fd1943c7b386f172d6893dbfba10b&fields1=f1%2Cf2%2Cf3%2Cf4%2Cf5%2Cf6&fields2=f51%2Cf52%2Cf53%2Cf54%2Cf55%2Cf56%2Cf57%2Cf58%2Cf59%2Cf60%2Cf61&klt=101&fqt=0&beg=20251201&end=20260717&lmt=1000&_=20260718140000
2026-01-09,创业板指,399006.SZ,0.399006,3302.31,3279.38,3330.01,3269.99,3327.81,25.5,0.77,343906904,878901067435.76,1.82,6.15,3.89114533,103.89114533,https://r.jina.ai/http://push2his.eastmoney.com/api/qt/stock/kline/get?secid=0.399006&ut=fa5fd1943c7b386f172d6893dbfba10b&fields1=f1%2Cf2%2Cf3%2Cf4%2Cf5%2Cf6&fields2=f51%2Cf52%2Cf53%2Cf54%2Cf55%2Cf56%2Cf57%2Cf58%2Cf59%2Cf60%2Cf61&klt=101&fqt=0&beg=20251201&end=20260717&lmt=1000&_=20260718140000
2026-01-09,半导体材料设备指数,931743.CSI,2.931743,6051.32,5949.89,6061.48,5921.35,6031.03,-20.29,-0.34,8578199,61364597555,2.32,5.01,17.12602783,117.12602783,https://r.jina.ai/http://push2his.eastmoney.com/api/qt/stock/kline/get?secid=2.931743&ut=fa5fd1943c7b386f172d6893dbfba10b&fields1=f1%2Cf2%2Cf3%2Cf4%2Cf5%2Cf6&fields2=f51%2Cf52%2Cf53%2Cf54%2Cf55%2Cf56%2Cf57%2Cf58%2Cf59%2Cf60%2Cf61&klt=101&fqt=0&beg=20251201&end=20260717&lmt=1000&_=20260718140000
2026-01-09,存储芯片概念,BK1137,90.BK1137,2255.64,2240.42,2269.11,2231.73,2263.28,7.64,0.34,41083050,146285477352,1.66,4.88,12.1412716,112.1412716,https://r.jina.ai/http://push2his.eastmoney.com/api/qt/stock/kline/get?secid=90.BK1137&ut=fa5fd1943c7b386f172d6893dbfba10b&fields1=f1%2Cf2%2Cf3%2Cf4%2Cf5%2Cf6&fields2=f51%2Cf52%2Cf53%2Cf54%2Cf55%2Cf56%2Cf57%2Cf58%2Cf59%2Cf60%2Cf61&klt=101&fqt=0&beg=20251201&end=20260717&lmt=1000&_=20260718140000
2026-01-09,科创50指数,000688.SH,1.000688,1455.17,1442.22,1477.24,1437.58,1475.97,20.8,1.43,13306405,91006167416,2.73,1.9,9.80285672,109.80285672,https://r.jina.ai/http://push2his.eastmoney.com/api/qt/stock/kline/get?secid=1.000688&ut=fa5fd1943c7b386f172d6893dbfba10b&fields1=f1%2Cf2%2Cf3%2Cf4%2Cf5%2Cf6&fields2=f51%2Cf52%2Cf53%2Cf54%2Cf55%2Cf56%2Cf57%2Cf58%2Cf59%2Cf60%2Cf61&klt=101&fqt=0&beg=20251201&end=20260717&lmt=1000&_=20260718140000
2026-01-12,CPO概念,BK1128,90.BK1128,5276.95,5273.18,5338.64,5195.64,5325.95,49,0.93,27589314,152611941278,2.71,3.46,6.38559247,106.38559247,https://r.jina.ai/http://push2his.eastmoney.com/api/qt/stock/kline/get?secid=90.BK1128&ut=fa5fd1943c7b386f172d6893dbfba10b&fields1=f1%2Cf2%2Cf3%2Cf4%2Cf5%2Cf6&fields2=f51%2Cf52%2Cf53%2Cf54%2Cf55%2Cf56%2Cf57%2Cf58%2Cf59%2Cf60%2Cf61&klt=101&fqt=0&beg=20251201&end=20260717&lmt=1000&_=20260718140000
2026-01-12,PCB概念,BK0877,90.BK0877,2874.29,2880.78,2911.95,2838.4,2909.69,35.4,1.23,43198777,113983937310,2.56,4.13,6.80661905,106.80661905,https://r.jina.ai/http://push2his.eastmoney.com/api/qt/stock/kline/get?secid=90.BK0877&ut=fa5fd1943c7b386f172d6893dbfba10b&fields1=f1%2Cf2%2Cf3%2Cf4%2Cf5%2Cf6&fields2=f51%2Cf52%2Cf53%2Cf54%2Cf55%2Cf56%2Cf57%2Cf58%2Cf59%2Cf60%2Cf61&klt=101&fqt=0&beg=20251201&end=20260717&lmt=1000&_=20260718140000
2026-01-12,上证指数,000001.SH,1.000001,4120.43,4134.89,4168.36,4119.88,4165.29,44.86,1.09,839456089,1446230122005.3,1.18,1.74,4.94980901,104.94980901,https://r.jina.ai/http://push2his.eastmoney.com/api/qt/stock/kline/get?secid=1.000001&ut=fa5fd1943c7b386f172d6893dbfba10b&fields1=f1%2Cf2%2Cf3%2Cf4%2Cf5%2Cf6&fields2=f51%2Cf52%2Cf53%2Cf54%2Cf55%2Cf56%2Cf57%2Cf58%2Cf59%2Cf60%2Cf61&klt=101&fqt=0&beg=20251201&end=20260717&lmt=1000&_=20260718140000
2026-01-12,创业板指,399006.SZ,0.399006,3327.81,3323.64,3398.05,3282.39,3388.34,60.53,1.82,421073541,1096218819856.51,3.48,7.53,5.78083586,105.78083586,https://r.jina.ai/http://push2his.eastmoney.com/api/qt/stock/kline/get?secid=0.399006&ut=fa5fd1943c7b386f172d6893dbfba10b&fields1=f1%2Cf2%2Cf3%2Cf4%2Cf5%2Cf6&fields2=f51%2Cf52%2Cf53%2Cf54%2Cf55%2Cf56%2Cf57%2Cf58%2Cf59%2Cf60%2Cf61&klt=101&fqt=0&beg=20251201&end=20260717&lmt=1000&_=20260718140000
2026-01-12,半导体材料设备指数,931743.CSI,2.931743,6031.03,6050.39,6194.24,6043.38,6110.13,79.1,1.31,8686202,62578438050,2.5,5.07,18.66219476,118.66219476,https://r.jina.ai/http://push2his.eastmoney.com/api/qt/stock/kline/get?secid=2.931743&ut=fa5fd1943c7b386f172d6893dbfba10b&fields1=f1%2Cf2%2Cf3%2Cf4%2Cf5%2Cf6&fields2=f51%2Cf52%2Cf53%2Cf54%2Cf55%2Cf56%2Cf57%2Cf58%2Cf59%2Cf60%2Cf61&klt=101&fqt=0&beg=20251201&end=20260717&lmt=1000&_=20260718140000
2026-01-12,存储芯片概念,BK1137,90.BK1137,2263.28,2278.39,2326.46,2275.81,2319.7,56.42,2.49,40347922,159590002043,2.24,4.79,14.9367766,114.9367766,https://r.jina.ai/http://push2his.eastmoney.com/api/qt/stock/kline/get?secid=90.BK1137&ut=fa5fd1943c7b386f172d6893dbfba10b&fields1=f1%2Cf2%2Cf3%2Cf4%2Cf5%2Cf6&fields2=f51%2Cf52%2Cf53%2Cf54%2Cf55%2Cf56%2Cf57%2Cf58%2Cf59%2Cf60%2Cf61&klt=101&fqt=0&beg=20251201&end=20260717&lmt=1000&_=20260718140000
2026-01-12,科创50指数,000688.SH,1.000688,1475.97,1490.5,1515.11,1478.85,1511.84,35.87,2.43,15675919,106640241923,2.46,2.24,12.47135843,112.47135843,https://r.jina.ai/http://push2his.eastmoney.com/api/qt/stock/kline/get?secid=1.000688&ut=fa5fd1943c7b386f172d6893dbfba10b&fields1=f1%2Cf2%2Cf3%2Cf4%2Cf5%2Cf6&fields2=f51%2Cf52%2Cf53%2Cf54%2Cf55%2Cf56%2Cf57%2Cf58%2Cf59%2Cf60%2Cf61&klt=101&fqt=0&beg=20251201&end=20260717&lmt=1000&_=20260718140000
2026-01-13,CPO概念,BK1128,90.BK1128,5325.95,5312.74,5312.74,5095.4,5112.1,-213.85,-4.02,26331534,143564128917,4.08,3.3,2.11394911,102.11394911,https://r.jina.ai/http://push2his.eastmoney.com/api/qt/stock/kline/get?secid=90.BK1128&ut=fa5fd1943c7b386f172d6893dbfba10b&fields1=f1%2Cf2%2Cf3%2Cf4%2Cf5%2Cf6&fields2=f51%2Cf52%2Cf53%2Cf54%2Cf55%2Cf56%2Cf57%2Cf58%2Cf59%2Cf60%2Cf61&klt=101&fqt=0&beg=20251201&end=20260717&lmt=1000&_=20260718140000
2026-01-13,PCB概念,BK0877,90.BK0877,2909.69,2907.82,2907.82,2811.95,2820.41,-89.28,-3.07,40783191,100816898374,3.29,3.9,3.52939881,103.52939881,https://r.jina.ai/http://push2his.eastmoney.com/api/qt/stock/kline/get?secid=90.BK0877&ut=fa5fd1943c7b386f172d6893dbfba10b&fields1=f1%2Cf2%2Cf3%2Cf4%2Cf5%2Cf6&fields2=f51%2Cf52%2Cf53%2Cf54%2Cf55%2Cf56%2Cf57%2Cf58%2Cf59%2Cf60%2Cf61&klt=101&fqt=0&beg=20251201&end=20260717&lmt=1000&_=20260718140000
2026-01-13,上证指数,000001.SH,1.000001,4165.29,4169.7,4179.7,4126.23,4138.76,-26.53,-0.64,868382717,1481574218613.4,1.28,1.8,4.28135173,104.28135173,https://r.jina.ai/http://push2his.eastmoney.com/api/qt/stock/kline/get?secid=1.000001&ut=fa5fd1943c7b386f172d6893dbfba10b&fields1=f1%2Cf2%2Cf3%2Cf4%2Cf5%2Cf6&fields2=f51%2Cf52%2Cf53%2Cf54%2Cf55%2Cf56%2Cf57%2Cf58%2Cf59%2Cf60%2Cf61&klt=101&fqt=0&beg=20251201&end=20260717&lmt=1000&_=20260718140000
2026-01-13,创业板指,399006.SZ,0.399006,3388.34,3390.69,3416.84,3307.63,3321.89,-66.45,-1.96,433839451,1086922219547.79,3.22,7.76,3.70632842,103.70632842,https://r.jina.ai/http://push2his.eastmoney.com/api/qt/stock/kline/get?secid=0.399006&ut=fa5fd1943c7b386f172d6893dbfba10b&fields1=f1%2Cf2%2Cf3%2Cf4%2Cf5%2Cf6&fields2=f51%2Cf52%2Cf53%2Cf54%2Cf55%2Cf56%2Cf57%2Cf58%2Cf59%2Cf60%2Cf61&klt=101&fqt=0&beg=20251201&end=20260717&lmt=1000&_=20260718140000
2026-01-13,半导体材料设备指数,931743.CSI,2.931743,6110.13,6075.45,6180.9,5894.49,5914.17,-195.96,-3.21,7518567,52368868765,4.69,4.39,14.85654026,114.85654026,https://r.jina.ai/http://push2his.eastmoney.com/api/qt/stock/kline/get?secid=2.931743&ut=fa5fd1943c7b386f172d6893dbfba10b&fields1=f1%2Cf2%2Cf3%2Cf4%2Cf5%2Cf6&fields2=f51%2Cf52%2Cf53%2Cf54%2Cf55%2Cf56%2Cf57%2Cf58%2Cf59%2Cf60%2Cf61&klt=101&fqt=0&beg=20251201&end=20260717&lmt=1000&_=20260718140000
2026-01-13,存储芯片概念,BK1137,90.BK1137,2319.7,2313.63,2313.7,2232.81,2241.75,-77.95,-3.36,35992693,142058186731,3.49,4.27,11.07450055,111.07450055,https://r.jina.ai/http://push2his.eastmoney.com/api/qt/stock/kline/get?secid=90.BK1137&ut=fa5fd1943c7b386f172d6893dbfba10b&fields1=f1%2Cf2%2Cf3%2Cf4%2Cf5%2Cf6&fields2=f51%2Cf52%2Cf53%2Cf54%2Cf55%2Cf56%2Cf57%2Cf58%2Cf59%2Cf60%2Cf61&klt=101&fqt=0&beg=20251201&end=20260717&lmt=1000&_=20260718140000
2026-01-13,科创50指数,000688.SH,1.000688,1511.84,1508.18,1511.65,1460.41,1469.57,-42.27,-2.8,15234747,104449149934,3.39,2.17,9.32673709,109.32673709,https://r.jina.ai/http://push2his.eastmoney.com/api/qt/stock/kline/get?secid=1.000688&ut=fa5fd1943c7b386f172d6893dbfba10b&fields1=f1%2Cf2%2Cf3%2Cf4%2Cf5%2Cf6&fields2=f51%2Cf52%2Cf53%2Cf54%2Cf55%2Cf56%2Cf57%2Cf58%2Cf59%2Cf60%2Cf61&klt=101&fqt=0&beg=20251201&end=20260717&lmt=1000&_=20260718140000
2026-01-14,CPO概念,BK1128,90.BK1128,5112.1,5128.83,5261.43,5089.87,5203.52,91.42,1.79,26577933,154536740354,3.36,3.33,3.94005917,103.94005917,https://r.jina.ai/http://push2his.eastmoney.com/api/qt/stock/kline/get?secid=90.BK1128&ut=fa5fd1943c7b386f172d6893dbfba10b&fields1=f1%2Cf2%2Cf3%2Cf4%2Cf5%2Cf6&fields2=f51%2Cf52%2Cf53%2Cf54%2Cf55%2Cf56%2Cf57%2Cf58%2Cf59%2Cf60%2Cf61&klt=101&fqt=0&beg=20251201&end=20260717&lmt=1000&_=20260718140000
2026-01-14,PCB概念,BK0877,90.BK0877,2820.41,2826.31,2903.99,2826.31,2873.53,53.12,1.88,42890792,109239935726,2.75,4.1,5.47928612,105.47928612,https://r.jina.ai/http://push2his.eastmoney.com/api/qt/stock/kline/get?secid=90.BK0877&ut=fa5fd1943c7b386f172d6893dbfba10b&fields1=f1%2Cf2%2Cf3%2Cf4%2Cf5%2Cf6&fields2=f51%2Cf52%2Cf53%2Cf54%2Cf55%2Cf56%2Cf57%2Cf58%2Cf59%2Cf60%2Cf61&klt=101&fqt=0&beg=20251201&end=20260717&lmt=1000&_=20260718140000
2026-01-14,上证指数,000001.SH,1.000001,4138.76,4138.65,4190.87,4103.62,4126.09,-12.67,-0.31,952551289,1607041237767.9,2.11,1.97,3.96211487,103.96211487,https://r.jina.ai/http://push2his.eastmoney.com/api/qt/stock/kline/get?secid=1.000001&ut=fa5fd1943c7b386f172d6893dbfba10b&fields1=f1%2Cf2%2Cf3%2Cf4%2Cf5%2Cf6&fields2=f51%2Cf52%2Cf53%2Cf54%2Cf55%2Cf56%2Cf57%2Cf58%2Cf59%2Cf60%2Cf61&klt=101&fqt=0&beg=20251201&end=20260717&lmt=1000&_=20260718140000
2026-01-14,创业板指,399006.SZ,0.399006,3321.89,3333.17,3403.95,3308.63,3349.14,27.25,0.82,457478907,1165157052172.91,2.87,8.18,4.55704817,104.55704817,https://r.jina.ai/http://push2his.eastmoney.com/api/qt/stock/kline/get?secid=0.399006&ut=fa5fd1943c7b386f172d6893dbfba10b&fields1=f1%2Cf2%2Cf3%2Cf4%2Cf5%2Cf6&fields2=f51%2Cf52%2Cf53%2Cf54%2Cf55%2Cf56%2Cf57%2Cf58%2Cf59%2Cf60%2Cf61&klt=101&fqt=0&beg=20251201&end=20260717&lmt=1000&_=20260718140000
2026-01-14,半导体材料设备指数,931743.CSI,2.931743,5914.17,5933.26,6201.68,5913.33,6044.25,130.08,2.2,7671706,57924348385,4.88,4.48,17.38276774,117.38276774,https://r.jina.ai/http://push2his.eastmoney.com/api/qt/stock/kline/get?secid=2.931743&ut=fa5fd1943c7b386f172d6893dbfba10b&fields1=f1%2Cf2%2Cf3%2Cf4%2Cf5%2Cf6&fields2=f51%2Cf52%2Cf53%2Cf54%2Cf55%2Cf56%2Cf57%2Cf58%2Cf59%2Cf60%2Cf61&klt=101&fqt=0&beg=20251201&end=20260717&lmt=1000&_=20260718140000
2026-01-14,存储芯片概念,BK1137,90.BK1137,2241.75,2256.07,2311.18,2229.6,2261.41,19.66,0.88,37329979,155496527402,3.64,4.43,12.04861662,112.04861662,https://r.jina.ai/http://push2his.eastmoney.com/api/qt/stock/kline/get?secid=90.BK1137&ut=fa5fd1943c7b386f172d6893dbfba10b&fields1=f1%2Cf2%2Cf3%2Cf4%2Cf5%2Cf6&fields2=f51%2Cf52%2Cf53%2Cf54%2Cf55%2Cf56%2Cf57%2Cf58%2Cf59%2Cf60%2Cf61&klt=101&fqt=0&beg=20251201&end=20260717&lmt=1000&_=20260718140000
2026-01-14,科创50指数,000688.SH,1.000688,1469.57,1479.3,1532.58,1479.3,1500.91,31.34,2.13,17779745,123880673547,3.63,2.54,11.65823538,111.65823538,https://r.jina.ai/http://push2his.eastmoney.com/api/qt/stock/kline/get?secid=1.000688&ut=fa5fd1943c7b386f172d6893dbfba10b&fields1=f1%2Cf2%2Cf3%2Cf4%2Cf5%2Cf6&fields2=f51%2Cf52%2Cf53%2Cf54%2Cf55%2Cf56%2Cf57%2Cf58%2Cf59%2Cf60%2Cf61&klt=101&fqt=0&beg=20251201&end=20260717&lmt=1000&_=20260718140000
2026-01-15,CPO概念,BK1128,90.BK1128,5203.52,5134.41,5239.34,5105.65,5239.34,35.82,0.69,21016728,139956806070,2.57,2.64,4.65556193,104.65556193,https://r.jina.ai/http://push2his.eastmoney.com/api/qt/stock/kline/get?secid=90.BK1128&ut=fa5fd1943c7b386f172d6893dbfba10b&fields1=f1%2Cf2%2Cf3%2Cf4%2Cf5%2Cf6&fields2=f51%2Cf52%2Cf53%2Cf54%2Cf55%2Cf56%2Cf57%2Cf58%2Cf59%2Cf60%2Cf61&klt=101&fqt=0&beg=20251201&end=20260717&lmt=1000&_=20260718140000
2026-01-15,PCB概念,BK0877,90.BK0877,2873.53,2855.66,2907.2,2848.91,2906.12,32.59,1.13,39287282,99799290736,2.03,3.76,6.67557428,106.67557428,https://r.jina.ai/http://push2his.eastmoney.com/api/qt/stock/kline/get?secid=90.BK0877&ut=fa5fd1943c7b386f172d6893dbfba10b&fields1=f1%2Cf2%2Cf3%2Cf4%2Cf5%2Cf6&fields2=f51%2Cf52%2Cf53%2Cf54%2Cf55%2Cf56%2Cf57%2Cf58%2Cf59%2Cf60%2Cf61&klt=101&fqt=0&beg=20251201&end=20260717&lmt=1000&_=20260718140000
2026-01-15,上证指数,000001.SH,1.000001,4126.09,4106.22,4133.07,4096.85,4112.6,-13.49,-0.33,680250791,1175915097396.1,0.88,1.41,3.62221707,103.62221707,https://r.jina.ai/http://push2his.eastmoney.com/api/qt/stock/kline/get?secid=1.000001&ut=fa5fd1943c7b386f172d6893dbfba10b&fields1=f1%2Cf2%2Cf3%2Cf4%2Cf5%2Cf6&fields2=f51%2Cf52%2Cf53%2Cf54%2Cf55%2Cf56%2Cf57%2Cf58%2Cf59%2Cf60%2Cf61&klt=101&fqt=0&beg=20251201&end=20260717&lmt=1000&_=20260718140000
2026-01-15,创业板指,399006.SZ,0.399006,3349.14,3318.11,3372.47,3309.06,3367.92,18.78,0.56,320578479,849713484169.71,1.89,5.73,5.14334238,105.14334238,https://r.jina.ai/http://push2his.eastmoney.com/api/qt/stock/kline/get?secid=0.399006&ut=fa5fd1943c7b386f172d6893dbfba10b&fields1=f1%2Cf2%2Cf3%2Cf4%2Cf5%2Cf6&fields2=f51%2Cf52%2Cf53%2Cf54%2Cf55%2Cf56%2Cf57%2Cf58%2Cf59%2Cf60%2Cf61&klt=101&fqt=0&beg=20251201&end=20260717&lmt=1000&_=20260718140000
2026-01-15,半导体材料设备指数,931743.CSI,2.931743,6044.25,5978.87,6343.99,5960.77,6343.79,299.54,4.96,9500327,67545889076,6.34,5.55,23.20000466,123.20000466,https://r.jina.ai/http://push2his.eastmoney.com/api/qt/stock/kline/get?secid=2.931743&ut=fa5fd1943c7b386f172d6893dbfba10b&fields1=f1%2Cf2%2Cf3%2Cf4%2Cf5%2Cf6&fields2=f51%2Cf52%2Cf53%2Cf54%2Cf55%2Cf56%2Cf57%2Cf58%2Cf59%2Cf60%2Cf61&klt=101&fqt=0&beg=20251201&end=20260717&lmt=1000&_=20260718140000
2026-01-15,存储芯片概念,BK1137,90.BK1137,2261.41,2236.73,2314.32,2231.1,2314.25,52.84,2.34,32930346,146474261590,3.68,3.91,14.66673934,114.66673934,https://r.jina.ai/http://push2his.eastmoney.com/api/qt/stock/kline/get?secid=90.BK1137&ut=fa5fd1943c7b386f172d6893dbfba10b&fields1=f1%2Cf2%2Cf3%2Cf4%2Cf5%2Cf6&fields2=f51%2Cf52%2Cf53%2Cf54%2Cf55%2Cf56%2Cf57%2Cf58%2Cf59%2Cf60%2Cf61&klt=101&fqt=0&beg=20251201&end=20260717&lmt=1000&_=20260718140000
2026-01-15,科创50指数,000688.SH,1.000688,1500.91,1491.23,1504.84,1468.02,1493.95,-6.96,-0.46,14088173,95846397716,2.45,2.01,11.14045529,111.14045529,https://r.jina.ai/http://push2his.eastmoney.com/api/qt/stock/kline/get?secid=1.000688&ut=fa5fd1943c7b386f172d6893dbfba10b&fields1=f1%2Cf2%2Cf3%2Cf4%2Cf5%2Cf6&fields2=f51%2Cf52%2Cf53%2Cf54%2Cf55%2Cf56%2Cf57%2Cf58%2Cf59%2Cf60%2Cf61&klt=101&fqt=0&beg=20251201&end=20260717&lmt=1000&_=20260718140000
2026-01-16,CPO概念,BK1128,90.BK1128,5239.34,5294.39,5393.05,5292.04,5360.34,121,2.31,28623866,164351946921,1.93,3.59,7.07253105,107.07253105,https://r.jina.ai/http://push2his.eastmoney.com/api/qt/stock/kline/get?secid=90.BK1128&ut=fa5fd1943c7b386f172d6893dbfba10b&fields1=f1%2Cf2%2Cf3%2Cf4%2Cf5%2Cf6&fields2=f51%2Cf52%2Cf53%2Cf54%2Cf55%2Cf56%2Cf57%2Cf58%2Cf59%2Cf60%2Cf61&klt=101&fqt=0&beg=20251201&end=20260717&lmt=1000&_=20260718140000
2026-01-16,PCB概念,BK0877,90.BK0877,2906.12,2929.18,2963.1,2900.69,2951.51,45.39,1.56,39810496,110537733815,2.15,3.81,8.34171481,108.34171481,https://r.jina.ai/http://push2his.eastmoney.com/api/qt/stock/kline/get?secid=90.BK0877&ut=fa5fd1943c7b386f172d6893dbfba10b&fields1=f1%2Cf2%2Cf3%2Cf4%2Cf5%2Cf6&fields2=f51%2Cf52%2Cf53%2Cf54%2Cf55%2Cf56%2Cf57%2Cf58%2Cf59%2Cf60%2Cf61&klt=101&fqt=0&beg=20251201&end=20260717&lmt=1000&_=20260718140000
2026-01-16,上证指数,000001.SH,1.000001,4112.6,4127.06,4140.23,4091.81,4101.91,-10.69,-0.26,763588465,1338017280024,1.18,1.58,3.35286885,103.35286885,https://r.jina.ai/http://push2his.eastmoney.com/api/qt/stock/kline/get?secid=1.000001&ut=fa5fd1943c7b386f172d6893dbfba10b&fields1=f1%2Cf2%2Cf3%2Cf4%2Cf5%2Cf6&fields2=f51%2Cf52%2Cf53%2Cf54%2Cf55%2Cf56%2Cf57%2Cf58%2Cf59%2Cf60%2Cf61&klt=101&fqt=0&beg=20251201&end=20260717&lmt=1000&_=20260718140000
2026-01-16,创业板指,399006.SZ,0.399006,3367.92,3394.35,3407.86,3354.65,3361.02,-6.9,-0.2,312079464,846356149931.99,1.58,5.58,4.92793077,104.92793077,https://r.jina.ai/http://push2his.eastmoney.com/api/qt/stock/kline/get?secid=0.399006&ut=fa5fd1943c7b386f172d6893dbfba10b&fields1=f1%2Cf2%2Cf3%2Cf4%2Cf5%2Cf6&fields2=f51%2Cf52%2Cf53%2Cf54%2Cf55%2Cf56%2Cf57%2Cf58%2Cf59%2Cf60%2Cf61&klt=101&fqt=0&beg=20251201&end=20260717&lmt=1000&_=20260718140000
2026-01-16,半导体材料设备指数,931743.CSI,2.931743,6343.79,6430.43,6630.16,6414.23,6576.18,232.39,3.66,10944034,84888027194,3.4,6.39,27.71315044,127.71315044,https://r.jina.ai/http://push2his.eastmoney.com/api/qt/stock/kline/get?secid=2.931743&ut=fa5fd1943c7b386f172d6893dbfba10b&fields1=f1%2Cf2%2Cf3%2Cf4%2Cf5%2Cf6&fields2=f51%2Cf52%2Cf53%2Cf54%2Cf55%2Cf56%2Cf57%2Cf58%2Cf59%2Cf60%2Cf61&klt=101&fqt=0&beg=20251201&end=20260717&lmt=1000&_=20260718140000
2026-01-16,存储芯片概念,BK1137,90.BK1137,2314.25,2342.27,2444.28,2339.65,2422.93,108.68,4.7,52747087,227095661084,4.52,6.26,20.05162914,120.05162914,https://r.jina.ai/http://push2his.eastmoney.com/api/qt/stock/kline/get?secid=90.BK1137&ut=fa5fd1943c7b386f172d6893dbfba10b&fields1=f1%2Cf2%2Cf3%2Cf4%2Cf5%2Cf6&fields2=f51%2Cf52%2Cf53%2Cf54%2Cf55%2Cf56%2Cf57%2Cf58%2Cf59%2Cf60%2Cf61&klt=101&fqt=0&beg=20251201&end=20260717&lmt=1000&_=20260718140000
2026-01-16,科创50指数,000688.SH,1.000688,1493.95,1509.7,1528.78,1495.68,1514.07,20.12,1.35,16765776,116789712149,2.22,2.39,12.63725636,112.63725636,https://r.jina.ai/http://push2his.eastmoney.com/api/qt/stock/kline/get?secid=1.000688&ut=fa5fd1943c7b386f172d6893dbfba10b&fields1=f1%2Cf2%2Cf3%2Cf4%2Cf5%2Cf6&fields2=f51%2Cf52%2Cf53%2Cf54%2Cf55%2Cf56%2Cf57%2Cf58%2Cf59%2Cf60%2Cf61&klt=101&fqt=0&beg=20251201&end=20260717&lmt=1000&_=20260718140000
2026-01-19,CPO概念,BK1128,90.BK1128,5360.34,5327.69,5367.36,5272.39,5295.22,-65.12,-1.21,26520998,138554171292,1.77,3.33,5.77176221,105.77176221,https://r.jina.ai/http://push2his.eastmoney.com/api/qt/stock/kline/get?secid=90.BK1128&ut=fa5fd1943c7b386f172d6893dbfba10b&fields1=f1%2Cf2%2Cf3%2Cf4%2Cf5%2Cf6&fields2=f51%2Cf52%2Cf53%2Cf54%2Cf55%2Cf56%2Cf57%2Cf58%2Cf59%2Cf60%2Cf61&klt=101&fqt=0&beg=20251201&end=20260717&lmt=1000&_=20260718140000
2026-01-19,PCB概念,BK0877,90.BK0877,2951.51,2947.17,2991.85,2946.4,2980.51,29,0.98,35695815,102067180590,1.54,3.41,9.40622408,109.40622408,https://r.jina.ai/http://push2his.eastmoney.com/api/qt/stock/kline/get?secid=90.BK0877&ut=fa5fd1943c7b386f172d6893dbfba10b&fields1=f1%2Cf2%2Cf3%2Cf4%2Cf5%2Cf6&fields2=f51%2Cf52%2Cf53%2Cf54%2Cf55%2Cf56%2Cf57%2Cf58%2Cf59%2Cf60%2Cf61&klt=101&fqt=0&beg=20251201&end=20260717&lmt=1000&_=20260718140000
2026-01-19,上证指数,000001.SH,1.000001,4101.91,4090.72,4126.52,4090.06,4114,12.09,0.29,688905870,1190137813599,0.89,1.42,3.65749186,103.65749186,https://r.jina.ai/http://push2his.eastmoney.com/api/qt/stock/kline/get?secid=1.000001&ut=fa5fd1943c7b386f172d6893dbfba10b&fields1=f1%2Cf2%2Cf3%2Cf4%2Cf5%2Cf6&fields2=f51%2Cf52%2Cf53%2Cf54%2Cf55%2Cf56%2Cf57%2Cf58%2Cf59%2Cf60%2Cf61&klt=101&fqt=0&beg=20251201&end=20260717&lmt=1000&_=20260718140000
2026-01-19,创业板指,399006.SZ,0.399006,3361.02,3340.94,3383.79,3326.13,3337.61,-23.41,-0.7,266213496,715063522775.42,1.72,4.76,4.19709226,104.19709226,https://r.jina.ai/http://push2his.eastmoney.com/api/qt/stock/kline/get?secid=0.399006&ut=fa5fd1943c7b386f172d6893dbfba10b&fields1=f1%2Cf2%2Cf3%2Cf4%2Cf5%2Cf6&fields2=f51%2Cf52%2Cf53%2Cf54%2Cf55%2Cf56%2Cf57%2Cf58%2Cf59%2Cf60%2Cf61&klt=101&fqt=0&beg=20251201&end=20260717&lmt=1000&_=20260718140000
2026-01-19,半导体材料设备指数,931743.CSI,2.931743,6576.18,6644.24,6669.68,6486.18,6545.37,-30.81,-0.47,8508149,59977385299,2.79,4.97,27.11480275,127.11480275,https://r.jina.ai/http://push2his.eastmoney.com/api/qt/stock/kline/get?secid=2.931743&ut=fa5fd1943c7b386f172d6893dbfba10b&fields1=f1%2Cf2%2Cf3%2Cf4%2Cf5%2Cf6&fields2=f51%2Cf52%2Cf53%2Cf54%2Cf55%2Cf56%2Cf57%2Cf58%2Cf59%2Cf60%2Cf61&klt=101&fqt=0&beg=20251201&end=20260717&lmt=1000&_=20260718140000
2026-01-19,存储芯片概念,BK1137,90.BK1137,2422.93,2430.44,2445.89,2406.21,2424.83,1.9,0.08,48596653,188722133159,1.64,5.77,20.14577057,120.14577057,https://r.jina.ai/http://push2his.eastmoney.com/api/qt/stock/kline/get?secid=90.BK1137&ut=fa5fd1943c7b386f172d6893dbfba10b&fields1=f1%2Cf2%2Cf3%2Cf4%2Cf5%2Cf6&fields2=f51%2Cf52%2Cf53%2Cf54%2Cf55%2Cf56%2Cf57%2Cf58%2Cf59%2Cf60%2Cf61&klt=101&fqt=0&beg=20251201&end=20260717&lmt=1000&_=20260718140000
2026-01-19,科创50指数,000688.SH,1.000688,1514.07,1513.59,1525.12,1502.72,1506.86,-7.21,-0.48,12876257,93307391548,1.48,1.84,12.10087785,112.10087785,https://r.jina.ai/http://push2his.eastmoney.com/api/qt/stock/kline/get?secid=1.000688&ut=fa5fd1943c7b386f172d6893dbfba10b&fields1=f1%2Cf2%2Cf3%2Cf4%2Cf5%2Cf6&fields2=f51%2Cf52%2Cf53%2Cf54%2Cf55%2Cf56%2Cf57%2Cf58%2Cf59%2Cf60%2Cf61&klt=101&fqt=0&beg=20251201&end=20260717&lmt=1000&_=20260718140000
2026-01-20,CPO概念,BK1128,90.BK1128,5295.22,5278.89,5295.32,5086.56,5131.79,-163.43,-3.09,24678149,132330236424,3.94,3.1,2.5072559,102.5072559,https://r.jina.ai/http://push2his.eastmoney.com/api/qt/stock/kline/get?secid=90.BK1128&ut=fa5fd1943c7b386f172d6893dbfba10b&fields1=f1%2Cf2%2Cf3%2Cf4%2Cf5%2Cf6&fields2=f51%2Cf52%2Cf53%2Cf54%2Cf55%2Cf56%2Cf57%2Cf58%2Cf59%2Cf60%2Cf61&klt=101&fqt=0&beg=20251201&end=20260717&lmt=1000&_=20260718140000
2026-01-20,PCB概念,BK0877,90.BK0877,2980.51,2979.85,2993.65,2894.9,2919.44,-61.07,-2.05,38366515,103157134230,3.31,3.67,7.1645144,107.1645144,https://r.jina.ai/http://push2his.eastmoney.com/api/qt/stock/kline/get?secid=90.BK0877&ut=fa5fd1943c7b386f172d6893dbfba10b&fields1=f1%2Cf2%2Cf3%2Cf4%2Cf5%2Cf6&fields2=f51%2Cf52%2Cf53%2Cf54%2Cf55%2Cf56%2Cf57%2Cf58%2Cf59%2Cf60%2Cf61&klt=101&fqt=0&beg=20251201&end=20260717&lmt=1000&_=20260718140000
2026-01-20,上证指数,000001.SH,1.000001,4114,4116.37,4128.93,4080.29,4113.65,-0.35,-0.01,734362496,1221485626208.5,1.18,1.52,3.64867316,103.64867316,https://r.jina.ai/http://push2his.eastmoney.com/api/qt/stock/kline/get?secid=1.000001&ut=fa5fd1943c7b386f172d6893dbfba10b&fields1=f1%2Cf2%2Cf3%2Cf4%2Cf5%2Cf6&fields2=f51%2Cf52%2Cf53%2Cf54%2Cf55%2Cf56%2Cf57%2Cf58%2Cf59%2Cf60%2Cf61&klt=101&fqt=0&beg=20251201&end=20260717&lmt=1000&_=20260718140000
2026-01-20,创业板指,399006.SZ,0.399006,3337.61,3340.46,3347.94,3257.44,3277.98,-59.63,-1.79,271654065,709272948430.77,2.71,4.86,2.3354989,102.3354989,https://r.jina.ai/http://push2his.eastmoney.com/api/qt/stock/kline/get?secid=0.399006&ut=fa5fd1943c7b386f172d6893dbfba10b&fields1=f1%2Cf2%2Cf3%2Cf4%2Cf5%2Cf6&fields2=f51%2Cf52%2Cf53%2Cf54%2Cf55%2Cf56%2Cf57%2Cf58%2Cf59%2Cf60%2Cf61&klt=101&fqt=0&beg=20251201&end=20260717&lmt=1000&_=20260718140000
2026-01-20,半导体材料设备指数,931743.CSI,2.931743,6545.37,6511.31,6592.41,6421.12,6502.65,-42.72,-0.65,8494076,57766175952,2.62,4.96,26.28515608,126.28515608,https://r.jina.ai/http://push2his.eastmoney.com/api/qt/stock/kline/get?secid=2.931743&ut=fa5fd1943c7b386f172d6893dbfba10b&fields1=f1%2Cf2%2Cf3%2Cf4%2Cf5%2Cf6&fields2=f51%2Cf52%2Cf53%2Cf54%2Cf55%2Cf56%2Cf57%2Cf58%2Cf59%2Cf60%2Cf61&klt=101&fqt=0&beg=20251201&end=20260717&lmt=1000&_=20260718140000
2026-01-20,存储芯片概念,BK1137,90.BK1137,2424.83,2414.96,2459.01,2400.45,2425.27,0.44,0.02,45054615,180638913586,2.42,5.35,20.16757175,120.16757175,https://r.jina.ai/http://push2his.eastmoney.com/api/qt/stock/kline/get?secid=90.BK1137&ut=fa5fd1943c7b386f172d6893dbfba10b&fields1=f1%2Cf2%2Cf3%2Cf4%2Cf5%2Cf6&fields2=f51%2Cf52%2Cf53%2Cf54%2Cf55%2Cf56%2Cf57%2Cf58%2Cf59%2Cf60%2Cf61&klt=101&fqt=0&beg=20251201&end=20260717&lmt=1000&_=20260718140000
2026-01-20,科创50指数,000688.SH,1.000688,1506.86,1508.37,1525.81,1473.19,1482.99,-23.87,-1.58,14030658,97763534671,3.49,2,10.32510043,110.32510043,https://r.jina.ai/http://push2his.eastmoney.com/api/qt/stock/kline/get?secid=1.000688&ut=fa5fd1943c7b386f172d6893dbfba10b&fields1=f1%2Cf2%2Cf3%2Cf4%2Cf5%2Cf6&fields2=f51%2Cf52%2Cf53%2Cf54%2Cf55%2Cf56%2Cf57%2Cf58%2Cf59%2Cf60%2Cf61&klt=101&fqt=0&beg=20251201&end=20260717&lmt=1000&_=20260718140000
2026-01-21,CPO概念,BK1128,90.BK1128,5131.79,5090.13,5337.04,5090.13,5318.66,186.87,3.64,22802800,123780536884,4.81,2.86,6.23997507,106.23997507,https://r.jina.ai/http://push2his.eastmoney.com/api/qt/stock/kline/get?secid=90.BK1128&ut=fa5fd1943c7b386f172d6893dbfba10b&fields1=f1%2Cf2%2Cf3%2Cf4%2Cf5%2Cf6&fields2=f51%2Cf52%2Cf53%2Cf54%2Cf55%2Cf56%2Cf57%2Cf58%2Cf59%2Cf60%2Cf61&klt=101&fqt=0&beg=20251201&end=20260717&lmt=1000&_=20260718140000
2026-01-21,PCB概念,BK0877,90.BK0877,2919.44,2903.57,3019.15,2902.7,3017.22,97.78,3.35,39633624,107346255842,3.99,3.79,10.75374597,110.75374597,https://r.jina.ai/http://push2his.eastmoney.com/api/qt/stock/kline/get?secid=90.BK0877&ut=fa5fd1943c7b386f172d6893dbfba10b&fields1=f1%2Cf2%2Cf3%2Cf4%2Cf5%2Cf6&fields2=f51%2Cf52%2Cf53%2Cf54%2Cf55%2Cf56%2Cf57%2Cf58%2Cf59%2Cf60%2Cf61&klt=101&fqt=0&beg=20251201&end=20260717&lmt=1000&_=20260718140000
2026-01-21,上证指数,000001.SH,1.000001,4113.65,4103.53,4135.96,4103.53,4116.94,3.29,0.08,666989507,1180184557006.2,0.79,1.38,3.73156892,103.73156892,https://r.jina.ai/http://push2his.eastmoney.com/api/qt/stock/kline/get?secid=1.000001&ut=fa5fd1943c7b386f172d6893dbfba10b&fields1=f1%2Cf2%2Cf3%2Cf4%2Cf5%2Cf6&fields2=f51%2Cf52%2Cf53%2Cf54%2Cf55%2Cf56%2Cf57%2Cf58%2Cf59%2Cf60%2Cf61&klt=101&fqt=0&beg=20251201&end=20260717&lmt=1000&_=20260718140000
2026-01-21,创业板指,399006.SZ,0.399006,3277.98,3270.13,3329.5,3270.13,3295.52,17.54,0.54,239488784,656117027993.19,1.81,4.28,2.88308145,102.88308145,https://r.jina.ai/http://push2his.eastmoney.com/api/qt/stock/kline/get?secid=0.399006&ut=fa5fd1943c7b386f172d6893dbfba10b&fields1=f1%2Cf2%2Cf3%2Cf4%2Cf5%2Cf6&fields2=f51%2Cf52%2Cf53%2Cf54%2Cf55%2Cf56%2Cf57%2Cf58%2Cf59%2Cf60%2Cf61&klt=101&fqt=0&beg=20251201&end=20260717&lmt=1000&_=20260718140000
2026-01-21,半导体材料设备指数,931743.CSI,2.931743,6502.65,6453.29,6638.41,6438.12,6520.75,18.1,0.28,9546572,63175621141,3.08,5.58,26.63666836,126.63666836,https://r.jina.ai/http://push2his.eastmoney.com/api/qt/stock/kline/get?secid=2.931743&ut=fa5fd1943c7b386f172d6893dbfba10b&fields1=f1%2Cf2%2Cf3%2Cf4%2Cf5%2Cf6&fields2=f51%2Cf52%2Cf53%2Cf54%2Cf55%2Cf56%2Cf57%2Cf58%2Cf59%2Cf60%2Cf61&klt=101&fqt=0&beg=20251201&end=20260717&lmt=1000&_=20260718140000
2026-01-21,存储芯片概念,BK1137,90.BK1137,2425.27,2410.98,2507.6,2410.98,2493.92,68.65,2.83,47272992,198425628668,3.98,5.61,23.56905026,123.56905026,https://r.jina.ai/http://push2his.eastmoney.com/api/qt/stock/kline/get?secid=90.BK1137&ut=fa5fd1943c7b386f172d6893dbfba10b&fields1=f1%2Cf2%2Cf3%2Cf4%2Cf5%2Cf6&fields2=f51%2Cf52%2Cf53%2Cf54%2Cf55%2Cf56%2Cf57%2Cf58%2Cf59%2Cf60%2Cf61&klt=101&fqt=0&beg=20251201&end=20260717&lmt=1000&_=20260718140000
2026-01-21,科创50指数,000688.SH,1.000688,1482.99,1482.66,1546.05,1482.66,1535.39,52.4,3.53,14447414,117311199390,4.27,2.06,14.22332986,114.22332986,https://r.jina.ai/http://push2his.eastmoney.com/api/qt/stock/kline/get?secid=1.000688&ut=fa5fd1943c7b386f172d6893dbfba10b&fields1=f1%2Cf2%2Cf3%2Cf4%2Cf5%2Cf6&fields2=f51%2Cf52%2Cf53%2Cf54%2Cf55%2Cf56%2Cf57%2Cf58%2Cf59%2Cf60%2Cf61&klt=101&fqt=0&beg=20251201&end=20260717&lmt=1000&_=20260718140000
2026-01-22,CPO概念,BK1128,90.BK1128,5318.66,5362.94,5396.95,5312.14,5396.95,78.29,1.47,30228995,157668541692,1.59,3.79,7.80381402,107.80381402,https://r.jina.ai/http://push2his.eastmoney.com/api/qt/stock/kline/get?secid=90.BK1128&ut=fa5fd1943c7b386f172d6893dbfba10b&fields1=f1%2Cf2%2Cf3%2Cf4%2Cf5%2Cf6&fields2=f51%2Cf52%2Cf53%2Cf54%2Cf55%2Cf56%2Cf57%2Cf58%2Cf59%2Cf60%2Cf61&klt=101&fqt=0&beg=20251201&end=20260717&lmt=1000&_=20260718140000
2026-01-22,PCB概念,BK0877,90.BK0877,3017.22,3042.74,3076.26,3032.74,3076.1,58.88,1.95,44800207,122938596767,1.44,4.29,12.91506684,112.91506684,https://r.jina.ai/http://push2his.eastmoney.com/api/qt/stock/kline/get?secid=90.BK0877&ut=fa5fd1943c7b386f172d6893dbfba10b&fields1=f1%2Cf2%2Cf3%2Cf4%2Cf5%2Cf6&fields2=f51%2Cf52%2Cf53%2Cf54%2Cf55%2Cf56%2Cf57%2Cf58%2Cf59%2Cf60%2Cf61&klt=101&fqt=0&beg=20251201&end=20260717&lmt=1000&_=20260718140000
2026-01-22,上证指数,000001.SH,1.000001,4116.94,4126.07,4140.84,4109.92,4122.58,5.64,0.14,709695409,1201764210237.4,0.75,1.47,3.87367594,103.87367594,https://r.jina.ai/http://push2his.eastmoney.com/api/qt/stock/kline/get?secid=1.000001&ut=fa5fd1943c7b386f172d6893dbfba10b&fields1=f1%2Cf2%2Cf3%2Cf4%2Cf5%2Cf6&fields2=f51%2Cf52%2Cf53%2Cf54%2Cf55%2Cf56%2Cf57%2Cf58%2Cf59%2Cf60%2Cf61&klt=101&fqt=0&beg=20251201&end=20260717&lmt=1000&_=20260718140000
2026-01-22,创业板指,399006.SZ,0.399006,3295.52,3312.75,3337.27,3280.32,3328.65,33.13,1.01,244048571,686175753499.66,1.73,4.36,3.91736936,103.91736936,https://r.jina.ai/http://push2his.eastmoney.com/api/qt/stock/kline/get?secid=0.399006&ut=fa5fd1943c7b386f172d6893dbfba10b&fields1=f1%2Cf2%2Cf3%2Cf4%2Cf5%2Cf6&fields2=f51%2Cf52%2Cf53%2Cf54%2Cf55%2Cf56%2Cf57%2Cf58%2Cf59%2Cf60%2Cf61&klt=101&fqt=0&beg=20251201&end=20260717&lmt=1000&_=20260718140000
2026-01-22,半导体材料设备指数,931743.CSI,2.931743,6520.75,6604.77,6614.86,6314.23,6364.35,-156.4,-2.4,8628130,55790442920,4.61,5.04,23.59929154,123.59929154,https://r.jina.ai/http://push2his.eastmoney.com/api/qt/stock/kline/get?secid=2.931743&ut=fa5fd1943c7b386f172d6893dbfba10b&fields1=f1%2Cf2%2Cf3%2Cf4%2Cf5%2Cf6&fields2=f51%2Cf52%2Cf53%2Cf54%2Cf55%2Cf56%2Cf57%2Cf58%2Cf59%2Cf60%2Cf61&klt=101&fqt=0&beg=20251201&end=20260717&lmt=1000&_=20260718140000
2026-01-22,存储芯片概念,BK1137,90.BK1137,2493.92,2548.18,2553.97,2472.42,2488.24,-5.68,-0.23,52638145,221006507276,3.27,6.25,23.28761693,123.28761693,https://r.jina.ai/http://push2his.eastmoney.com/api/qt/stock/kline/get?secid=90.BK1137&ut=fa5fd1943c7b386f172d6893dbfba10b&fields1=f1%2Cf2%2Cf3%2Cf4%2Cf5%2Cf6&fields2=f51%2Cf52%2Cf53%2Cf54%2Cf55%2Cf56%2Cf57%2Cf58%2Cf59%2Cf60%2Cf61&klt=101&fqt=0&beg=20251201&end=20260717&lmt=1000&_=20260718140000
2026-01-22,科创50指数,000688.SH,1.000688,1535.39,1563.38,1574.97,1530.25,1541.64,6.25,0.41,15212194,114471734613,2.91,2.17,14.68829043,114.68829043,https://r.jina.ai/http://push2his.eastmoney.com/api/qt/stock/kline/get?secid=1.000688&ut=fa5fd1943c7b386f172d6893dbfba10b&fields1=f1%2Cf2%2Cf3%2Cf4%2Cf5%2Cf6&fields2=f51%2Cf52%2Cf53%2Cf54%2Cf55%2Cf56%2Cf57%2Cf58%2Cf59%2Cf60%2Cf61&klt=101&fqt=0&beg=20251201&end=20260717&lmt=1000&_=20260718140000
2026-01-23,CPO概念,BK1128,90.BK1128,5396.95,5396.81,5398.33,5346.01,5386.98,-9.97,-0.18,28636259,148929986777,0.97,3.59,7.60466375,107.60466375,https://r.jina.ai/http://push2his.eastmoney.com/api/qt/stock/kline/get?secid=90.BK1128&ut=fa5fd1943c7b386f172d6893dbfba10b&fields1=f1%2Cf2%2Cf3%2Cf4%2Cf5%2Cf6&fields2=f51%2Cf52%2Cf53%2Cf54%2Cf55%2Cf56%2Cf57%2Cf58%2Cf59%2Cf60%2Cf61&klt=101&fqt=0&beg=20251201&end=20260717&lmt=1000&_=20260718140000
2026-01-23,PCB概念,BK0877,90.BK0877,3076.1,3084.98,3099.2,3073.06,3099.2,23.1,0.75,45036668,122769252991,0.85,4.31,13.76300353,113.76300353,https://r.jina.ai/http://push2his.eastmoney.com/api/qt/stock/kline/get?secid=90.BK0877&ut=fa5fd1943c7b386f172d6893dbfba10b&fields1=f1%2Cf2%2Cf3%2Cf4%2Cf5%2Cf6&fields2=f51%2Cf52%2Cf53%2Cf54%2Cf55%2Cf56%2Cf57%2Cf58%2Cf59%2Cf60%2Cf61&klt=101&fqt=0&beg=20251201&end=20260717&lmt=1000&_=20260718140000
2026-01-23,上证指数,000001.SH,1.000001,4122.58,4130.11,4143.75,4120.2,4136.16,13.58,0.33,782115454,1336857054837.6,0.57,1.62,4.2158414,104.2158414,https://r.jina.ai/http://push2his.eastmoney.com/api/qt/stock/kline/get?secid=1.000001&ut=fa5fd1943c7b386f172d6893dbfba10b&fields1=f1%2Cf2%2Cf3%2Cf4%2Cf5%2Cf6&fields2=f51%2Cf52%2Cf53%2Cf54%2Cf55%2Cf56%2Cf57%2Cf58%2Cf59%2Cf60%2Cf61&klt=101&fqt=0&beg=20251201&end=20260717&lmt=1000&_=20260718140000
2026-01-23,创业板指,399006.SZ,0.399006,3328.65,3334.02,3349.5,3316.65,3349.5,20.85,0.63,304128627,822626759653.5,0.99,5.44,4.56828704,104.56828704,https://r.jina.ai/http://push2his.eastmoney.com/api/qt/stock/kline/get?secid=0.399006&ut=fa5fd1943c7b386f172d6893dbfba10b&fields1=f1%2Cf2%2Cf3%2Cf4%2Cf5%2Cf6&fields2=f51%2Cf52%2Cf53%2Cf54%2Cf55%2Cf56%2Cf57%2Cf58%2Cf59%2Cf60%2Cf61&klt=101&fqt=0&beg=20251201&end=20260717&lmt=1000&_=20260718140000
2026-01-23,半导体材料设备指数,931743.CSI,2.931743,6364.35,6349.33,6511.22,6265.86,6511.22,146.87,2.31,8836998,58612130722,3.86,5.16,26.45159035,126.45159035,https://r.jina.ai/http://push2his.eastmoney.com/api/qt/stock/kline/get?secid=2.931743&ut=fa5fd1943c7b386f172d6893dbfba10b&fields1=f1%2Cf2%2Cf3%2Cf4%2Cf5%2Cf6&fields2=f51%2Cf52%2Cf53%2Cf54%2Cf55%2Cf56%2Cf57%2Cf58%2Cf59%2Cf60%2Cf61&klt=101&fqt=0&beg=20251201&end=20260717&lmt=1000&_=20260718140000
2026-01-23,存储芯片概念,BK1137,90.BK1137,2488.24,2479.38,2522.06,2470.16,2522.06,33.82,1.36,53116744,200783173826,2.09,6.31,24.96333439,124.96333439,https://r.jina.ai/http://push2his.eastmoney.com/api/qt/stock/kline/get?secid=90.BK1137&ut=fa5fd1943c7b386f172d6893dbfba10b&fields1=f1%2Cf2%2Cf3%2Cf4%2Cf5%2Cf6&fields2=f51%2Cf52%2Cf53%2Cf54%2Cf55%2Cf56%2Cf57%2Cf58%2Cf59%2Cf60%2Cf61&klt=101&fqt=0&beg=20251201&end=20260717&lmt=1000&_=20260718140000
2026-01-23,科创50指数,000688.SH,1.000688,1541.64,1530.28,1553.71,1523.5,1553.71,12.07,0.78,21244687,110767211554,1.96,3.03,15.58622229,115.58622229,https://r.jina.ai/http://push2his.eastmoney.com/api/qt/stock/kline/get?secid=1.000688&ut=fa5fd1943c7b386f172d6893dbfba10b&fields1=f1%2Cf2%2Cf3%2Cf4%2Cf5%2Cf6&fields2=f51%2Cf52%2Cf53%2Cf54%2Cf55%2Cf56%2Cf57%2Cf58%2Cf59%2Cf60%2Cf61&klt=101&fqt=0&beg=20251201&end=20260717&lmt=1000&_=20260718140000
2026-01-26,CPO概念,BK1128,90.BK1128,5386.98,5380.22,5444.51,5351.27,5377.92,-9.06,-0.17,26291021,130062523970,1.73,3.3,7.42369069,107.42369069,https://r.jina.ai/http://push2his.eastmoney.com/api/qt/stock/kline/get?secid=90.BK1128&ut=fa5fd1943c7b386f172d6893dbfba10b&fields1=f1%2Cf2%2Cf3%2Cf4%2Cf5%2Cf6&fields2=f51%2Cf52%2Cf53%2Cf54%2Cf55%2Cf56%2Cf57%2Cf58%2Cf59%2Cf60%2Cf61&klt=101&fqt=0&beg=20251201&end=20260717&lmt=1000&_=20260718140000
2026-01-26,PCB概念,BK0877,90.BK0877,3099.2,3105.11,3118.17,3046.34,3069.6,-29.6,-0.96,43381456,109817736212,2.32,4.15,12.67646994,112.67646994,https://r.jina.ai/http://push2his.eastmoney.com/api/qt/stock/kline/get?secid=90.BK0877&ut=fa5fd1943c7b386f172d6893dbfba10b&fields1=f1%2Cf2%2Cf3%2Cf4%2Cf5%2Cf6&fields2=f51%2Cf52%2Cf53%2Cf54%2Cf55%2Cf56%2Cf57%2Cf58%2Cf59%2Cf60%2Cf61&klt=101&fqt=0&beg=20251201&end=20260717&lmt=1000&_=20260718140000
2026-01-26,上证指数,000001.SH,1.000001,4136.16,4144.78,4160.99,4124.7,4132.61,-3.55,-0.09,887439731,1451859840027.3,0.88,1.83,4.12639461,104.12639461,https://r.jina.ai/http://push2his.eastmoney.com/api/qt/stock/kline/get?secid=1.000001&ut=fa5fd1943c7b386f172d6893dbfba10b&fields1=f1%2Cf2%2Cf3%2Cf4%2Cf5%2Cf6&fields2=f51%2Cf52%2Cf53%2Cf54%2Cf55%2Cf56%2Cf57%2Cf58%2Cf59%2Cf60%2Cf61&klt=101&fqt=0&beg=20251201&end=20260717&lmt=1000&_=20260718140000
2026-01-26,创业板指,399006.SZ,0.399006,3349.5,3365.61,3367.99,3304.36,3319.15,-30.35,-0.91,326114075,845211177604.5,1.9,5.83,3.62078816,103.62078816,https://r.jina.ai/http://push2his.eastmoney.com/api/qt/stock/kline/get?secid=0.399006&ut=fa5fd1943c7b386f172d6893dbfba10b&fields1=f1%2Cf2%2Cf3%2Cf4%2Cf5%2Cf6&fields2=f51%2Cf52%2Cf53%2Cf54%2Cf55%2Cf56%2Cf57%2Cf58%2Cf59%2Cf60%2Cf61&klt=101&fqt=0&beg=20251201&end=20260717&lmt=1000&_=20260718140000
2026-01-26,半导体材料设备指数,931743.CSI,2.931743,6511.22,6447.47,6447.47,6207.08,6247.23,-263.99,-4.05,7883954,51633186095,3.69,4.6,21.32475462,121.32475462,https://r.jina.ai/http://push2his.eastmoney.com/api/qt/stock/kline/get?secid=2.931743&ut=fa5fd1943c7b386f172d6893dbfba10b&fields1=f1%2Cf2%2Cf3%2Cf4%2Cf5%2Cf6&fields2=f51%2Cf52%2Cf53%2Cf54%2Cf55%2Cf56%2Cf57%2Cf58%2Cf59%2Cf60%2Cf61&klt=101&fqt=0&beg=20251201&end=20260717&lmt=1000&_=20260718140000
2026-01-26,存储芯片概念,BK1137,90.BK1137,2522.06,2514.63,2527.73,2422.26,2442.29,-79.77,-3.16,45180777,175753285641,4.18,5.36,21.01088077,121.01088077,https://r.jina.ai/http://push2his.eastmoney.com/api/qt/stock/kline/get?secid=90.BK1137&ut=fa5fd1943c7b386f172d6893dbfba10b&fields1=f1%2Cf2%2Cf3%2Cf4%2Cf5%2Cf6&fields2=f51%2Cf52%2Cf53%2Cf54%2Cf55%2Cf56%2Cf57%2Cf58%2Cf59%2Cf60%2Cf61&klt=101&fqt=0&beg=20251201&end=20260717&lmt=1000&_=20260718140000
2026-01-26,科创50指数,000688.SH,1.000688,1553.71,1556.57,1575.45,1529.32,1532.8,-20.91,-1.35,21231612,108916689901,2.97,3.03,14.0306502,114.0306502,https://r.jina.ai/http://push2his.eastmoney.com/api/qt/stock/kline/get?secid=1.000688&ut=fa5fd1943c7b386f172d6893dbfba10b&fields1=f1%2Cf2%2Cf3%2Cf4%2Cf5%2Cf6&fields2=f51%2Cf52%2Cf53%2Cf54%2Cf55%2Cf56%2Cf57%2Cf58%2Cf59%2Cf60%2Cf61&klt=101&fqt=0&beg=20251201&end=20260717&lmt=1000&_=20260718140000
2026-01-27,CPO概念,BK1128,90.BK1128,5377.92,5350.46,5513.89,5253.22,5496.55,118.63,2.21,26491613,147732300713,4.85,3.32,9.79331918,109.79331918,https://r.jina.ai/http://push2his.eastmoney.com/api/qt/stock/kline/get?secid=90.BK1128&ut=fa5fd1943c7b386f172d6893dbfba10b&fields1=f1%2Cf2%2Cf3%2Cf4%2Cf5%2Cf6&fields2=f51%2Cf52%2Cf53%2Cf54%2Cf55%2Cf56%2Cf57%2Cf58%2Cf59%2Cf60%2Cf61&klt=101&fqt=0&beg=20251201&end=20260717&lmt=1000&_=20260718140000
2026-01-27,PCB概念,BK0877,90.BK0877,3069.6,3051.63,3113.31,2988.89,3106.68,37.08,1.21,42052358,115487330869,4.05,4.02,14.03757351,114.03757351,https://r.jina.ai/http://push2his.eastmoney.com/api/qt/stock/kline/get?secid=90.BK0877&ut=fa5fd1943c7b386f172d6893dbfba10b&fields1=f1%2Cf2%2Cf3%2Cf4%2Cf5%2Cf6&fields2=f51%2Cf52%2Cf53%2Cf54%2Cf55%2Cf56%2Cf57%2Cf58%2Cf59%2Cf60%2Cf61&klt=101&fqt=0&beg=20251201&end=20260717&lmt=1000&_=20260718140000
2026-01-27,上证指数,000001.SH,1.000001,4132.61,4125.22,4158.8,4101.83,4139.9,7.29,0.18,754990869,1289432378945.4,1.38,1.56,4.31007549,104.31007549,https://r.jina.ai/http://push2his.eastmoney.com/api/qt/stock/kline/get?secid=1.000001&ut=fa5fd1943c7b386f172d6893dbfba10b&fields1=f1%2Cf2%2Cf3%2Cf4%2Cf5%2Cf6&fields2=f51%2Cf52%2Cf53%2Cf54%2Cf55%2Cf56%2Cf57%2Cf58%2Cf59%2Cf60%2Cf61&klt=101&fqt=0&beg=20251201&end=20260717&lmt=1000&_=20260718140000
2026-01-27,创业板指,399006.SZ,0.399006,3319.15,3316.02,3366.68,3277.26,3342.6,23.45,0.71,275879502,750371809751.3,2.69,4.93,4.35287543,104.35287543,https://r.jina.ai/http://push2his.eastmoney.com/api/qt/stock/kline/get?secid=0.399006&ut=fa5fd1943c7b386f172d6893dbfba10b&fields1=f1%2Cf2%2Cf3%2Cf4%2Cf5%2Cf6&fields2=f51%2Cf52%2Cf53%2Cf54%2Cf55%2Cf56%2Cf57%2Cf58%2Cf59%2Cf60%2Cf61&klt=101&fqt=0&beg=20251201&end=20260717&lmt=1000&_=20260718140000
2026-01-27,半导体材料设备指数,931743.CSI,2.931743,6247.23,6223.63,6448.58,6203.57,6392.46,145.23,2.32,8375092,54817901979,3.92,4.89,24.1452037,124.1452037,https://r.jina.ai/http://push2his.eastmoney.com/api/qt/stock/kline/get?secid=2.931743&ut=fa5fd1943c7b386f172d6893dbfba10b&fields1=f1%2Cf2%2Cf3%2Cf4%2Cf5%2Cf6&fields2=f51%2Cf52%2Cf53%2Cf54%2Cf55%2Cf56%2Cf57%2Cf58%2Cf59%2Cf60%2Cf61&klt=101&fqt=0&beg=20251201&end=20260717&lmt=1000&_=20260718140000
2026-01-27,存储芯片概念,BK1137,90.BK1137,2442.29,2423.87,2517.61,2396.81,2511.39,69.1,2.83,45074838,185693577736,4.95,5.35,24.43465594,124.43465594,https://r.jina.ai/http://push2his.eastmoney.com/api/qt/stock/kline/get?secid=90.BK1137&ut=fa5fd1943c7b386f172d6893dbfba10b&fields1=f1%2Cf2%2Cf3%2Cf4%2Cf5%2Cf6&fields2=f51%2Cf52%2Cf53%2Cf54%2Cf55%2Cf56%2Cf57%2Cf58%2Cf59%2Cf60%2Cf61&klt=101&fqt=0&beg=20251201&end=20260717&lmt=1000&_=20260718140000
2026-01-27,科创50指数,000688.SH,1.000688,1532.8,1530.07,1562.58,1507.41,1555.98,23.18,1.51,19787281,102142695465,3.6,2.82,15.75509597,115.75509597,https://r.jina.ai/http://push2his.eastmoney.com/api/qt/stock/kline/get?secid=1.000688&ut=fa5fd1943c7b386f172d6893dbfba10b&fields1=f1%2Cf2%2Cf3%2Cf4%2Cf5%2Cf6&fields2=f51%2Cf52%2Cf53%2Cf54%2Cf55%2Cf56%2Cf57%2Cf58%2Cf59%2Cf60%2Cf61&klt=101&fqt=0&beg=20251201&end=20260717&lmt=1000&_=20260718140000
2026-01-28,CPO概念,BK1128,90.BK1128,5496.55,5594.72,5627.66,5472.23,5538.2,41.65,0.76,28730098,157737082321,2.83,3.61,10.6252759,110.6252759,https://r.jina.ai/http://push2his.eastmoney.com/api/qt/stock/kline/get?secid=90.BK1128&ut=fa5fd1943c7b386f172d6893dbfba10b&fields1=f1%2Cf2%2Cf3%2Cf4%2Cf5%2Cf6&fields2=f51%2Cf52%2Cf53%2Cf54%2Cf55%2Cf56%2Cf57%2Cf58%2Cf59%2Cf60%2Cf61&klt=101&fqt=0&beg=20251201&end=20260717&lmt=1000&_=20260718140000
2026-01-28,PCB概念,BK0877,90.BK0877,3106.68,3100.53,3113.22,3061.55,3078.4,-28.28,-0.91,36388956,106695032743,1.66,3.48,12.99949344,112.99949344,https://r.jina.ai/http://push2his.eastmoney.com/api/qt/stock/kline/get?secid=90.BK0877&ut=fa5fd1943c7b386f172d6893dbfba10b&fields1=f1%2Cf2%2Cf3%2Cf4%2Cf5%2Cf6&fields2=f51%2Cf52%2Cf53%2Cf54%2Cf55%2Cf56%2Cf57%2Cf58%2Cf59%2Cf60%2Cf61&klt=101&fqt=0&beg=20251201&end=20260717&lmt=1000&_=20260718140000
2026-01-28,上证指数,000001.SH,1.000001,4139.9,4150.22,4170.15,4138.02,4151.24,11.34,0.27,823026748,1365526057112,0.78,1.7,4.59580129,104.59580129,https://r.jina.ai/http://push2his.eastmoney.com/api/qt/stock/kline/get?secid=1.000001&ut=fa5fd1943c7b386f172d6893dbfba10b&fields1=f1%2Cf2%2Cf3%2Cf4%2Cf5%2Cf6&fields2=f51%2Cf52%2Cf53%2Cf54%2Cf55%2Cf56%2Cf57%2Cf58%2Cf59%2Cf60%2Cf61&klt=101&fqt=0&beg=20251201&end=20260717&lmt=1000&_=20260718140000
2026-01-28,创业板指,399006.SZ,0.399006,3342.6,3359.79,3361.14,3301.05,3323.56,-19.04,-0.57,267660982,749318476667.32,1.8,4.78,3.75846427,103.75846427,https://r.jina.ai/http://push2his.eastmoney.com/api/qt/stock/kline/get?secid=0.399006&ut=fa5fd1943c7b386f172d6893dbfba10b&fields1=f1%2Cf2%2Cf3%2Cf4%2Cf5%2Cf6&fields2=f51%2Cf52%2Cf53%2Cf54%2Cf55%2Cf56%2Cf57%2Cf58%2Cf59%2Cf60%2Cf61&klt=101&fqt=0&beg=20251201&end=20260717&lmt=1000&_=20260718140000
2026-01-28,半导体材料设备指数,931743.CSI,2.931743,6392.46,6447.41,6512.11,6341.89,6473.05,80.59,1.26,8524574,57190809114,2.66,4.98,25.71030727,125.71030727,https://r.jina.ai/http://push2his.eastmoney.com/api/qt/stock/kline/get?secid=2.931743&ut=fa5fd1943c7b386f172d6893dbfba10b&fields1=f1%2Cf2%2Cf3%2Cf4%2Cf5%2Cf6&fields2=f51%2Cf52%2Cf53%2Cf54%2Cf55%2Cf56%2Cf57%2Cf58%2Cf59%2Cf60%2Cf61&klt=101&fqt=0&beg=20251201&end=20260717&lmt=1000&_=20260718140000
2026-01-28,存储芯片概念,BK1137,90.BK1137,2511.39,2528.53,2564,2505,2530.61,19.22,0.77,45260433,198624595210,2.35,5.37,25.38697083,125.38697083,https://r.jina.ai/http://push2his.eastmoney.com/api/qt/stock/kline/get?secid=90.BK1137&ut=fa5fd1943c7b386f172d6893dbfba10b&fields1=f1%2Cf2%2Cf3%2Cf4%2Cf5%2Cf6&fields2=f51%2Cf52%2Cf53%2Cf54%2Cf55%2Cf56%2Cf57%2Cf58%2Cf59%2Cf60%2Cf61&klt=101&fqt=0&beg=20251201&end=20260717&lmt=1000&_=20260718140000
2026-01-28,科创50指数,000688.SH,1.000688,1555.98,1566.19,1569.44,1535.9,1554.8,-1.18,-0.08,15543610,104613183531,2.16,2.22,15.66731141,115.66731141,https://r.jina.ai/http://push2his.eastmoney.com/api/qt/stock/kline/get?secid=1.000688&ut=fa5fd1943c7b386f172d6893dbfba10b&fields1=f1%2Cf2%2Cf3%2Cf4%2Cf5%2Cf6&fields2=f51%2Cf52%2Cf53%2Cf54%2Cf55%2Cf56%2Cf57%2Cf58%2Cf59%2Cf60%2Cf61&klt=101&fqt=0&beg=20251201&end=20260717&lmt=1000&_=20260718140000
2026-01-29,CPO概念,BK1128,90.BK1128,5538.2,5504.22,5595.46,5416.03,5426.6,-111.6,-2.02,24716068,137328120988,3.24,3.1,8.39607133,108.39607133,https://r.jina.ai/http://push2his.eastmoney.com/api/qt/stock/kline/get?secid=90.BK1128&ut=fa5fd1943c7b386f172d6893dbfba10b&fields1=f1%2Cf2%2Cf3%2Cf4%2Cf5%2Cf6&fields2=f51%2Cf52%2Cf53%2Cf54%2Cf55%2Cf56%2Cf57%2Cf58%2Cf59%2Cf60%2Cf61&klt=101&fqt=0&beg=20251201&end=20260717&lmt=1000&_=20260718140000
2026-01-29,PCB概念,BK0877,90.BK0877,3078.4,3072.15,3080.23,2989.44,2991.42,-86.98,-2.83,40969920,112959832172,2.95,3.92,9.8066998,109.8066998,https://r.jina.ai/http://push2his.eastmoney.com/api/qt/stock/kline/get?secid=90.BK0877&ut=fa5fd1943c7b386f172d6893dbfba10b&fields1=f1%2Cf2%2Cf3%2Cf4%2Cf5%2Cf6&fields2=f51%2Cf52%2Cf53%2Cf54%2Cf55%2Cf56%2Cf57%2Cf58%2Cf59%2Cf60%2Cf61&klt=101&fqt=0&beg=20251201&end=20260717&lmt=1000&_=20260718140000
2026-01-29,上证指数,000001.SH,1.000001,4151.24,4155.92,4170.21,4138.3,4157.98,6.74,0.16,905908371,1485795395416.2,0.77,1.87,4.76562421,104.76562421,https://r.jina.ai/http://push2his.eastmoney.com/api/qt/stock/kline/get?secid=1.000001&ut=fa5fd1943c7b386f172d6893dbfba10b&fields1=f1%2Cf2%2Cf3%2Cf4%2Cf5%2Cf6&fields2=f51%2Cf52%2Cf53%2Cf54%2Cf55%2Cf56%2Cf57%2Cf58%2Cf59%2Cf60%2Cf61&klt=101&fqt=0&beg=20251201&end=20260717&lmt=1000&_=20260718140000
2026-01-29,创业板指,399006.SZ,0.399006,3323.56,3322.48,3356.48,3298.59,3304.51,-19.05,-0.57,304722689,795630015291.54,1.74,5.45,3.16374092,103.16374092,https://r.jina.ai/http://push2his.eastmoney.com/api/qt/stock/kline/get?secid=0.399006&ut=fa5fd1943c7b386f172d6893dbfba10b&fields1=f1%2Cf2%2Cf3%2Cf4%2Cf5%2Cf6&fields2=f51%2Cf52%2Cf53%2Cf54%2Cf55%2Cf56%2Cf57%2Cf58%2Cf59%2Cf60%2Cf61&klt=101&fqt=0&beg=20251201&end=20260717&lmt=1000&_=20260718140000
2026-01-29,半导体材料设备指数,931743.CSI,2.931743,6473.05,6411.13,6427.62,6175.48,6175.48,-297.57,-4.6,7514067,54477652221,3.9,4.39,19.93132887,119.93132887,https://r.jina.ai/http://push2his.eastmoney.com/api/qt/stock/kline/get?secid=2.931743&ut=fa5fd1943c7b386f172d6893dbfba10b&fields1=f1%2Cf2%2Cf3%2Cf4%2Cf5%2Cf6&fields2=f51%2Cf52%2Cf53%2Cf54%2Cf55%2Cf56%2Cf57%2Cf58%2Cf59%2Cf60%2Cf61&klt=101&fqt=0&beg=20251201&end=20260717&lmt=1000&_=20260718140000
2026-01-29,存储芯片概念,BK1137,90.BK1137,2530.61,2524.73,2557.73,2461.91,2461.97,-68.64,-2.71,50074213,183624191189,3.79,5.95,21.98598779,121.98598779,https://r.jina.ai/http://push2his.eastmoney.com/api/qt/stock/kline/get?secid=90.BK1137&ut=fa5fd1943c7b386f172d6893dbfba10b&fields1=f1%2Cf2%2Cf3%2Cf4%2Cf5%2Cf6&fields2=f51%2Cf52%2Cf53%2Cf54%2Cf55%2Cf56%2Cf57%2Cf58%2Cf59%2Cf60%2Cf61&klt=101&fqt=0&beg=20251201&end=20260717&lmt=1000&_=20260718140000
2026-01-29,科创50指数,000688.SH,1.000688,1554.8,1550.99,1560.64,1507.3,1507.64,-47.16,-3.03,16408344,98586261532,3.43,2.34,12.15890492,112.15890492,https://r.jina.ai/http://push2his.eastmoney.com/api/qt/stock/kline/get?secid=1.000688&ut=fa5fd1943c7b386f172d6893dbfba10b&fields1=f1%2Cf2%2Cf3%2Cf4%2Cf5%2Cf6&fields2=f51%2Cf52%2Cf53%2Cf54%2Cf55%2Cf56%2Cf57%2Cf58%2Cf59%2Cf60%2Cf61&klt=101&fqt=0&beg=20251201&end=20260717&lmt=1000&_=20260718140000
2026-01-30,CPO概念,BK1128,90.BK1128,5426.6,5387.98,5710.54,5352.72,5670.61,244.01,4.5,26119710,166422755335,6.59,3.28,13.27015922,113.27015922,https://r.jina.ai/http://push2his.eastmoney.com/api/qt/stock/kline/get?secid=90.BK1128&ut=fa5fd1943c7b386f172d6893dbfba10b&fields1=f1%2Cf2%2Cf3%2Cf4%2Cf5%2Cf6&fields2=f51%2Cf52%2Cf53%2Cf54%2Cf55%2Cf56%2Cf57%2Cf58%2Cf59%2Cf60%2Cf61&klt=101&fqt=0&beg=20251201&end=20260717&lmt=1000&_=20260718140000
2026-01-30,PCB概念,BK0877,90.BK0877,2991.42,2966.46,3031.49,2913.26,3013.15,21.73,0.73,33229435,97248145855,3.95,3.18,10.6043476,110.6043476,https://r.jina.ai/http://push2his.eastmoney.com/api/qt/stock/kline/get?secid=90.BK0877&ut=fa5fd1943c7b386f172d6893dbfba10b&fields1=f1%2Cf2%2Cf3%2Cf4%2Cf5%2Cf6&fields2=f51%2Cf52%2Cf53%2Cf54%2Cf55%2Cf56%2Cf57%2Cf58%2Cf59%2Cf60%2Cf61&klt=101&fqt=0&beg=20251201&end=20260717&lmt=1000&_=20260718140000
2026-01-30,上证指数,000001.SH,1.000001,4157.98,4131.99,4152.85,4064.78,4117.95,-40.03,-0.96,804342746,1269855689027.9,2.12,1.66,3.75701716,103.75701716,https://r.jina.ai/http://push2his.eastmoney.com/api/qt/stock/kline/get?secid=1.000001&ut=fa5fd1943c7b386f172d6893dbfba10b&fields1=f1%2Cf2%2Cf3%2Cf4%2Cf5%2Cf6&fields2=f51%2Cf52%2Cf53%2Cf54%2Cf55%2Cf56%2Cf57%2Cf58%2Cf59%2Cf60%2Cf61&klt=101&fqt=0&beg=20251201&end=20260717&lmt=1000&_=20260718140000
2026-01-30,创业板指,399006.SZ,0.399006,3304.51,3301.54,3369.24,3255.65,3346.36,41.85,1.27,270277334,730964128742.97,3.44,4.83,4.47025915,104.47025915,https://r.jina.ai/http://push2his.eastmoney.com/api/qt/stock/kline/get?secid=0.399006&ut=fa5fd1943c7b386f172d6893dbfba10b&fields1=f1%2Cf2%2Cf3%2Cf4%2Cf5%2Cf6&fields2=f51%2Cf52%2Cf53%2Cf54%2Cf55%2Cf56%2Cf57%2Cf58%2Cf59%2Cf60%2Cf61&klt=101&fqt=0&beg=20251201&end=20260717&lmt=1000&_=20260718140000
2026-01-30,半导体材料设备指数,931743.CSI,2.931743,6175.48,6141.17,6238.02,6001.46,6174.45,-1.03,-0.02,6490022,44138030512,3.83,3.79,19.91132569,119.91132569,https://r.jina.ai/http://push2his.eastmoney.com/api/qt/stock/kline/get?secid=2.931743&ut=fa5fd1943c7b386f172d6893dbfba10b&fields1=f1%2Cf2%2Cf3%2Cf4%2Cf5%2Cf6&fields2=f51%2Cf52%2Cf53%2Cf54%2Cf55%2Cf56%2Cf57%2Cf58%2Cf59%2Cf60%2Cf61&klt=101&fqt=0&beg=20251201&end=20260717&lmt=1000&_=20260718140000
2026-01-30,存储芯片概念,BK1137,90.BK1137,2461.97,2451.66,2506.97,2412.74,2483.32,21.35,0.87,47363257,180486596044,3.83,5.62,23.04384018,123.04384018,https://r.jina.ai/http://push2his.eastmoney.com/api/qt/stock/kline/get?secid=90.BK1137&ut=fa5fd1943c7b386f172d6893dbfba10b&fields1=f1%2Cf2%2Cf3%2Cf4%2Cf5%2Cf6&fields2=f51%2Cf52%2Cf53%2Cf54%2Cf55%2Cf56%2Cf57%2Cf58%2Cf59%2Cf60%2Cf61&klt=101&fqt=0&beg=20251201&end=20260717&lmt=1000&_=20260718140000
2026-01-30,科创50指数,000688.SH,1.000688,1507.64,1501.51,1522.33,1465.32,1509.4,1.76,0.12,14865583,92994626166,3.78,2.12,12.28983782,112.28983782,https://r.jina.ai/http://push2his.eastmoney.com/api/qt/stock/kline/get?secid=1.000688&ut=fa5fd1943c7b386f172d6893dbfba10b&fields1=f1%2Cf2%2Cf3%2Cf4%2Cf5%2Cf6&fields2=f51%2Cf52%2Cf53%2Cf54%2Cf55%2Cf56%2Cf57%2Cf58%2Cf59%2Cf60%2Cf61&klt=101&fqt=0&beg=20251201&end=20260717&lmt=1000&_=20260718140000
2026-02-02,CPO概念,BK1128,90.BK1128,5670.61,5661.33,5769.1,5520.05,5520.45,-150.16,-2.65,25074219,182032682744,4.39,3.15,10.27072052,110.27072052,https://r.jina.ai/http://push2his.eastmoney.com/api/qt/stock/kline/get?secid=90.BK1128&ut=fa5fd1943c7b386f172d6893dbfba10b&fields1=f1%2Cf2%2Cf3%2Cf4%2Cf5%2Cf6&fields2=f51%2Cf52%2Cf53%2Cf54%2Cf55%2Cf56%2Cf57%2Cf58%2Cf59%2Cf60%2Cf61&klt=101&fqt=0&beg=20251201&end=20260717&lmt=1000&_=20260718140000
2026-02-02,PCB概念,BK0877,90.BK0877,3013.15,2994.82,3032.56,2935.3,2935.43,-77.72,-2.58,28564086,90198915743,3.23,2.73,7.75146278,107.75146278,https://r.jina.ai/http://push2his.eastmoney.com/api/qt/stock/kline/get?secid=90.BK0877&ut=fa5fd1943c7b386f172d6893dbfba10b&fields1=f1%2Cf2%2Cf3%2Cf4%2Cf5%2Cf6&fields2=f51%2Cf52%2Cf53%2Cf54%2Cf55%2Cf56%2Cf57%2Cf58%2Cf59%2Cf60%2Cf61&klt=101&fqt=0&beg=20251201&end=20260717&lmt=1000&_=20260718140000
2026-02-02,上证指数,000001.SH,1.000001,4117.95,4079.71,4103.41,4013.66,4015.75,-102.2,-2.48,732953698,1163532654161.8,2.18,1.52,1.18195745,101.18195745,https://r.jina.ai/http://push2his.eastmoney.com/api/qt/stock/kline/get?secid=1.000001&ut=fa5fd1943c7b386f172d6893dbfba10b&fields1=f1%2Cf2%2Cf3%2Cf4%2Cf5%2Cf6&fields2=f51%2Cf52%2Cf53%2Cf54%2Cf55%2Cf56%2Cf57%2Cf58%2Cf59%2Cf60%2Cf61&klt=101&fqt=0&beg=20251201&end=20260717&lmt=1000&_=20260718140000
2026-02-02,创业板指,399006.SZ,0.399006,3346.36,3368.14,3390.3,3262.12,3264.11,-82.25,-2.46,245886883,681865659272.28,3.83,4.4,1.90249035,101.90249035,https://r.jina.ai/http://push2his.eastmoney.com/api/qt/stock/kline/get?secid=0.399006&ut=fa5fd1943c7b386f172d6893dbfba10b&fields1=f1%2Cf2%2Cf3%2Cf4%2Cf5%2Cf6&fields2=f51%2Cf52%2Cf53%2Cf54%2Cf55%2Cf56%2Cf57%2Cf58%2Cf59%2Cf60%2Cf61&klt=101&fqt=0&beg=20251201&end=20260717&lmt=1000&_=20260718140000
2026-02-02,半导体材料设备指数,931743.CSI,2.931743,6174.45,6087.19,6102.58,5858.43,5858.49,-315.96,-5.12,5921605,42047447448,3.95,3.46,13.77520304,113.77520304,https://r.jina.ai/http://push2his.eastmoney.com/api/qt/stock/kline/get?secid=2.931743&ut=fa5fd1943c7b386f172d6893dbfba10b&fields1=f1%2Cf2%2Cf3%2Cf4%2Cf5%2Cf6&fields2=f51%2Cf52%2Cf53%2Cf54%2Cf55%2Cf56%2Cf57%2Cf58%2Cf59%2Cf60%2Cf61&klt=101&fqt=0&beg=20251201&end=20260717&lmt=1000&_=20260718140000
2026-02-02,存储芯片概念,BK1137,90.BK1137,2483.32,2443.3,2456.14,2347.93,2347.93,-135.39,-5.45,36945196,160002745803,4.36,4.39,16.33552006,116.33552006,https://r.jina.ai/http://push2his.eastmoney.com/api/qt/stock/kline/get?secid=90.BK1137&ut=fa5fd1943c7b386f172d6893dbfba10b&fields1=f1%2Cf2%2Cf3%2Cf4%2Cf5%2Cf6&fields2=f51%2Cf52%2Cf53%2Cf54%2Cf55%2Cf56%2Cf57%2Cf58%2Cf59%2Cf60%2Cf61&klt=101&fqt=0&beg=20251201&end=20260717&lmt=1000&_=20260718140000
2026-02-02,科创50指数,000688.SH,1.000688,1509.4,1492.81,1508.54,1450.1,1450.9,-58.5,-3.88,13153967,86595572659,3.87,1.88,7.93780687,107.93780687,https://r.jina.ai/http://push2his.eastmoney.com/api/qt/stock/kline/get?secid=1.000688&ut=fa5fd1943c7b386f172d6893dbfba10b&fields1=f1%2Cf2%2Cf3%2Cf4%2Cf5%2Cf6&fields2=f51%2Cf52%2Cf53%2Cf54%2Cf55%2Cf56%2Cf57%2Cf58%2Cf59%2Cf60%2Cf61&klt=101&fqt=0&beg=20251201&end=20260717&lmt=1000&_=20260718140000
2026-02-03,CPO概念,BK1128,90.BK1128,5520.45,5639.46,5842.88,5631.05,5842.41,321.96,5.83,23034467,175027887395,3.84,2.89,16.70185587,116.70185587,https://r.jina.ai/http://push2his.eastmoney.com/api/qt/stock/kline/get?secid=90.BK1128&ut=fa5fd1943c7b386f172d6893dbfba10b&fields1=f1%2Cf2%2Cf3%2Cf4%2Cf5%2Cf6&fields2=f51%2Cf52%2Cf53%2Cf54%2Cf55%2Cf56%2Cf57%2Cf58%2Cf59%2Cf60%2Cf61&klt=101&fqt=0&beg=20251201&end=20260717&lmt=1000&_=20260718140000
2026-02-03,PCB概念,BK0877,90.BK0877,2935.43,2971.27,3026.73,2952.35,3026.34,90.91,3.1,26855152,86922203355,2.53,2.57,11.08851578,111.08851578,https://r.jina.ai/http://push2his.eastmoney.com/api/qt/stock/kline/get?secid=90.BK0877&ut=fa5fd1943c7b386f172d6893dbfba10b&fields1=f1%2Cf2%2Cf3%2Cf4%2Cf5%2Cf6&fields2=f51%2Cf52%2Cf53%2Cf54%2Cf55%2Cf56%2Cf57%2Cf58%2Cf59%2Cf60%2Cf61&klt=101&fqt=0&beg=20251201&end=20260717&lmt=1000&_=20260718140000
2026-02-03,上证指数,000001.SH,1.000001,4015.75,4043.91,4069.42,4002.78,4067.74,51.99,1.29,637684249,1110720213016.3,1.66,1.32,2.49191199,102.49191199,https://r.jina.ai/http://push2his.eastmoney.com/api/qt/stock/kline/get?secid=1.000001&ut=fa5fd1943c7b386f172d6893dbfba10b&fields1=f1%2Cf2%2Cf3%2Cf4%2Cf5%2Cf6&fields2=f51%2Cf52%2Cf53%2Cf54%2Cf55%2Cf56%2Cf57%2Cf58%2Cf59%2Cf60%2Cf61&klt=101&fqt=0&beg=20251201&end=20260717&lmt=1000&_=20260718140000
2026-02-03,创业板指,399006.SZ,0.399006,3264.11,3318.06,3332.48,3249.06,3324.89,60.78,1.86,236713739,681737608018.42,2.56,4.23,3.79998564,103.79998564,https://r.jina.ai/http://push2his.eastmoney.com/api/qt/stock/kline/get?secid=0.399006&ut=fa5fd1943c7b386f172d6893dbfba10b&fields1=f1%2Cf2%2Cf3%2Cf4%2Cf5%2Cf6&fields2=f51%2Cf52%2Cf53%2Cf54%2Cf55%2Cf56%2Cf57%2Cf58%2Cf59%2Cf60%2Cf61&klt=101&fqt=0&beg=20251201&end=20260717&lmt=1000&_=20260718140000
2026-02-03,半导体材料设备指数,931743.CSI,2.931743,5858.49,5979.23,6060.12,5925.61,6052.9,194.41,3.32,4931763,36359667094,2.3,2.88,17.55075565,117.55075565,https://r.jina.ai/http://push2his.eastmoney.com/api/qt/stock/kline/get?secid=2.931743&ut=fa5fd1943c7b386f172d6893dbfba10b&fields1=f1%2Cf2%2Cf3%2Cf4%2Cf5%2Cf6&fields2=f51%2Cf52%2Cf53%2Cf54%2Cf55%2Cf56%2Cf57%2Cf58%2Cf59%2Cf60%2Cf61&klt=101&fqt=0&beg=20251201&end=20260717&lmt=1000&_=20260718140000
2026-02-03,存储芯片概念,BK1137,90.BK1137,2347.93,2398.23,2432.31,2376.84,2432.26,84.33,3.59,36007883,142556481137,2.36,4.28,20.51391311,120.51391311,https://r.jina.ai/http://push2his.eastmoney.com/api/qt/stock/kline/get?secid=90.BK1137&ut=fa5fd1943c7b386f172d6893dbfba10b&fields1=f1%2Cf2%2Cf3%2Cf4%2Cf5%2Cf6&fields2=f51%2Cf52%2Cf53%2Cf54%2Cf55%2Cf56%2Cf57%2Cf58%2Cf59%2Cf60%2Cf61&klt=101&fqt=0&beg=20251201&end=20260717&lmt=1000&_=20260718140000
2026-02-03,科创50指数,000688.SH,1.000688,1450.9,1475.57,1478.05,1430,1471.07,20.17,1.39,13891459,98826244308,3.31,1.98,9.43832763,109.43832763,https://r.jina.ai/http://push2his.eastmoney.com/api/qt/stock/kline/get?secid=1.000688&ut=fa5fd1943c7b386f172d6893dbfba10b&fields1=f1%2Cf2%2Cf3%2Cf4%2Cf5%2Cf6&fields2=f51%2Cf52%2Cf53%2Cf54%2Cf55%2Cf56%2Cf57%2Cf58%2Cf59%2Cf60%2Cf61&klt=101&fqt=0&beg=20251201&end=20260717&lmt=1000&_=20260718140000
2026-02-04,CPO概念,BK1128,90.BK1128,5842.41,5796.11,5837.13,5657.98,5771.43,-70.98,-1.21,22841643,161924513891,3.07,2.87,15.28403382,115.28403382,https://r.jina.ai/http://push2his.eastmoney.com/api/qt/stock/kline/get?secid=90.BK1128&ut=fa5fd1943c7b386f172d6893dbfba10b&fields1=f1%2Cf2%2Cf3%2Cf4%2Cf5%2Cf6&fields2=f51%2Cf52%2Cf53%2Cf54%2Cf55%2Cf56%2Cf57%2Cf58%2Cf59%2Cf60%2Cf61&klt=101&fqt=0&beg=20251201&end=20260717&lmt=1000&_=20260718140000
2026-02-04,PCB概念,BK0877,90.BK0877,3026.34,3007.55,3019.61,2972.91,3012.61,-13.73,-0.45,36556781,89360479790,1.54,3.5,10.58452571,110.58452571,https://r.jina.ai/http://push2his.eastmoney.com/api/qt/stock/kline/get?secid=90.BK0877&ut=fa5fd1943c7b386f172d6893dbfba10b&fields1=f1%2Cf2%2Cf3%2Cf4%2Cf5%2Cf6&fields2=f51%2Cf52%2Cf53%2Cf54%2Cf55%2Cf56%2Cf57%2Cf58%2Cf59%2Cf60%2Cf61&klt=101&fqt=0&beg=20251201&end=20260717&lmt=1000&_=20260718140000
2026-02-04,上证指数,000001.SH,1.000001,4067.74,4064.68,4104.62,4062.68,4102.2,34.46,0.85,674254244,1063544769928.3,1.03,1.39,3.36017577,103.36017577,https://r.jina.ai/http://push2his.eastmoney.com/api/qt/stock/kline/get?secid=1.000001&ut=fa5fd1943c7b386f172d6893dbfba10b&fields1=f1%2Cf2%2Cf3%2Cf4%2Cf5%2Cf6&fields2=f51%2Cf52%2Cf53%2Cf54%2Cf55%2Cf56%2Cf57%2Cf58%2Cf59%2Cf60%2Cf61&klt=101&fqt=0&beg=20251201&end=20260717&lmt=1000&_=20260718140000
2026-02-04,创业板指,399006.SZ,0.399006,3324.89,3298.32,3318.9,3244.71,3311.51,-13.38,-0.4,245288715,680872558372.45,2.23,4.39,3.38227443,103.38227443,https://r.jina.ai/http://push2his.eastmoney.com/api/qt/stock/kline/get?secid=0.399006&ut=fa5fd1943c7b386f172d6893dbfba10b&fields1=f1%2Cf2%2Cf3%2Cf4%2Cf5%2Cf6&fields2=f51%2Cf52%2Cf53%2Cf54%2Cf55%2Cf56%2Cf57%2Cf58%2Cf59%2Cf60%2Cf61&klt=101&fqt=0&beg=20251201&end=20260717&lmt=1000&_=20260718140000
2026-02-04,半导体材料设备指数,931743.CSI,2.931743,6052.9,5990.32,6089.42,5939.61,6028.43,-24.47,-0.4,3988570,27861684184,2.48,2.33,17.07553436,117.07553436,https://r.jina.ai/http://push2his.eastmoney.com/api/qt/stock/kline/get?secid=2.931743&ut=fa5fd1943c7b386f172d6893dbfba10b&fields1=f1%2Cf2%2Cf3%2Cf4%2Cf5%2Cf6&fields2=f51%2Cf52%2Cf53%2Cf54%2Cf55%2Cf56%2Cf57%2Cf58%2Cf59%2Cf60%2Cf61&klt=101&fqt=0&beg=20251201&end=20260717&lmt=1000&_=20260718140000
2026-02-04,存储芯片概念,BK1137,90.BK1137,2432.26,2402.88,2402.88,2356.7,2390.78,-41.48,-1.71,33188754,124392037118,1.9,3.94,18.45865705,118.45865705,https://r.jina.ai/http://push2his.eastmoney.com/api/qt/stock/kline/get?secid=90.BK1137&ut=fa5fd1943c7b386f172d6893dbfba10b&fields1=f1%2Cf2%2Cf3%2Cf4%2Cf5%2Cf6&fields2=f51%2Cf52%2Cf53%2Cf54%2Cf55%2Cf56%2Cf57%2Cf58%2Cf59%2Cf60%2Cf61&klt=101&fqt=0&beg=20251201&end=20260717&lmt=1000&_=20260718140000
2026-02-04,科创50指数,000688.SH,1.000688,1471.07,1452.98,1455.12,1432.6,1453.48,-17.59,-1.2,15639050,76593068050,1.53,2.23,8.1297426,108.1297426,https://r.jina.ai/http://push2his.eastmoney.com/api/qt/stock/kline/get?secid=1.000688&ut=fa5fd1943c7b386f172d6893dbfba10b&fields1=f1%2Cf2%2Cf3%2Cf4%2Cf5%2Cf6&fields2=f51%2Cf52%2Cf53%2Cf54%2Cf55%2Cf56%2Cf57%2Cf58%2Cf59%2Cf60%2Cf61&klt=101&fqt=0&beg=20251201&end=20260717&lmt=1000&_=20260718140000
2026-02-05,CPO概念,BK1128,90.BK1128,5771.43,5649.07,5708.62,5505.16,5557.2,-214.23,-3.71,19551905,121621105931,3.53,2.45,11.00479998,111.00479998,https://r.jina.ai/http://push2his.eastmoney.com/api/qt/stock/kline/get?secid=90.BK1128&ut=fa5fd1943c7b386f172d6893dbfba10b&fields1=f1%2Cf2%2Cf3%2Cf4%2Cf5%2Cf6&fields2=f51%2Cf52%2Cf53%2Cf54%2Cf55%2Cf56%2Cf57%2Cf58%2Cf59%2Cf60%2Cf61&klt=101&fqt=0&beg=20251201&end=20260717&lmt=1000&_=20260718140000
2026-02-05,PCB概念,BK0877,90.BK0877,3012.61,2980.78,3004.95,2931.29,2944.87,-67.74,-2.25,29544509,75635847778,2.45,2.83,8.0979789,108.0979789,https://r.jina.ai/http://push2his.eastmoney.com/api/qt/stock/kline/get?secid=90.BK0877&ut=fa5fd1943c7b386f172d6893dbfba10b&fields1=f1%2Cf2%2Cf3%2Cf4%2Cf5%2Cf6&fields2=f51%2Cf52%2Cf53%2Cf54%2Cf55%2Cf56%2Cf57%2Cf58%2Cf59%2Cf60%2Cf61&klt=101&fqt=0&beg=20251201&end=20260717&lmt=1000&_=20260718140000
2026-02-05,上证指数,000001.SH,1.000001,4102.2,4075.03,4088.9,4048.94,4075.92,-26.28,-0.64,596722236,946988891270.6,0.97,1.23,2.69801756,102.69801756,https://r.jina.ai/http://push2his.eastmoney.com/api/qt/stock/kline/get?secid=1.000001&ut=fa5fd1943c7b386f172d6893dbfba10b&fields1=f1%2Cf2%2Cf3%2Cf4%2Cf5%2Cf6&fields2=f51%2Cf52%2Cf53%2Cf54%2Cf55%2Cf56%2Cf57%2Cf58%2Cf59%2Cf60%2Cf61&klt=101&fqt=0&beg=20251201&end=20260717&lmt=1000&_=20260718140000
2026-02-05,创业板指,399006.SZ,0.399006,3311.51,3277.72,3288.38,3238.78,3260.28,-51.23,-1.55,215234082,558915728580.92,1.5,3.85,1.78292129,101.78292129,https://r.jina.ai/http://push2his.eastmoney.com/api/qt/stock/kline/get?secid=0.399006&ut=fa5fd1943c7b386f172d6893dbfba10b&fields1=f1%2Cf2%2Cf3%2Cf4%2Cf5%2Cf6&fields2=f51%2Cf52%2Cf53%2Cf54%2Cf55%2Cf56%2Cf57%2Cf58%2Cf59%2Cf60%2Cf61&klt=101&fqt=0&beg=20251201&end=20260717&lmt=1000&_=20260718140000
2026-02-05,半导体材料设备指数,931743.CSI,2.931743,6028.43,5899.29,6078.74,5819.2,6019.23,-9.2,-0.15,4559954,34290176190,4.31,2.66,16.89686513,116.89686513,https://r.jina.ai/http://push2his.eastmoney.com/api/qt/stock/kline/get?secid=2.931743&ut=fa5fd1943c7b386f172d6893dbfba10b&fields1=f1%2Cf2%2Cf3%2Cf4%2Cf5%2Cf6&fields2=f51%2Cf52%2Cf53%2Cf54%2Cf55%2Cf56%2Cf57%2Cf58%2Cf59%2Cf60%2Cf61&klt=101&fqt=0&beg=20251201&end=20260717&lmt=1000&_=20260718140000
2026-02-05,存储芯片概念,BK1137,90.BK1137,2390.78,2342.06,2366.12,2316.6,2351.37,-39.41,-1.65,28040891,103846403945,2.07,3.33,16.50596559,116.50596559,https://r.jina.ai/http://push2his.eastmoney.com/api/qt/stock/kline/get?secid=90.BK1137&ut=fa5fd1943c7b386f172d6893dbfba10b&fields1=f1%2Cf2%2Cf3%2Cf4%2Cf5%2Cf6&fields2=f51%2Cf52%2Cf53%2Cf54%2Cf55%2Cf56%2Cf57%2Cf58%2Cf59%2Cf60%2Cf61&klt=101&fqt=0&beg=20251201&end=20260717&lmt=1000&_=20260718140000
2026-02-05,科创50指数,000688.SH,1.000688,1453.48,1423.66,1441.16,1416.26,1432.52,-20.96,-1.44,15199278,67731466062,1.71,2.17,6.57045083,106.57045083,https://r.jina.ai/http://push2his.eastmoney.com/api/qt/stock/kline/get?secid=1.000688&ut=fa5fd1943c7b386f172d6893dbfba10b&fields1=f1%2Cf2%2Cf3%2Cf4%2Cf5%2Cf6&fields2=f51%2Cf52%2Cf53%2Cf54%2Cf55%2Cf56%2Cf57%2Cf58%2Cf59%2Cf60%2Cf61&klt=101&fqt=0&beg=20251201&end=20260717&lmt=1000&_=20260718140000
2026-02-06,CPO概念,BK1128,90.BK1128,5557.2,5484.75,5690.28,5484.75,5578.23,21.03,0.38,19697500,126885764501,3.7,2.47,11.42487321,111.42487321,https://r.jina.ai/http://push2his.eastmoney.com/api/qt/stock/kline/get?secid=90.BK1128&ut=fa5fd1943c7b386f172d6893dbfba10b&fields1=f1%2Cf2%2Cf3%2Cf4%2Cf5%2Cf6&fields2=f51%2Cf52%2Cf53%2Cf54%2Cf55%2Cf56%2Cf57%2Cf58%2Cf59%2Cf60%2Cf61&klt=101&fqt=0&beg=20251201&end=20260717&lmt=1000&_=20260718140000
2026-02-06,PCB概念,BK0877,90.BK0877,2944.87,2914.23,3000.27,2899.49,2952.19,7.32,0.25,29880879,86958794666,3.42,2.86,8.36667572,108.36667572,https://r.jina.ai/http://push2his.eastmoney.com/api/qt/stock/kline/get?secid=90.BK0877&ut=fa5fd1943c7b386f172d6893dbfba10b&fields1=f1%2Cf2%2Cf3%2Cf4%2Cf5%2Cf6&fields2=f51%2Cf52%2Cf53%2Cf54%2Cf55%2Cf56%2Cf57%2Cf58%2Cf59%2Cf60%2Cf61&klt=101&fqt=0&beg=20251201&end=20260717&lmt=1000&_=20260718140000
2026-02-06,上证指数,000001.SH,1.000001,4075.92,4040.3,4095.03,4029.97,4065.58,-10.34,-0.25,556709801,898655032959,1.6,1.15,2.43748803,102.43748803,https://r.jina.ai/http://push2his.eastmoney.com/api/qt/stock/kline/get?secid=1.000001&ut=fa5fd1943c7b386f172d6893dbfba10b&fields1=f1%2Cf2%2Cf3%2Cf4%2Cf5%2Cf6&fields2=f51%2Cf52%2Cf53%2Cf54%2Cf55%2Cf56%2Cf57%2Cf58%2Cf59%2Cf60%2Cf61&klt=101&fqt=0&beg=20251201&end=20260717&lmt=1000&_=20260718140000
2026-02-06,创业板指,399006.SZ,0.399006,3260.28,3222.88,3288.03,3199.14,3236.46,-23.82,-0.73,218119516,566546632643.1,2.73,3.9,1.03928296,101.03928296,https://r.jina.ai/http://push2his.eastmoney.com/api/qt/stock/kline/get?secid=0.399006&ut=fa5fd1943c7b386f172d6893dbfba10b&fields1=f1%2Cf2%2Cf3%2Cf4%2Cf5%2Cf6&fields2=f51%2Cf52%2Cf53%2Cf54%2Cf55%2Cf56%2Cf57%2Cf58%2Cf59%2Cf60%2Cf61&klt=101&fqt=0&beg=20251201&end=20260717&lmt=1000&_=20260718140000
2026-02-06,半导体材料设备指数,931743.CSI,2.931743,6019.23,5971.91,6089.23,5946.37,5981.96,-37.27,-0.62,4253034,34420271937,2.37,2.48,16.17306056,116.17306056,https://r.jina.ai/http://push2his.eastmoney.com/api/qt/stock/kline/get?secid=2.931743&ut=fa5fd1943c7b386f172d6893dbfba10b&fields1=f1%2Cf2%2Cf3%2Cf4%2Cf5%2Cf6&fields2=f51%2Cf52%2Cf53%2Cf54%2Cf55%2Cf56%2Cf57%2Cf58%2Cf59%2Cf60%2Cf61&klt=101&fqt=0&beg=20251201&end=20260717&lmt=1000&_=20260718140000
2026-02-06,存储芯片概念,BK1137,90.BK1137,2351.37,2323.42,2365.6,2309.79,2333.64,-17.73,-0.75,25151706,99120362748,2.37,2.99,15.62747741,115.62747741,https://r.jina.ai/http://push2his.eastmoney.com/api/qt/stock/kline/get?secid=90.BK1137&ut=fa5fd1943c7b386f172d6893dbfba10b&fields1=f1%2Cf2%2Cf3%2Cf4%2Cf5%2Cf6&fields2=f51%2Cf52%2Cf53%2Cf54%2Cf55%2Cf56%2Cf57%2Cf58%2Cf59%2Cf60%2Cf61&klt=101&fqt=0&beg=20251201&end=20260717&lmt=1000&_=20260718140000
2026-02-06,科创50指数,000688.SH,1.000688,1432.52,1415.05,1440.81,1405.87,1422.41,-10.11,-0.71,13035099,62257704857,2.44,1.86,5.81833061,105.81833061,https://r.jina.ai/http://push2his.eastmoney.com/api/qt/stock/kline/get?secid=1.000688&ut=fa5fd1943c7b386f172d6893dbfba10b&fields1=f1%2Cf2%2Cf3%2Cf4%2Cf5%2Cf6&fields2=f51%2Cf52%2Cf53%2Cf54%2Cf55%2Cf56%2Cf57%2Cf58%2Cf59%2Cf60%2Cf61&klt=101&fqt=0&beg=20251201&end=20260717&lmt=1000&_=20260718140000
2026-02-09,CPO概念,BK1128,90.BK1128,5578.23,5750.74,5979,5661.34,5923.63,345.4,6.19,23212670,161296075738,5.69,2.91,18.32422143,118.32422143,https://r.jina.ai/http://push2his.eastmoney.com/api/qt/stock/kline/get?secid=90.BK1128&ut=fa5fd1943c7b386f172d6893dbfba10b&fields1=f1%2Cf2%2Cf3%2Cf4%2Cf5%2Cf6&fields2=f51%2Cf52%2Cf53%2Cf54%2Cf55%2Cf56%2Cf57%2Cf58%2Cf59%2Cf60%2Cf61&klt=101&fqt=0&beg=20251201&end=20260717&lmt=1000&_=20260718140000
2026-02-09,PCB概念,BK0877,90.BK0877,2952.19,3000.55,3033.56,2985.52,3032.15,79.96,2.71,28798432,84971859523,1.63,2.75,11.3017847,111.3017847,https://r.jina.ai/http://push2his.eastmoney.com/api/qt/stock/kline/get?secid=90.BK0877&ut=fa5fd1943c7b386f172d6893dbfba10b&fields1=f1%2Cf2%2Cf3%2Cf4%2Cf5%2Cf6&fields2=f51%2Cf52%2Cf53%2Cf54%2Cf55%2Cf56%2Cf57%2Cf58%2Cf59%2Cf60%2Cf61&klt=101&fqt=0&beg=20251201&end=20260717&lmt=1000&_=20260718140000
2026-02-09,上证指数,000001.SH,1.000001,4065.58,4103.54,4123.16,4093.06,4123.09,57.51,1.41,572632582,949726335965.8,0.74,1.18,3.88652604,103.88652604,https://r.jina.ai/http://push2his.eastmoney.com/api/qt/stock/kline/get?secid=1.000001&ut=fa5fd1943c7b386f172d6893dbfba10b&fields1=f1%2Cf2%2Cf3%2Cf4%2Cf5%2Cf6&fields2=f51%2Cf52%2Cf53%2Cf54%2Cf55%2Cf56%2Cf57%2Cf58%2Cf59%2Cf60%2Cf61&klt=101&fqt=0&beg=20251201&end=20260717&lmt=1000&_=20260718140000
2026-02-09,创业板指,399006.SZ,0.399006,3236.46,3299.6,3340.33,3276.57,3332.77,96.31,2.98,242919658,644485727297.12,1.97,4.34,4.04599194,104.04599194,https://r.jina.ai/http://push2his.eastmoney.com/api/qt/stock/kline/get?secid=0.399006&ut=fa5fd1943c7b386f172d6893dbfba10b&fields1=f1%2Cf2%2Cf3%2Cf4%2Cf5%2Cf6&fields2=f51%2Cf52%2Cf53%2Cf54%2Cf55%2Cf56%2Cf57%2Cf58%2Cf59%2Cf60%2Cf61&klt=101&fqt=0&beg=20251201&end=20260717&lmt=1000&_=20260718140000
2026-02-09,半导体材料设备指数,931743.CSI,2.931743,5981.96,6104.4,6164.99,6055.37,6124.95,142.99,2.39,4539572,35865854276,1.83,2.65,18.95000757,118.95000757,https://r.jina.ai/http://push2his.eastmoney.com/api/qt/stock/kline/get?secid=2.931743&ut=fa5fd1943c7b386f172d6893dbfba10b&fields1=f1%2Cf2%2Cf3%2Cf4%2Cf5%2Cf6&fields2=f51%2Cf52%2Cf53%2Cf54%2Cf55%2Cf56%2Cf57%2Cf58%2Cf59%2Cf60%2Cf61&klt=101&fqt=0&beg=20251201&end=20260717&lmt=1000&_=20260718140000
2026-02-09,存储芯片概念,BK1137,90.BK1137,2333.64,2380.49,2409.02,2363.1,2408.98,75.34,3.23,30371876,121835663907,1.97,3.61,19.36043285,119.36043285,https://r.jina.ai/http://push2his.eastmoney.com/api/qt/stock/kline/get?secid=90.BK1137&ut=fa5fd1943c7b386f172d6893dbfba10b&fields1=f1%2Cf2%2Cf3%2Cf4%2Cf5%2Cf6&fields2=f51%2Cf52%2Cf53%2Cf54%2Cf55%2Cf56%2Cf57%2Cf58%2Cf59%2Cf60%2Cf61&klt=101&fqt=0&beg=20251201&end=20260717&lmt=1000&_=20260718140000
2026-02-09,科创50指数,000688.SH,1.000688,1422.41,1453.54,1458.93,1441.9,1458.16,35.75,2.51,15747839,72909863132,1.2,2.25,8.47790507,108.47790507,https://r.jina.ai/http://push2his.eastmoney.com/api/qt/stock/kline/get?secid=1.000688&ut=fa5fd1943c7b386f172d6893dbfba10b&fields1=f1%2Cf2%2Cf3%2Cf4%2Cf5%2Cf6&fields2=f51%2Cf52%2Cf53%2Cf54%2Cf55%2Cf56%2Cf57%2Cf58%2Cf59%2Cf60%2Cf61&klt=101&fqt=0&beg=20251201&end=20260717&lmt=1000&_=20260718140000
2026-02-10,CPO概念,BK1128,90.BK1128,5923.63,5922.89,6020.71,5880.2,5916.07,-7.56,-0.13,18891615,119257065307,2.37,2.37,18.17321079,118.17321079,https://r.jina.ai/http://push2his.eastmoney.com/api/qt/stock/kline/get?secid=90.BK1128&ut=fa5fd1943c7b386f172d6893dbfba10b&fields1=f1%2Cf2%2Cf3%2Cf4%2Cf5%2Cf6&fields2=f51%2Cf52%2Cf53%2Cf54%2Cf55%2Cf56%2Cf57%2Cf58%2Cf59%2Cf60%2Cf61&klt=101&fqt=0&beg=20251201&end=20260717&lmt=1000&_=20260718140000
2026-02-10,PCB概念,BK0877,90.BK0877,3032.15,3035.61,3081.3,3031.65,3052.36,20.21,0.67,28104153,79029221857,1.64,2.69,12.04363754,112.04363754,https://r.jina.ai/http://push2his.eastmoney.com/api/qt/stock/kline/get?secid=90.BK0877&ut=fa5fd1943c7b386f172d6893dbfba10b&fields1=f1%2Cf2%2Cf3%2Cf4%2Cf5%2Cf6&fields2=f51%2Cf52%2Cf53%2Cf54%2Cf55%2Cf56%2Cf57%2Cf58%2Cf59%2Cf60%2Cf61&klt=101&fqt=0&beg=20251201&end=20260717&lmt=1000&_=20260718140000
2026-02-10,上证指数,000001.SH,1.000001,4123.09,4127.77,4134.34,4117.56,4128.37,5.28,0.13,524620969,882201747043.8,0.41,1.08,4.01956239,104.01956239,https://r.jina.ai/http://push2his.eastmoney.com/api/qt/stock/kline/get?secid=1.000001&ut=fa5fd1943c7b386f172d6893dbfba10b&fields1=f1%2Cf2%2Cf3%2Cf4%2Cf5%2Cf6&fields2=f51%2Cf52%2Cf53%2Cf54%2Cf55%2Cf56%2Cf57%2Cf58%2Cf59%2Cf60%2Cf61&klt=101&fqt=0&beg=20251201&end=20260717&lmt=1000&_=20260718140000
2026-02-10,创业板指,399006.SZ,0.399006,3332.77,3321.88,3348.48,3320.54,3320.54,-12.23,-0.37,247658452,597128992818.68,0.84,4.43,3.66418267,103.66418267,https://r.jina.ai/http://push2his.eastmoney.com/api/qt/stock/kline/get?secid=0.399006&ut=fa5fd1943c7b386f172d6893dbfba10b&fields1=f1%2Cf2%2Cf3%2Cf4%2Cf5%2Cf6&fields2=f51%2Cf52%2Cf53%2Cf54%2Cf55%2Cf56%2Cf57%2Cf58%2Cf59%2Cf60%2Cf61&klt=101&fqt=0&beg=20251201&end=20260717&lmt=1000&_=20260718140000
2026-02-10,半导体材料设备指数,931743.CSI,2.931743,6124.95,6119.64,6180.72,6073.69,6117.41,-7.54,-0.12,4018626,30476081301,1.75,2.35,18.80357649,118.80357649,https://r.jina.ai/http://push2his.eastmoney.com/api/qt/stock/kline/get?secid=2.931743&ut=fa5fd1943c7b386f172d6893dbfba10b&fields1=f1%2Cf2%2Cf3%2Cf4%2Cf5%2Cf6&fields2=f51%2Cf52%2Cf53%2Cf54%2Cf55%2Cf56%2Cf57%2Cf58%2Cf59%2Cf60%2Cf61&klt=101&fqt=0&beg=20251201&end=20260717&lmt=1000&_=20260718140000
2026-02-10,存储芯片概念,BK1137,90.BK1137,2408.98,2403.05,2410.31,2382.33,2385.66,-23.32,-0.97,23249130,95177357806,1.16,2.76,18.20497067,118.20497067,https://r.jina.ai/http://push2his.eastmoney.com/api/qt/stock/kline/get?secid=90.BK1137&ut=fa5fd1943c7b386f172d6893dbfba10b&fields1=f1%2Cf2%2Cf3%2Cf4%2Cf5%2Cf6&fields2=f51%2Cf52%2Cf53%2Cf54%2Cf55%2Cf56%2Cf57%2Cf58%2Cf59%2Cf60%2Cf61&klt=101&fqt=0&beg=20251201&end=20260717&lmt=1000&_=20260718140000
2026-02-10,科创50指数,000688.SH,1.000688,1458.16,1463.35,1485.97,1463.35,1471.5,13.34,0.91,11770391,68410380072,1.55,1.68,9.47031692,109.47031692,https://r.jina.ai/http://push2his.eastmoney.com/api/qt/stock/kline/get?secid=1.000688&ut=fa5fd1943c7b386f172d6893dbfba10b&fields1=f1%2Cf2%2Cf3%2Cf4%2Cf5%2Cf6&fields2=f51%2Cf52%2Cf53%2Cf54%2Cf55%2Cf56%2Cf57%2Cf58%2Cf59%2Cf60%2Cf61&klt=101&fqt=0&beg=20251201&end=20260717&lmt=1000&_=20260718140000
2026-02-11,CPO概念,BK1128,90.BK1128,5916.07,5870.96,5997.91,5820.75,5828.04,-88.03,-1.49,17216505,120245921012,2.99,2.16,16.41481582,116.41481582,https://r.jina.ai/http://push2his.eastmoney.com/api/qt/stock/kline/get?secid=90.BK1128&ut=fa5fd1943c7b386f172d6893dbfba10b&fields1=f1%2Cf2%2Cf3%2Cf4%2Cf5%2Cf6&fields2=f51%2Cf52%2Cf53%2Cf54%2Cf55%2Cf56%2Cf57%2Cf58%2Cf59%2Cf60%2Cf61&klt=101&fqt=0&beg=20251201&end=20260717&lmt=1000&_=20260718140000
2026-02-11,PCB概念,BK0877,90.BK0877,3052.36,3052.38,3110.23,3052.38,3065.51,13.15,0.43,29988400,82611866818,1.9,2.87,12.52633743,112.52633743,https://r.jina.ai/http://push2his.eastmoney.com/api/qt/stock/kline/get?secid=90.BK0877&ut=fa5fd1943c7b386f172d6893dbfba10b&fields1=f1%2Cf2%2Cf3%2Cf4%2Cf5%2Cf6&fields2=f51%2Cf52%2Cf53%2Cf54%2Cf55%2Cf56%2Cf57%2Cf58%2Cf59%2Cf60%2Cf61&klt=101&fqt=0&beg=20251201&end=20260717&lmt=1000&_=20260718140000
2026-02-11,上证指数,000001.SH,1.000001,4128.37,4124.43,4142.56,4122.43,4131.99,3.62,0.09,500685278,822607547250.8,0.49,1.04,4.11077292,104.11077292,https://r.jina.ai/http://push2his.eastmoney.com/api/qt/stock/kline/get?secid=1.000001&ut=fa5fd1943c7b386f172d6893dbfba10b&fields1=f1%2Cf2%2Cf3%2Cf4%2Cf5%2Cf6&fields2=f51%2Cf52%2Cf53%2Cf54%2Cf55%2Cf56%2Cf57%2Cf58%2Cf59%2Cf60%2Cf61&klt=101&fqt=0&beg=20251201&end=20260717&lmt=1000&_=20260718140000
2026-02-11,创业板指,399006.SZ,0.399006,3320.54,3312.64,3324.18,3284.24,3284.74,-35.8,-1.08,228686816,565228313902.61,1.2,4.09,2.54653983,102.54653983,https://r.jina.ai/http://push2his.eastmoney.com/api/qt/stock/kline/get?secid=0.399006&ut=fa5fd1943c7b386f172d6893dbfba10b&fields1=f1%2Cf2%2Cf3%2Cf4%2Cf5%2Cf6&fields2=f51%2Cf52%2Cf53%2Cf54%2Cf55%2Cf56%2Cf57%2Cf58%2Cf59%2Cf60%2Cf61&klt=101&fqt=0&beg=20251201&end=20260717&lmt=1000&_=20260718140000
2026-02-11,半导体材料设备指数,931743.CSI,2.931743,6117.41,6090.31,6127.69,6037.51,6056.4,-61.01,-1,3464247,24931390153,1.47,2.02,17.61872764,117.61872764,https://r.jina.ai/http://push2his.eastmoney.com/api/qt/stock/kline/get?secid=2.931743&ut=fa5fd1943c7b386f172d6893dbfba10b&fields1=f1%2Cf2%2Cf3%2Cf4%2Cf5%2Cf6&fields2=f51%2Cf52%2Cf53%2Cf54%2Cf55%2Cf56%2Cf57%2Cf58%2Cf59%2Cf60%2Cf61&klt=101&fqt=0&beg=20251201&end=20260717&lmt=1000&_=20260718140000
2026-02-11,存储芯片概念,BK1137,90.BK1137,2385.66,2375.37,2389.06,2361.32,2361.75,-23.91,-1,19267936,78160244013,1.16,2.29,17.02027509,117.02027509,https://r.jina.ai/http://push2his.eastmoney.com/api/qt/stock/kline/get?secid=90.BK1137&ut=fa5fd1943c7b386f172d6893dbfba10b&fields1=f1%2Cf2%2Cf3%2Cf4%2Cf5%2Cf6&fields2=f51%2Cf52%2Cf53%2Cf54%2Cf55%2Cf56%2Cf57%2Cf58%2Cf59%2Cf60%2Cf61&klt=101&fqt=0&beg=20251201&end=20260717&lmt=1000&_=20260718140000
2026-02-11,科创50指数,000688.SH,1.000688,1471.5,1462,1467.28,1453.01,1455.11,-16.39,-1.11,8978509,48644897749,0.97,1.28,8.25100431,108.25100431,https://r.jina.ai/http://push2his.eastmoney.com/api/qt/stock/kline/get?secid=1.000688&ut=fa5fd1943c7b386f172d6893dbfba10b&fields1=f1%2Cf2%2Cf3%2Cf4%2Cf5%2Cf6&fields2=f51%2Cf52%2Cf53%2Cf54%2Cf55%2Cf56%2Cf57%2Cf58%2Cf59%2Cf60%2Cf61&klt=101&fqt=0&beg=20251201&end=20260717&lmt=1000&_=20260718140000
2026-02-12,CPO概念,BK1128,90.BK1128,5828.04,5864.75,6047.1,5862.51,6021.82,193.78,3.32,19360175,140407284652,3.17,2.43,20.28556191,120.28556191,https://r.jina.ai/http://push2his.eastmoney.com/api/qt/stock/kline/get?secid=90.BK1128&ut=fa5fd1943c7b386f172d6893dbfba10b&fields1=f1%2Cf2%2Cf3%2Cf4%2Cf5%2Cf6&fields2=f51%2Cf52%2Cf53%2Cf54%2Cf55%2Cf56%2Cf57%2Cf58%2Cf59%2Cf60%2Cf61&klt=101&fqt=0&beg=20251201&end=20260717&lmt=1000&_=20260718140000
2026-02-12,PCB概念,BK0877,90.BK0877,3065.51,3068.1,3101.84,3065.4,3093,27.49,0.9,34098249,99498665307,1.19,3.26,13.53541879,113.53541879,https://r.jina.ai/http://push2his.eastmoney.com/api/qt/stock/kline/get?secid=90.BK0877&ut=fa5fd1943c7b386f172d6893dbfba10b&fields1=f1%2Cf2%2Cf3%2Cf4%2Cf5%2Cf6&fields2=f51%2Cf52%2Cf53%2Cf54%2Cf55%2Cf56%2Cf57%2Cf58%2Cf59%2Cf60%2Cf61&klt=101&fqt=0&beg=20251201&end=20260717&lmt=1000&_=20260718140000
2026-02-12,上证指数,000001.SH,1.000001,4131.99,4136.99,4140.59,4124.13,4134.02,2.03,0.05,529370116,897955034838.8,0.4,1.09,4.16192137,104.16192137,https://r.jina.ai/http://push2his.eastmoney.com/api/qt/stock/kline/get?secid=1.000001&ut=fa5fd1943c7b386f172d6893dbfba10b&fields1=f1%2Cf2%2Cf3%2Cf4%2Cf5%2Cf6&fields2=f51%2Cf52%2Cf53%2Cf54%2Cf55%2Cf56%2Cf57%2Cf58%2Cf59%2Cf60%2Cf61&klt=101&fqt=0&beg=20251201&end=20260717&lmt=1000&_=20260718140000
2026-02-12,创业板指,399006.SZ,0.399006,3284.74,3294.57,3334.35,3292.68,3328.06,43.32,1.32,233849768,618126291227.27,1.27,4.18,3.8989501,103.8989501,https://r.jina.ai/http://push2his.eastmoney.com/api/qt/stock/kline/get?secid=0.399006&ut=fa5fd1943c7b386f172d6893dbfba10b&fields1=f1%2Cf2%2Cf3%2Cf4%2Cf5%2Cf6&fields2=f51%2Cf52%2Cf53%2Cf54%2Cf55%2Cf56%2Cf57%2Cf58%2Cf59%2Cf60%2Cf61&klt=101&fqt=0&beg=20251201&end=20260717&lmt=1000&_=20260718140000
2026-02-12,半导体材料设备指数,931743.CSI,2.931743,6056.4,6098.48,6127.57,6017.11,6087.19,30.79,0.51,3791655,29457605004,1.82,2.21,18.21668693,118.21668693,https://r.jina.ai/http://push2his.eastmoney.com/api/qt/stock/kline/get?secid=2.931743&ut=fa5fd1943c7b386f172d6893dbfba10b&fields1=f1%2Cf2%2Cf3%2Cf4%2Cf5%2Cf6&fields2=f51%2Cf52%2Cf53%2Cf54%2Cf55%2Cf56%2Cf57%2Cf58%2Cf59%2Cf60%2Cf61&klt=101&fqt=0&beg=20251201&end=20260717&lmt=1000&_=20260718140000
2026-02-12,存储芯片概念,BK1137,90.BK1137,2361.75,2379.81,2403.81,2372.9,2401.02,39.27,1.66,23537582,111308632215,1.31,2.79,18.96602981,118.96602981,https://r.jina.ai/http://push2his.eastmoney.com/api/qt/stock/kline/get?secid=90.BK1137&ut=fa5fd1943c7b386f172d6893dbfba10b&fields1=f1%2Cf2%2Cf3%2Cf4%2Cf5%2Cf6&fields2=f51%2Cf52%2Cf53%2Cf54%2Cf55%2Cf56%2Cf57%2Cf58%2Cf59%2Cf60%2Cf61&klt=101&fqt=0&beg=20251201&end=20260717&lmt=1000&_=20260718140000
2026-02-12,科创50指数,000688.SH,1.000688,1455.11,1463.61,1481.98,1454.63,1480.99,25.88,1.78,10015209,69329188019,1.88,1.43,10.17631305,110.17631305,https://r.jina.ai/http://push2his.eastmoney.com/api/qt/stock/kline/get?secid=1.000688&ut=fa5fd1943c7b386f172d6893dbfba10b&fields1=f1%2Cf2%2Cf3%2Cf4%2Cf5%2Cf6&fields2=f51%2Cf52%2Cf53%2Cf54%2Cf55%2Cf56%2Cf57%2Cf58%2Cf59%2Cf60%2Cf61&klt=101&fqt=0&beg=20251201&end=20260717&lmt=1000&_=20260718140000
2026-02-13,CPO概念,BK1128,90.BK1128,6021.82,5936.31,5962.75,5837.21,5842.39,-179.43,-2.98,16926868,109697899311,2.08,2.12,16.70145637,116.70145637,https://r.jina.ai/http://push2his.eastmoney.com/api/qt/stock/kline/get?secid=90.BK1128&ut=fa5fd1943c7b386f172d6893dbfba10b&fields1=f1%2Cf2%2Cf3%2Cf4%2Cf5%2Cf6&fields2=f51%2Cf52%2Cf53%2Cf54%2Cf55%2Cf56%2Cf57%2Cf58%2Cf59%2Cf60%2Cf61&klt=101&fqt=0&beg=20251201&end=20260717&lmt=1000&_=20260718140000
2026-02-13,PCB概念,BK0877,90.BK0877,3093,3074.86,3123.64,3073.4,3077.4,-15.6,-0.5,29374103,83830103855,1.62,2.81,12.96278622,112.96278622,https://r.jina.ai/http://push2his.eastmoney.com/api/qt/stock/kline/get?secid=90.BK0877&ut=fa5fd1943c7b386f172d6893dbfba10b&fields1=f1%2Cf2%2Cf3%2Cf4%2Cf5%2Cf6&fields2=f51%2Cf52%2Cf53%2Cf54%2Cf55%2Cf56%2Cf57%2Cf58%2Cf59%2Cf60%2Cf61&klt=101&fqt=0&beg=20251201&end=20260717&lmt=1000&_=20260718140000
2026-02-13,上证指数,000001.SH,1.000001,4134.02,4115.92,4123.84,4079.77,4082.07,-51.95,-1.26,500799472,846808337462.1,1.07,1.04,2.85297467,102.85297467,https://r.jina.ai/http://push2his.eastmoney.com/api/qt/stock/kline/get?secid=1.000001&ut=fa5fd1943c7b386f172d6893dbfba10b&fields1=f1%2Cf2%2Cf3%2Cf4%2Cf5%2Cf6&fields2=f51%2Cf52%2Cf53%2Cf54%2Cf55%2Cf56%2Cf57%2Cf58%2Cf59%2Cf60%2Cf61&klt=101&fqt=0&beg=20251201&end=20260717&lmt=1000&_=20260718140000
2026-02-13,创业板指,399006.SZ,0.399006,3328.06,3309.43,3323.37,3275.29,3275.96,-52.1,-1.57,213034284,546081609337.22,1.44,3.81,2.27243637,102.27243637,https://r.jina.ai/http://push2his.eastmoney.com/api/qt/stock/kline/get?secid=0.399006&ut=fa5fd1943c7b386f172d6893dbfba10b&fields1=f1%2Cf2%2Cf3%2Cf4%2Cf5%2Cf6&fields2=f51%2Cf52%2Cf53%2Cf54%2Cf55%2Cf56%2Cf57%2Cf58%2Cf59%2Cf60%2Cf61&klt=101&fqt=0&beg=20251201&end=20260717&lmt=1000&_=20260718140000
2026-02-13,半导体材料设备指数,931743.CSI,2.931743,6087.19,6056.36,6250.07,6053.08,6142.03,54.84,0.9,4544390,35408565213,3.24,2.65,19.28171087,119.28171087,https://r.jina.ai/http://push2his.eastmoney.com/api/qt/stock/kline/get?secid=2.931743&ut=fa5fd1943c7b386f172d6893dbfba10b&fields1=f1%2Cf2%2Cf3%2Cf4%2Cf5%2Cf6&fields2=f51%2Cf52%2Cf53%2Cf54%2Cf55%2Cf56%2Cf57%2Cf58%2Cf59%2Cf60%2Cf61&klt=101&fqt=0&beg=20251201&end=20260717&lmt=1000&_=20260718140000
2026-02-13,存储芯片概念,BK1137,90.BK1137,2401.02,2388.45,2440.16,2384.07,2407.99,6.97,0.29,26982190,118394982774,2.34,3.2,19.31138021,119.31138021,https://r.jina.ai/http://push2his.eastmoney.com/api/qt/stock/kline/get?secid=90.BK1137&ut=fa5fd1943c7b386f172d6893dbfba10b&fields1=f1%2Cf2%2Cf3%2Cf4%2Cf5%2Cf6&fields2=f51%2Cf52%2Cf53%2Cf54%2Cf55%2Cf56%2Cf57%2Cf58%2Cf59%2Cf60%2Cf61&klt=101&fqt=0&beg=20251201&end=20260717&lmt=1000&_=20260718140000
2026-02-13,科创50指数,000688.SH,1.000688,1480.99,1470.26,1492.09,1466.71,1470.33,-10.66,-0.72,9896616,61592827654,1.71,1.41,9.3832763,109.3832763,https://r.jina.ai/http://push2his.eastmoney.com/api/qt/stock/kline/get?secid=1.000688&ut=fa5fd1943c7b386f172d6893dbfba10b&fields1=f1%2Cf2%2Cf3%2Cf4%2Cf5%2Cf6&fields2=f51%2Cf52%2Cf53%2Cf54%2Cf55%2Cf56%2Cf57%2Cf58%2Cf59%2Cf60%2Cf61&klt=101&fqt=0&beg=20251201&end=20260717&lmt=1000&_=20260718140000
2026-02-24,CPO概念,BK1128,90.BK1128,5842.39,5973.29,6156.14,5966.88,6057.18,214.79,3.68,18617786,133506419625,3.24,2.34,20.99187619,120.99187619,https://r.jina.ai/http://push2his.eastmoney.com/api/qt/stock/kline/get?secid=90.BK1128&ut=fa5fd1943c7b386f172d6893dbfba10b&fields1=f1%2Cf2%2Cf3%2Cf4%2Cf5%2Cf6&fields2=f51%2Cf52%2Cf53%2Cf54%2Cf55%2Cf56%2Cf57%2Cf58%2Cf59%2Cf60%2Cf61&klt=101&fqt=0&beg=20251201&end=20260717&lmt=1000&_=20260718140000
2026-02-24,PCB概念,BK0877,90.BK0877,3077.4,3126.79,3189.21,3120.19,3168.41,91.01,2.96,33052201,102137127036,2.24,3.16,16.30350994,116.30350994,https://r.jina.ai/http://push2his.eastmoney.com/api/qt/stock/kline/get?secid=90.BK0877&ut=fa5fd1943c7b386f172d6893dbfba10b&fields1=f1%2Cf2%2Cf3%2Cf4%2Cf5%2Cf6&fields2=f51%2Cf52%2Cf53%2Cf54%2Cf55%2Cf56%2Cf57%2Cf58%2Cf59%2Cf60%2Cf61&klt=101&fqt=0&beg=20251201&end=20260717&lmt=1000&_=20260718140000
2026-02-24,上证指数,000001.SH,1.000001,4082.07,4129.13,4131.55,4105.94,4117.41,35.34,0.87,566322249,938611375999.8,0.63,1.17,3.74341117,103.74341117,https://r.jina.ai/http://push2his.eastmoney.com/api/qt/stock/kline/get?secid=1.000001&ut=fa5fd1943c7b386f172d6893dbfba10b&fields1=f1%2Cf2%2Cf3%2Cf4%2Cf5%2Cf6&fields2=f51%2Cf52%2Cf53%2Cf54%2Cf55%2Cf56%2Cf57%2Cf58%2Cf59%2Cf60%2Cf61&klt=101&fqt=0&beg=20251201&end=20260717&lmt=1000&_=20260718140000
2026-02-24,创业板指,399006.SZ,0.399006,3275.96,3331.79,3343.24,3292.5,3308.26,32.3,0.99,228065490,597003922814.53,1.55,4.08,3.28081245,103.28081245,https://r.jina.ai/http://push2his.eastmoney.com/api/qt/stock/kline/get?secid=0.399006&ut=fa5fd1943c7b386f172d6893dbfba10b&fields1=f1%2Cf2%2Cf3%2Cf4%2Cf5%2Cf6&fields2=f51%2Cf52%2Cf53%2Cf54%2Cf55%2Cf56%2Cf57%2Cf58%2Cf59%2Cf60%2Cf61&klt=101&fqt=0&beg=20251201&end=20260717&lmt=1000&_=20260718140000
2026-02-24,半导体材料设备指数,931743.CSI,2.931743,6142.03,6191.7,6230.57,6024.17,6188.46,46.43,0.76,4458564,32606700616,3.36,2.6,20.18340784,120.18340784,https://r.jina.ai/http://push2his.eastmoney.com/api/qt/stock/kline/get?secid=2.931743&ut=fa5fd1943c7b386f172d6893dbfba10b&fields1=f1%2Cf2%2Cf3%2Cf4%2Cf5%2Cf6&fields2=f51%2Cf52%2Cf53%2Cf54%2Cf55%2Cf56%2Cf57%2Cf58%2Cf59%2Cf60%2Cf61&klt=101&fqt=0&beg=20251201&end=20260717&lmt=1000&_=20260718140000
2026-02-24,存储芯片概念,BK1137,90.BK1137,2407.99,2432.71,2470.15,2402.8,2447.77,39.78,1.65,30213060,131005502934,2.8,3.59,21.28240447,121.28240447,https://r.jina.ai/http://push2his.eastmoney.com/api/qt/stock/kline/get?secid=90.BK1137&ut=fa5fd1943c7b386f172d6893dbfba10b&fields1=f1%2Cf2%2Cf3%2Cf4%2Cf5%2Cf6&fields2=f51%2Cf52%2Cf53%2Cf54%2Cf55%2Cf56%2Cf57%2Cf58%2Cf59%2Cf60%2Cf61&klt=101&fqt=0&beg=20251201&end=20260717&lmt=1000&_=20260718140000
2026-02-24,科创50指数,000688.SH,1.000688,1470.33,1493.45,1493.77,1453.55,1465.37,-4.96,-0.34,10295969,68936003468,2.74,1.47,9.01428359,109.01428359,https://r.jina.ai/http://push2his.eastmoney.com/api/qt/stock/kline/get?secid=1.000688&ut=fa5fd1943c7b386f172d6893dbfba10b&fields1=f1%2Cf2%2Cf3%2Cf4%2Cf5%2Cf6&fields2=f51%2Cf52%2Cf53%2Cf54%2Cf55%2Cf56%2Cf57%2Cf58%2Cf59%2Cf60%2Cf61&klt=101&fqt=0&beg=20251201&end=20260717&lmt=1000&_=20260718140000
2026-02-25,CPO概念,BK1128,90.BK1128,6057.18,6082.65,6086.16,5931.82,6019.57,-37.61,-0.62,20521193,131091447661,2.55,2.57,20.24061826,120.24061826,https://r.jina.ai/http://push2his.eastmoney.com/api/qt/stock/kline/get?secid=90.BK1128&ut=fa5fd1943c7b386f172d6893dbfba10b&fields1=f1%2Cf2%2Cf3%2Cf4%2Cf5%2Cf6&fields2=f51%2Cf52%2Cf53%2Cf54%2Cf55%2Cf56%2Cf57%2Cf58%2Cf59%2Cf60%2Cf61&klt=101&fqt=0&beg=20251201&end=20260717&lmt=1000&_=20260718140000
2026-02-25,PCB概念,BK0877,90.BK0877,3168.41,3180,3257.96,3175.75,3257.96,89.55,2.83,41582452,140547703139,2.59,3.98,19.59064113,119.59064113,https://r.jina.ai/http://push2his.eastmoney.com/api/qt/stock/kline/get?secid=90.BK0877&ut=fa5fd1943c7b386f172d6893dbfba10b&fields1=f1%2Cf2%2Cf3%2Cf4%2Cf5%2Cf6&fields2=f51%2Cf52%2Cf53%2Cf54%2Cf55%2Cf56%2Cf57%2Cf58%2Cf59%2Cf60%2Cf61&klt=101&fqt=0&beg=20251201&end=20260717&lmt=1000&_=20260718140000
2026-02-25,上证指数,000001.SH,1.000001,4117.41,4123.78,4167.84,4122.7,4147.23,29.82,0.72,724787214,1085969561174.1,1.1,1.5,4.49476421,104.49476421,https://r.jina.ai/http://push2his.eastmoney.com/api/qt/stock/kline/get?secid=1.000001&ut=fa5fd1943c7b386f172d6893dbfba10b&fields1=f1%2Cf2%2Cf3%2Cf4%2Cf5%2Cf6&fields2=f51%2Cf52%2Cf53%2Cf54%2Cf55%2Cf56%2Cf57%2Cf58%2Cf59%2Cf60%2Cf61&klt=101&fqt=0&beg=20251201&end=20260717&lmt=1000&_=20260718140000
2026-02-25,创业板指,399006.SZ,0.399006,3308.26,3313.09,3363.18,3302.76,3354.82,46.56,1.41,239093899,626851423640.47,1.83,4.27,4.73437251,104.73437251,https://r.jina.ai/http://push2his.eastmoney.com/api/qt/stock/kline/get?secid=0.399006&ut=fa5fd1943c7b386f172d6893dbfba10b&fields1=f1%2Cf2%2Cf3%2Cf4%2Cf5%2Cf6&fields2=f51%2Cf52%2Cf53%2Cf54%2Cf55%2Cf56%2Cf57%2Cf58%2Cf59%2Cf60%2Cf61&klt=101&fqt=0&beg=20251201&end=20260717&lmt=1000&_=20260718140000
2026-02-25,半导体材料设备指数,931743.CSI,2.931743,6188.46,6207.69,6531.04,6122.53,6468.73,280.27,4.53,7726572,54287138991,6.6,4.51,25.62641042,125.62641042,https://r.jina.ai/http://push2his.eastmoney.com/api/qt/stock/kline/get?secid=2.931743&ut=fa5fd1943c7b386f172d6893dbfba10b&fields1=f1%2Cf2%2Cf3%2Cf4%2Cf5%2Cf6&fields2=f51%2Cf52%2Cf53%2Cf54%2Cf55%2Cf56%2Cf57%2Cf58%2Cf59%2Cf60%2Cf61&klt=101&fqt=0&beg=20251201&end=20260717&lmt=1000&_=20260718140000
2026-02-25,存储芯片概念,BK1137,90.BK1137,2447.77,2446.6,2493.94,2419.46,2486.64,38.87,1.59,31834516,140474535936,3.04,3.78,23.20833994,123.20833994,https://r.jina.ai/http://push2his.eastmoney.com/api/qt/stock/kline/get?secid=90.BK1137&ut=fa5fd1943c7b386f172d6893dbfba10b&fields1=f1%2Cf2%2Cf3%2Cf4%2Cf5%2Cf6&fields2=f51%2Cf52%2Cf53%2Cf54%2Cf55%2Cf56%2Cf57%2Cf58%2Cf59%2Cf60%2Cf61&klt=101&fqt=0&beg=20251201&end=20260717&lmt=1000&_=20260718140000
2026-02-25,科创50指数,000688.SH,1.000688,1465.37,1468.51,1481.29,1454.41,1473.28,7.91,0.54,11075883,70042250876,1.83,1.58,9.60273769,109.60273769,https://r.jina.ai/http://push2his.eastmoney.com/api/qt/stock/kline/get?secid=1.000688&ut=fa5fd1943c7b386f172d6893dbfba10b&fields1=f1%2Cf2%2Cf3%2Cf4%2Cf5%2Cf6&fields2=f51%2Cf52%2Cf53%2Cf54%2Cf55%2Cf56%2Cf57%2Cf58%2Cf59%2Cf60%2Cf61&klt=101&fqt=0&beg=20251201&end=20260717&lmt=1000&_=20260718140000
2026-02-26,CPO概念,BK1128,90.BK1128,6019.57,6074.75,6304.53,6053.45,6275.84,256.27,4.26,26127974,151541239183,4.17,3.28,25.35959906,125.35959906,https://r.jina.ai/http://push2his.eastmoney.com/api/qt/stock/kline/get?secid=90.BK1128&ut=fa5fd1943c7b386f172d6893dbfba10b&fields1=f1%2Cf2%2Cf3%2Cf4%2Cf5%2Cf6&fields2=f51%2Cf52%2Cf53%2Cf54%2Cf55%2Cf56%2Cf57%2Cf58%2Cf59%2Cf60%2Cf61&klt=101&fqt=0&beg=20251201&end=20260717&lmt=1000&_=20260718140000
2026-02-26,PCB概念,BK0877,90.BK0877,3257.96,3258.74,3368.06,3247.71,3363.77,105.81,3.25,43784130,170845183332,3.69,4.19,23.47463164,123.47463164,https://r.jina.ai/http://push2his.eastmoney.com/api/qt/stock/kline/get?secid=90.BK0877&ut=fa5fd1943c7b386f172d6893dbfba10b&fields1=f1%2Cf2%2Cf3%2Cf4%2Cf5%2Cf6&fields2=f51%2Cf52%2Cf53%2Cf54%2Cf55%2Cf56%2Cf57%2Cf58%2Cf59%2Cf60%2Cf61&klt=101&fqt=0&beg=20251201&end=20260717&lmt=1000&_=20260718140000
2026-02-26,上证指数,000001.SH,1.000001,4147.23,4151.07,4152.19,4127.15,4146.63,-0.6,-0.01,651702826,1067198717434.1,0.6,1.35,4.47964645,104.47964645,https://r.jina.ai/http://push2his.eastmoney.com/api/qt/stock/kline/get?secid=1.000001&ut=fa5fd1943c7b386f172d6893dbfba10b&fields1=f1%2Cf2%2Cf3%2Cf4%2Cf5%2Cf6&fields2=f51%2Cf52%2Cf53%2Cf54%2Cf55%2Cf56%2Cf57%2Cf58%2Cf59%2Cf60%2Cf61&klt=101&fqt=0&beg=20251201&end=20260717&lmt=1000&_=20260718140000
2026-02-26,创业板指,399006.SZ,0.399006,3354.82,3346.74,3351.57,3310.55,3344.98,-9.84,-0.29,258474728,697126472186.56,1.22,4.62,4.42717683,104.42717683,https://r.jina.ai/http://push2his.eastmoney.com/api/qt/stock/kline/get?secid=0.399006&ut=fa5fd1943c7b386f172d6893dbfba10b&fields1=f1%2Cf2%2Cf3%2Cf4%2Cf5%2Cf6&fields2=f51%2Cf52%2Cf53%2Cf54%2Cf55%2Cf56%2Cf57%2Cf58%2Cf59%2Cf60%2Cf61&klt=101&fqt=0&beg=20251201&end=20260717&lmt=1000&_=20260718140000
2026-02-26,半导体材料设备指数,931743.CSI,2.931743,6468.73,6470.55,6597.85,6330.87,6543.77,75.04,1.16,7300371,49928780301,4.13,4.26,27.08372984,127.08372984,https://r.jina.ai/http://push2his.eastmoney.com/api/qt/stock/kline/get?secid=2.931743&ut=fa5fd1943c7b386f172d6893dbfba10b&fields1=f1%2Cf2%2Cf3%2Cf4%2Cf5%2Cf6&fields2=f51%2Cf52%2Cf53%2Cf54%2Cf55%2Cf56%2Cf57%2Cf58%2Cf59%2Cf60%2Cf61&klt=101&fqt=0&beg=20251201&end=20260717&lmt=1000&_=20260718140000
2026-02-26,存储芯片概念,BK1137,90.BK1137,2486.64,2491.25,2530.22,2460.94,2519.7,33.06,1.33,32164606,142860221659,2.79,3.82,24.84640082,124.84640082,https://r.jina.ai/http://push2his.eastmoney.com/api/qt/stock/kline/get?secid=90.BK1137&ut=fa5fd1943c7b386f172d6893dbfba10b&fields1=f1%2Cf2%2Cf3%2Cf4%2Cf5%2Cf6&fields2=f51%2Cf52%2Cf53%2Cf54%2Cf55%2Cf56%2Cf57%2Cf58%2Cf59%2Cf60%2Cf61&klt=101&fqt=0&beg=20251201&end=20260717&lmt=1000&_=20260718140000
2026-02-26,科创50指数,000688.SH,1.000688,1473.28,1478.73,1494.75,1456.03,1485.86,12.58,0.85,11154134,83624470114,2.63,1.59,10.53861033,110.53861033,https://r.jina.ai/http://push2his.eastmoney.com/api/qt/stock/kline/get?secid=1.000688&ut=fa5fd1943c7b386f172d6893dbfba10b&fields1=f1%2Cf2%2Cf3%2Cf4%2Cf5%2Cf6&fields2=f51%2Cf52%2Cf53%2Cf54%2Cf55%2Cf56%2Cf57%2Cf58%2Cf59%2Cf60%2Cf61&klt=101&fqt=0&beg=20251201&end=20260717&lmt=1000&_=20260718140000
2026-02-27,CPO概念,BK1128,90.BK1128,6275.84,6122.76,6287.34,6097.6,6286.62,10.78,0.17,25558108,157702261011,3.02,3.21,25.57492904,125.57492904,https://r.jina.ai/http://push2his.eastmoney.com/api/qt/stock/kline/get?secid=90.BK1128&ut=fa5fd1943c7b386f172d6893dbfba10b&fields1=f1%2Cf2%2Cf3%2Cf4%2Cf5%2Cf6&fields2=f51%2Cf52%2Cf53%2Cf54%2Cf55%2Cf56%2Cf57%2Cf58%2Cf59%2Cf60%2Cf61&klt=101&fqt=0&beg=20251201&end=20260717&lmt=1000&_=20260718140000
2026-02-27,PCB概念,BK0877,90.BK0877,3363.77,3312.35,3328.18,3287.5,3328.18,-35.59,-1.06,39610927,140104019589,1.21,3.79,22.16822183,122.16822183,https://r.jina.ai/http://push2his.eastmoney.com/api/qt/stock/kline/get?secid=90.BK0877&ut=fa5fd1943c7b386f172d6893dbfba10b&fields1=f1%2Cf2%2Cf3%2Cf4%2Cf5%2Cf6&fields2=f51%2Cf52%2Cf53%2Cf54%2Cf55%2Cf56%2Cf57%2Cf58%2Cf59%2Cf60%2Cf61&klt=101&fqt=0&beg=20251201&end=20260717&lmt=1000&_=20260718140000
2026-02-27,上证指数,000001.SH,1.000001,4146.63,4128.9,4166.23,4128.36,4162.88,16.25,0.39,682047646,1072367831609.8,0.91,1.41,4.88908598,104.88908598,https://r.jina.ai/http://push2his.eastmoney.com/api/qt/stock/kline/get?secid=1.000001&ut=fa5fd1943c7b386f172d6893dbfba10b&fields1=f1%2Cf2%2Cf3%2Cf4%2Cf5%2Cf6&fields2=f51%2Cf52%2Cf53%2Cf54%2Cf55%2Cf56%2Cf57%2Cf58%2Cf59%2Cf60%2Cf61&klt=101&fqt=0&beg=20251201&end=20260717&lmt=1000&_=20260718140000
2026-02-27,创业板指,399006.SZ,0.399006,3344.98,3303.98,3326.58,3292.89,3310.3,-34.68,-1.04,246313069,667075055878.92,1.01,4.4,3.34449936,103.34449936,https://r.jina.ai/http://push2his.eastmoney.com/api/qt/stock/kline/get?secid=0.399006&ut=fa5fd1943c7b386f172d6893dbfba10b&fields1=f1%2Cf2%2Cf3%2Cf4%2Cf5%2Cf6&fields2=f51%2Cf52%2Cf53%2Cf54%2Cf55%2Cf56%2Cf57%2Cf58%2Cf59%2Cf60%2Cf61&klt=101&fqt=0&beg=20251201&end=20260717&lmt=1000&_=20260718140000
2026-02-27,半导体材料设备指数,931743.CSI,2.931743,6543.77,6431.19,6433.05,6331.72,6386.7,-157.07,-2.4,5171029,38041513740,1.55,3.02,24.03334123,124.03334123,https://r.jina.ai/http://push2his.eastmoney.com/api/qt/stock/kline/get?secid=2.931743&ut=fa5fd1943c7b386f172d6893dbfba10b&fields1=f1%2Cf2%2Cf3%2Cf4%2Cf5%2Cf6&fields2=f51%2Cf52%2Cf53%2Cf54%2Cf55%2Cf56%2Cf57%2Cf58%2Cf59%2Cf60%2Cf61&klt=101&fqt=0&beg=20251201&end=20260717&lmt=1000&_=20260718140000
2026-02-27,存储芯片概念,BK1137,90.BK1137,2519.7,2487.98,2509.6,2468.75,2509,-10.7,-0.42,26429483,119820553579,1.62,3.14,24.31623593,124.31623593,https://r.jina.ai/http://push2his.eastmoney.com/api/qt/stock/kline/get?secid=90.BK1137&ut=fa5fd1943c7b386f172d6893dbfba10b&fields1=f1%2Cf2%2Cf3%2Cf4%2Cf5%2Cf6&fields2=f51%2Cf52%2Cf53%2Cf54%2Cf55%2Cf56%2Cf57%2Cf58%2Cf59%2Cf60%2Cf61&klt=101&fqt=0&beg=20251201&end=20260717&lmt=1000&_=20260718140000
2026-02-27,科创50指数,000688.SH,1.000688,1485.86,1468.08,1493.52,1463.73,1488.02,2.16,0.15,9999772,78394898573,2,1.43,10.6993007,110.6993007,https://r.jina.ai/http://push2his.eastmoney.com/api/qt/stock/kline/get?secid=1.000688&ut=fa5fd1943c7b386f172d6893dbfba10b&fields1=f1%2Cf2%2Cf3%2Cf4%2Cf5%2Cf6&fields2=f51%2Cf52%2Cf53%2Cf54%2Cf55%2Cf56%2Cf57%2Cf58%2Cf59%2Cf60%2Cf61&klt=101&fqt=0&beg=20251201&end=20260717&lmt=1000&_=20260718140000
2026-03-02,CPO概念,BK1128,90.BK1128,6286.62,6172,6481.7,6172,6382.56,95.94,1.53,24332107,180662922291,4.93,3.05,27.49132588,127.49132588,https://r.jina.ai/http://push2his.eastmoney.com/api/qt/stock/kline/get?secid=90.BK1128&ut=fa5fd1943c7b386f172d6893dbfba10b&fields1=f1%2Cf2%2Cf3%2Cf4%2Cf5%2Cf6&fields2=f51%2Cf52%2Cf53%2Cf54%2Cf55%2Cf56%2Cf57%2Cf58%2Cf59%2Cf60%2Cf61&klt=101&fqt=0&beg=20251201&end=20260717&lmt=1000&_=20260718140000
2026-03-02,PCB概念,BK0877,90.BK0877,3328.18,3272.73,3332.16,3272.73,3306.1,-22.08,-0.66,40333171,138997861016,1.79,3.86,21.3577265,121.3577265,https://r.jina.ai/http://push2his.eastmoney.com/api/qt/stock/kline/get?secid=90.BK0877&ut=fa5fd1943c7b386f172d6893dbfba10b&fields1=f1%2Cf2%2Cf3%2Cf4%2Cf5%2Cf6&fields2=f51%2Cf52%2Cf53%2Cf54%2Cf55%2Cf56%2Cf57%2Cf58%2Cf59%2Cf60%2Cf61&klt=101&fqt=0&beg=20251201&end=20260717&lmt=1000&_=20260718140000
2026-03-02,上证指数,000001.SH,1.000001,4162.88,4151.8,4188.77,4131.37,4182.59,19.71,0.47,861579218,1345892469395.2,1.38,1.78,5.38570464,105.38570464,https://r.jina.ai/http://push2his.eastmoney.com/api/qt/stock/kline/get?secid=1.000001&ut=fa5fd1943c7b386f172d6893dbfba10b&fields1=f1%2Cf2%2Cf3%2Cf4%2Cf5%2Cf6&fields2=f51%2Cf52%2Cf53%2Cf54%2Cf55%2Cf56%2Cf57%2Cf58%2Cf59%2Cf60%2Cf61&klt=101&fqt=0&beg=20251201&end=20260717&lmt=1000&_=20260718140000
2026-03-02,创业板指,399006.SZ,0.399006,3310.3,3257.05,3319.91,3257.05,3294.16,-16.14,-0.49,281293741,743719423714.45,1.9,5.03,2.84062351,102.84062351,https://r.jina.ai/http://push2his.eastmoney.com/api/qt/stock/kline/get?secid=0.399006&ut=fa5fd1943c7b386f172d6893dbfba10b&fields1=f1%2Cf2%2Cf3%2Cf4%2Cf5%2Cf6&fields2=f51%2Cf52%2Cf53%2Cf54%2Cf55%2Cf56%2Cf57%2Cf58%2Cf59%2Cf60%2Cf61&klt=101&fqt=0&beg=20251201&end=20260717&lmt=1000&_=20260718140000
2026-03-02,半导体材料设备指数,931743.CSI,2.931743,6386.7,6240.05,6427.26,6240.05,6269.58,-117.12,-1.83,5774963,41242298393,2.93,3.37,21.75880431,121.75880431,https://r.jina.ai/http://push2his.eastmoney.com/api/qt/stock/kline/get?secid=2.931743&ut=fa5fd1943c7b386f172d6893dbfba10b&fields1=f1%2Cf2%2Cf3%2Cf4%2Cf5%2Cf6&fields2=f51%2Cf52%2Cf53%2Cf54%2Cf55%2Cf56%2Cf57%2Cf58%2Cf59%2Cf60%2Cf61&klt=101&fqt=0&beg=20251201&end=20260717&lmt=1000&_=20260718140000
2026-03-02,存储芯片概念,BK1137,90.BK1137,2509,2455.92,2499.43,2454.63,2460.93,-48.07,-1.92,29237466,125621935316,1.79,3.47,21.93445775,121.93445775,https://r.jina.ai/http://push2his.eastmoney.com/api/qt/stock/kline/get?secid=90.BK1137&ut=fa5fd1943c7b386f172d6893dbfba10b&fields1=f1%2Cf2%2Cf3%2Cf4%2Cf5%2Cf6&fields2=f51%2Cf52%2Cf53%2Cf54%2Cf55%2Cf56%2Cf57%2Cf58%2Cf59%2Cf60%2Cf61&klt=101&fqt=0&beg=20251201&end=20260717&lmt=1000&_=20260718140000
2026-03-02,科创50指数,000688.SH,1.000688,1488.02,1459.78,1486.55,1459.51,1464.77,-23.25,-1.56,13427348,79348051009,1.82,1.92,8.96964737,108.96964737,https://r.jina.ai/http://push2his.eastmoney.com/api/qt/stock/kline/get?secid=1.000688&ut=fa5fd1943c7b386f172d6893dbfba10b&fields1=f1%2Cf2%2Cf3%2Cf4%2Cf5%2Cf6&fields2=f51%2Cf52%2Cf53%2Cf54%2Cf55%2Cf56%2Cf57%2Cf58%2Cf59%2Cf60%2Cf61&klt=101&fqt=0&beg=20251201&end=20260717&lmt=1000&_=20260718140000
2026-03-03,CPO概念,BK1128,90.BK1128,6382.56,6491.16,6511.9,6187.66,6195.1,-187.46,-2.94,30197378,197445409960,5.08,3.79,23.74682149,123.74682149,https://r.jina.ai/http://push2his.eastmoney.com/api/qt/stock/kline/get?secid=90.BK1128&ut=fa5fd1943c7b386f172d6893dbfba10b&fields1=f1%2Cf2%2Cf3%2Cf4%2Cf5%2Cf6&fields2=f51%2Cf52%2Cf53%2Cf54%2Cf55%2Cf56%2Cf57%2Cf58%2Cf59%2Cf60%2Cf61&klt=101&fqt=0&beg=20251201&end=20260717&lmt=1000&_=20260718140000
2026-03-03,PCB概念,BK0877,90.BK0877,3306.1,3327.61,3337.28,3140.13,3142.67,-163.43,-4.94,42588982,145835115105,5.96,4.07,15.35866621,115.35866621,https://r.jina.ai/http://push2his.eastmoney.com/api/qt/stock/kline/get?secid=90.BK0877&ut=fa5fd1943c7b386f172d6893dbfba10b&fields1=f1%2Cf2%2Cf3%2Cf4%2Cf5%2Cf6&fields2=f51%2Cf52%2Cf53%2Cf54%2Cf55%2Cf56%2Cf57%2Cf58%2Cf59%2Cf60%2Cf61&klt=101&fqt=0&beg=20251201&end=20260717&lmt=1000&_=20260718140000
2026-03-03,上证指数,000001.SH,1.000001,4182.59,4189.41,4197.23,4116.01,4122.68,-59.91,-1.43,921139170,1425790202336.2,1.94,1.9,3.87619556,103.87619556,https://r.jina.ai/http://push2his.eastmoney.com/api/qt/stock/kline/get?secid=1.000001&ut=fa5fd1943c7b386f172d6893dbfba10b&fields1=f1%2Cf2%2Cf3%2Cf4%2Cf5%2Cf6&fields2=f51%2Cf52%2Cf53%2Cf54%2Cf55%2Cf56%2Cf57%2Cf58%2Cf59%2Cf60%2Cf61&klt=101&fqt=0&beg=20251201&end=20260717&lmt=1000&_=20260718140000
2026-03-03,创业板指,399006.SZ,0.399006,3294.16,3316.63,3331.26,3206.62,3209.48,-84.68,-2.57,294310265,755758309246.14,3.78,5.26,0.19699235,100.19699235,https://r.jina.ai/http://push2his.eastmoney.com/api/qt/stock/kline/get?secid=0.399006&ut=fa5fd1943c7b386f172d6893dbfba10b&fields1=f1%2Cf2%2Cf3%2Cf4%2Cf5%2Cf6&fields2=f51%2Cf52%2Cf53%2Cf54%2Cf55%2Cf56%2Cf57%2Cf58%2Cf59%2Cf60%2Cf61&klt=101&fqt=0&beg=20251201&end=20260717&lmt=1000&_=20260718140000
2026-03-03,半导体材料设备指数,931743.CSI,2.931743,6269.58,6285.77,6357.61,5922.78,5939.61,-329.97,-5.26,6375931,44450852049,6.94,3.72,15.35059951,115.35059951,https://r.jina.ai/http://push2his.eastmoney.com/api/qt/stock/kline/get?secid=2.931743&ut=fa5fd1943c7b386f172d6893dbfba10b&fields1=f1%2Cf2%2Cf3%2Cf4%2Cf5%2Cf6&fields2=f51%2Cf52%2Cf53%2Cf54%2Cf55%2Cf56%2Cf57%2Cf58%2Cf59%2Cf60%2Cf61&klt=101&fqt=0&beg=20251201&end=20260717&lmt=1000&_=20260718140000
2026-03-03,存储芯片概念,BK1137,90.BK1137,2460.93,2465.63,2473.44,2300.79,2304.96,-155.97,-6.34,36845348,153795165280,7.02,4.37,14.20643729,114.20643729,https://r.jina.ai/http://push2his.eastmoney.com/api/qt/stock/kline/get?secid=90.BK1137&ut=fa5fd1943c7b386f172d6893dbfba10b&fields1=f1%2Cf2%2Cf3%2Cf4%2Cf5%2Cf6&fields2=f51%2Cf52%2Cf53%2Cf54%2Cf55%2Cf56%2Cf57%2Cf58%2Cf59%2Cf60%2Cf61&klt=101&fqt=0&beg=20251201&end=20260717&lmt=1000&_=20260718140000
2026-03-03,科创50指数,000688.SH,1.000688,1464.77,1467.76,1469.6,1385.59,1388.41,-76.36,-5.21,14302403,88181853374,5.74,2.04,3.2889451,103.2889451,https://r.jina.ai/http://push2his.eastmoney.com/api/qt/stock/kline/get?secid=1.000688&ut=fa5fd1943c7b386f172d6893dbfba10b&fields1=f1%2Cf2%2Cf3%2Cf4%2Cf5%2Cf6&fields2=f51%2Cf52%2Cf53%2Cf54%2Cf55%2Cf56%2Cf57%2Cf58%2Cf59%2Cf60%2Cf61&klt=101&fqt=0&beg=20251201&end=20260717&lmt=1000&_=20260718140000
2026-03-04,CPO概念,BK1128,90.BK1128,6195.1,6057.18,6301.88,6057.18,6193.91,-1.19,-0.02,21878475,135925294129,3.95,2.75,23.72305129,123.72305129,https://r.jina.ai/http://push2his.eastmoney.com/api/qt/stock/kline/get?secid=90.BK1128&ut=fa5fd1943c7b386f172d6893dbfba10b&fields1=f1%2Cf2%2Cf3%2Cf4%2Cf5%2Cf6&fields2=f51%2Cf52%2Cf53%2Cf54%2Cf55%2Cf56%2Cf57%2Cf58%2Cf59%2Cf60%2Cf61&klt=101&fqt=0&beg=20251201&end=20260717&lmt=1000&_=20260718140000
2026-03-04,PCB概念,BK0877,90.BK0877,3142.67,3094.36,3197.49,3094.36,3138.04,-4.63,-0.15,28292518,96745116907,3.28,2.71,15.1887118,115.1887118,https://r.jina.ai/http://push2his.eastmoney.com/api/qt/stock/kline/get?secid=90.BK0877&ut=fa5fd1943c7b386f172d6893dbfba10b&fields1=f1%2Cf2%2Cf3%2Cf4%2Cf5%2Cf6&fields2=f51%2Cf52%2Cf53%2Cf54%2Cf55%2Cf56%2Cf57%2Cf58%2Cf59%2Cf60%2Cf61&klt=101&fqt=0&beg=20251201&end=20260717&lmt=1000&_=20260718140000
2026-03-04,上证指数,000001.SH,1.000001,4122.68,4087.63,4106.04,4055.41,4082.47,-40.21,-0.98,765169531,1113081986077.5,1.23,1.58,2.86305318,102.86305318,https://r.jina.ai/http://push2his.eastmoney.com/api/qt/stock/kline/get?secid=1.000001&ut=fa5fd1943c7b386f172d6893dbfba10b&fields1=f1%2Cf2%2Cf3%2Cf4%2Cf5%2Cf6&fields2=f51%2Cf52%2Cf53%2Cf54%2Cf55%2Cf56%2Cf57%2Cf58%2Cf59%2Cf60%2Cf61&klt=101&fqt=0&beg=20251201&end=20260717&lmt=1000&_=20260718140000
2026-03-04,创业板指,399006.SZ,0.399006,3209.48,3171.19,3217.11,3149.41,3164.37,-45.11,-1.41,222271723,544157279389.86,2.11,3.97,-1.21130006,98.78869994,https://r.jina.ai/http://push2his.eastmoney.com/api/qt/stock/kline/get?secid=0.399006&ut=fa5fd1943c7b386f172d6893dbfba10b&fields1=f1%2Cf2%2Cf3%2Cf4%2Cf5%2Cf6&fields2=f51%2Cf52%2Cf53%2Cf54%2Cf55%2Cf56%2Cf57%2Cf58%2Cf59%2Cf60%2Cf61&klt=101&fqt=0&beg=20251201&end=20260717&lmt=1000&_=20260718140000
2026-03-04,半导体材料设备指数,931743.CSI,2.931743,5939.61,5878.66,6030.82,5878.66,5903.24,-36.37,-0.61,4392761,29786581536,2.56,2.57,14.64427346,114.64427346,https://r.jina.ai/http://push2his.eastmoney.com/api/qt/stock/kline/get?secid=2.931743&ut=fa5fd1943c7b386f172d6893dbfba10b&fields1=f1%2Cf2%2Cf3%2Cf4%2Cf5%2Cf6&fields2=f51%2Cf52%2Cf53%2Cf54%2Cf55%2Cf56%2Cf57%2Cf58%2Cf59%2Cf60%2Cf61&klt=101&fqt=0&beg=20251201&end=20260717&lmt=1000&_=20260718140000
2026-03-04,存储芯片概念,BK1137,90.BK1137,2304.96,2287.11,2374.08,2287.11,2321.9,16.94,0.73,25285206,121311273238,3.77,3,15.04578246,115.04578246,https://r.jina.ai/http://push2his.eastmoney.com/api/qt/stock/kline/get?secid=90.BK1137&ut=fa5fd1943c7b386f172d6893dbfba10b&fields1=f1%2Cf2%2Cf3%2Cf4%2Cf5%2Cf6&fields2=f51%2Cf52%2Cf53%2Cf54%2Cf55%2Cf56%2Cf57%2Cf58%2Cf59%2Cf60%2Cf61&klt=101&fqt=0&beg=20251201&end=20260717&lmt=1000&_=20260718140000
2026-03-04,科创50指数,000688.SH,1.000688,1388.41,1380.13,1407,1376.11,1381.56,-6.85,-0.49,10705585,65494655636,2.22,1.53,2.77934831,102.77934831,https://r.jina.ai/http://push2his.eastmoney.com/api/qt/stock/kline/get?secid=1.000688&ut=fa5fd1943c7b386f172d6893dbfba10b&fields1=f1%2Cf2%2Cf3%2Cf4%2Cf5%2Cf6&fields2=f51%2Cf52%2Cf53%2Cf54%2Cf55%2Cf56%2Cf57%2Cf58%2Cf59%2Cf60%2Cf61&klt=101&fqt=0&beg=20251201&end=20260717&lmt=1000&_=20260718140000
2026-03-05,CPO概念,BK1128,90.BK1128,6193.91,6352.03,6460.46,6203.8,6303.74,109.83,1.77,24409759,177761703665,4.14,3.06,25.91690021,125.91690021,https://r.jina.ai/http://push2his.eastmoney.com/api/qt/stock/kline/get?secid=90.BK1128&ut=fa5fd1943c7b386f172d6893dbfba10b&fields1=f1%2Cf2%2Cf3%2Cf4%2Cf5%2Cf6&fields2=f51%2Cf52%2Cf53%2Cf54%2Cf55%2Cf56%2Cf57%2Cf58%2Cf59%2Cf60%2Cf61&klt=101&fqt=0&beg=20251201&end=20260717&lmt=1000&_=20260718140000
2026-03-05,PCB概念,BK0877,90.BK0877,3138.04,3207,3249.5,3164.96,3189.57,51.53,1.64,31809779,110278622578,2.69,3.04,17.08023463,117.08023463,https://r.jina.ai/http://push2his.eastmoney.com/api/qt/stock/kline/get?secid=90.BK0877&ut=fa5fd1943c7b386f172d6893dbfba10b&fields1=f1%2Cf2%2Cf3%2Cf4%2Cf5%2Cf6&fields2=f51%2Cf52%2Cf53%2Cf54%2Cf55%2Cf56%2Cf57%2Cf58%2Cf59%2Cf60%2Cf61&klt=101&fqt=0&beg=20251201&end=20260717&lmt=1000&_=20260718140000
2026-03-05,上证指数,000001.SH,1.000001,4082.47,4109.78,4125.62,4090.62,4108.57,26.1,0.64,689746535,1068043734805,0.86,1.43,3.52067607,103.52067607,https://r.jina.ai/http://push2his.eastmoney.com/api/qt/stock/kline/get?secid=1.000001&ut=fa5fd1943c7b386f172d6893dbfba10b&fields1=f1%2Cf2%2Cf3%2Cf4%2Cf5%2Cf6&fields2=f51%2Cf52%2Cf53%2Cf54%2Cf55%2Cf56%2Cf57%2Cf58%2Cf59%2Cf60%2Cf61&klt=101&fqt=0&beg=20251201&end=20260717&lmt=1000&_=20260718140000
2026-03-05,创业板指,399006.SZ,0.399006,3164.37,3236.15,3264.8,3194.96,3216.94,52.57,1.66,246635592,612181476773.64,2.21,4.41,0.42988664,100.42988664,https://r.jina.ai/http://push2his.eastmoney.com/api/qt/stock/kline/get?secid=0.399006&ut=fa5fd1943c7b386f172d6893dbfba10b&fields1=f1%2Cf2%2Cf3%2Cf4%2Cf5%2Cf6&fields2=f51%2Cf52%2Cf53%2Cf54%2Cf55%2Cf56%2Cf57%2Cf58%2Cf59%2Cf60%2Cf61&klt=101&fqt=0&beg=20251201&end=20260717&lmt=1000&_=20260718140000
2026-03-05,半导体材料设备指数,931743.CSI,2.931743,5903.24,6048.62,6148.78,5948.86,6004.26,101.02,1.71,4435279,33291281406,3.39,2.59,16.60613923,116.60613923,https://r.jina.ai/http://push2his.eastmoney.com/api/qt/stock/kline/get?secid=2.931743&ut=fa5fd1943c7b386f172d6893dbfba10b&fields1=f1%2Cf2%2Cf3%2Cf4%2Cf5%2Cf6&fields2=f51%2Cf52%2Cf53%2Cf54%2Cf55%2Cf56%2Cf57%2Cf58%2Cf59%2Cf60%2Cf61&klt=101&fqt=0&beg=20251201&end=20260717&lmt=1000&_=20260718140000
2026-03-05,存储芯片概念,BK1137,90.BK1137,2321.9,2382.68,2413.38,2351.82,2368.97,47.07,2.03,28520149,135398079752,2.65,3.39,17.37801253,117.37801253,https://r.jina.ai/http://push2his.eastmoney.com/api/qt/stock/kline/get?secid=90.BK1137&ut=fa5fd1943c7b386f172d6893dbfba10b&fields1=f1%2Cf2%2Cf3%2Cf4%2Cf5%2Cf6&fields2=f51%2Cf52%2Cf53%2Cf54%2Cf55%2Cf56%2Cf57%2Cf58%2Cf59%2Cf60%2Cf61&klt=101&fqt=0&beg=20251201&end=20260717&lmt=1000&_=20260718140000
2026-03-05,科创50指数,000688.SH,1.000688,1381.56,1418.88,1423.61,1397.76,1405.35,23.79,1.72,11006986,82290368778,1.87,1.57,4.54917423,104.54917423,https://r.jina.ai/http://push2his.eastmoney.com/api/qt/stock/kline/get?secid=1.000688&ut=fa5fd1943c7b386f172d6893dbfba10b&fields1=f1%2Cf2%2Cf3%2Cf4%2Cf5%2Cf6&fields2=f51%2Cf52%2Cf53%2Cf54%2Cf55%2Cf56%2Cf57%2Cf58%2Cf59%2Cf60%2Cf61&klt=101&fqt=0&beg=20251201&end=20260717&lmt=1000&_=20260718140000
2026-03-06,CPO概念,BK1128,90.BK1128,6303.74,6239.07,6360.61,6132.36,6270.68,-33.06,-0.52,22972698,141348939443,3.62,2.88,25.25652831,125.25652831,https://r.jina.ai/http://push2his.eastmoney.com/api/qt/stock/kline/get?secid=90.BK1128&ut=fa5fd1943c7b386f172d6893dbfba10b&fields1=f1%2Cf2%2Cf3%2Cf4%2Cf5%2Cf6&fields2=f51%2Cf52%2Cf53%2Cf54%2Cf55%2Cf56%2Cf57%2Cf58%2Cf59%2Cf60%2Cf61&klt=101&fqt=0&beg=20251201&end=20260717&lmt=1000&_=20260718140000
2026-03-06,PCB概念,BK0877,90.BK0877,3189.57,3169.18,3236.84,3140.12,3206.04,16.47,0.52,30670364,96905844916,3.03,2.93,17.68480248,117.68480248,https://r.jina.ai/http://push2his.eastmoney.com/api/qt/stock/kline/get?secid=90.BK0877&ut=fa5fd1943c7b386f172d6893dbfba10b&fields1=f1%2Cf2%2Cf3%2Cf4%2Cf5%2Cf6&fields2=f51%2Cf52%2Cf53%2Cf54%2Cf55%2Cf56%2Cf57%2Cf58%2Cf59%2Cf60%2Cf61&klt=101&fqt=0&beg=20251201&end=20260717&lmt=1000&_=20260718140000
2026-03-06,上证指数,000001.SH,1.000001,4108.57,4085.9,4129.46,4085.9,4124.19,15.62,0.38,646765760,978805927053.9,1.06,1.34,3.91424194,103.91424194,https://r.jina.ai/http://push2his.eastmoney.com/api/qt/stock/kline/get?secid=1.000001&ut=fa5fd1943c7b386f172d6893dbfba10b&fields1=f1%2Cf2%2Cf3%2Cf4%2Cf5%2Cf6&fields2=f51%2Cf52%2Cf53%2Cf54%2Cf55%2Cf56%2Cf57%2Cf58%2Cf59%2Cf60%2Cf61&klt=101&fqt=0&beg=20251201&end=20260717&lmt=1000&_=20260718140000
2026-03-06,创业板指,399006.SZ,0.399006,3216.94,3197.66,3248.9,3177.87,3229.3,12.36,0.38,227445978,543512684990.44,2.21,4.07,0.81575439,100.81575439,https://r.jina.ai/http://push2his.eastmoney.com/api/qt/stock/kline/get?secid=0.399006&ut=fa5fd1943c7b386f172d6893dbfba10b&fields1=f1%2Cf2%2Cf3%2Cf4%2Cf5%2Cf6&fields2=f51%2Cf52%2Cf53%2Cf54%2Cf55%2Cf56%2Cf57%2Cf58%2Cf59%2Cf60%2Cf61&klt=101&fqt=0&beg=20251201&end=20260717&lmt=1000&_=20260718140000
2026-03-06,半导体材料设备指数,931743.CSI,2.931743,6004.26,5963.73,6044.32,5925.95,5936.81,-67.45,-1.12,3263171,23664082539,1.97,1.91,15.29622192,115.29622192,https://r.jina.ai/http://push2his.eastmoney.com/api/qt/stock/kline/get?secid=2.931743&ut=fa5fd1943c7b386f172d6893dbfba10b&fields1=f1%2Cf2%2Cf3%2Cf4%2Cf5%2Cf6&fields2=f51%2Cf52%2Cf53%2Cf54%2Cf55%2Cf56%2Cf57%2Cf58%2Cf59%2Cf60%2Cf61&klt=101&fqt=0&beg=20251201&end=20260717&lmt=1000&_=20260718140000
2026-03-06,存储芯片概念,BK1137,90.BK1137,2368.97,2351.83,2413.05,2351.6,2393.65,24.68,1.04,24446835,116955677559,2.59,2.9,18.60086016,118.60086016,https://r.jina.ai/http://push2his.eastmoney.com/api/qt/stock/kline/get?secid=90.BK1137&ut=fa5fd1943c7b386f172d6893dbfba10b&fields1=f1%2Cf2%2Cf3%2Cf4%2Cf5%2Cf6&fields2=f51%2Cf52%2Cf53%2Cf54%2Cf55%2Cf56%2Cf57%2Cf58%2Cf59%2Cf60%2Cf61&klt=101&fqt=0&beg=20251201&end=20260717&lmt=1000&_=20260718140000
2026-03-06,科创50指数,000688.SH,1.000688,1405.35,1396.59,1422,1396.59,1414.39,9.04,0.64,9690549,60117751953,1.81,1.38,5.2216932,105.2216932,https://r.jina.ai/http://push2his.eastmoney.com/api/qt/stock/kline/get?secid=1.000688&ut=fa5fd1943c7b386f172d6893dbfba10b&fields1=f1%2Cf2%2Cf3%2Cf4%2Cf5%2Cf6&fields2=f51%2Cf52%2Cf53%2Cf54%2Cf55%2Cf56%2Cf57%2Cf58%2Cf59%2Cf60%2Cf61&klt=101&fqt=0&beg=20251201&end=20260717&lmt=1000&_=20260718140000
2026-03-09,CPO概念,BK1128,90.BK1128,6270.68,6037.6,6140.9,5812.65,6111.91,-158.77,-2.53,20621809,149265891144,5.23,2.59,22.08510528,122.08510528,https://r.jina.ai/http://push2his.eastmoney.com/api/qt/stock/kline/get?secid=90.BK1128&ut=fa5fd1943c7b386f172d6893dbfba10b&fields1=f1%2Cf2%2Cf3%2Cf4%2Cf5%2Cf6&fields2=f51%2Cf52%2Cf53%2Cf54%2Cf55%2Cf56%2Cf57%2Cf58%2Cf59%2Cf60%2Cf61&klt=101&fqt=0&beg=20251201&end=20260717&lmt=1000&_=20260718140000
2026-03-09,PCB概念,BK0877,90.BK0877,3206.04,3124.95,3150.39,3029.64,3140.76,-65.28,-2.04,34408635,108920987168,3.77,3.29,15.28855542,115.28855542,https://r.jina.ai/http://push2his.eastmoney.com/api/qt/stock/kline/get?secid=90.BK0877&ut=fa5fd1943c7b386f172d6893dbfba10b&fields1=f1%2Cf2%2Cf3%2Cf4%2Cf5%2Cf6&fields2=f51%2Cf52%2Cf53%2Cf54%2Cf55%2Cf56%2Cf57%2Cf58%2Cf59%2Cf60%2Cf61&klt=101&fqt=0&beg=20251201&end=20260717&lmt=1000&_=20260718140000
2026-03-09,上证指数,000001.SH,1.000001,4124.19,4098.7,4106.53,4052.55,4096.6,-27.59,-0.67,797803556,1194106193208.4,1.31,1.65,3.21907661,103.21907661,https://r.jina.ai/http://push2his.eastmoney.com/api/qt/stock/kline/get?secid=1.000001&ut=fa5fd1943c7b386f172d6893dbfba10b&fields1=f1%2Cf2%2Cf3%2Cf4%2Cf5%2Cf6&fields2=f51%2Cf52%2Cf53%2Cf54%2Cf55%2Cf56%2Cf57%2Cf58%2Cf59%2Cf60%2Cf61&klt=101&fqt=0&beg=20251201&end=20260717&lmt=1000&_=20260718140000
2026-03-09,创业板指,399006.SZ,0.399006,3229.3,3152.72,3220.01,3111.88,3208.58,-20.72,-0.64,260338053,653756094223.18,3.35,4.65,0.16889519,100.16889519,https://r.jina.ai/http://push2his.eastmoney.com/api/qt/stock/kline/get?secid=0.399006&ut=fa5fd1943c7b386f172d6893dbfba10b&fields1=f1%2Cf2%2Cf3%2Cf4%2Cf5%2Cf6&fields2=f51%2Cf52%2Cf53%2Cf54%2Cf55%2Cf56%2Cf57%2Cf58%2Cf59%2Cf60%2Cf61&klt=101&fqt=0&beg=20251201&end=20260717&lmt=1000&_=20260718140000
2026-03-09,半导体材料设备指数,931743.CSI,2.931743,5936.81,5731.17,5796.13,5585.92,5780.31,-156.5,-2.64,4670437,35191539752,3.54,2.73,12.25690304,112.25690304,https://r.jina.ai/http://push2his.eastmoney.com/api/qt/stock/kline/get?secid=2.931743&ut=fa5fd1943c7b386f172d6893dbfba10b&fields1=f1%2Cf2%2Cf3%2Cf4%2Cf5%2Cf6&fields2=f51%2Cf52%2Cf53%2Cf54%2Cf55%2Cf56%2Cf57%2Cf58%2Cf59%2Cf60%2Cf61&klt=101&fqt=0&beg=20251201&end=20260717&lmt=1000&_=20260718140000
2026-03-09,存储芯片概念,BK1137,90.BK1137,2393.65,2330.64,2369.47,2283.16,2361.4,-32.25,-1.35,28216995,134103581125,3.61,3.35,17.00293325,117.00293325,https://r.jina.ai/http://push2his.eastmoney.com/api/qt/stock/kline/get?secid=90.BK1137&ut=fa5fd1943c7b386f172d6893dbfba10b&fields1=f1%2Cf2%2Cf3%2Cf4%2Cf5%2Cf6&fields2=f51%2Cf52%2Cf53%2Cf54%2Cf55%2Cf56%2Cf57%2Cf58%2Cf59%2Cf60%2Cf61&klt=101&fqt=0&beg=20251201&end=20260717&lmt=1000&_=20260718140000
2026-03-09,科创50指数,000688.SH,1.000688,1414.39,1373.82,1398.25,1351.88,1390.48,-23.91,-1.69,11840094,74328800765,3.28,1.69,3.44294004,103.44294004,https://r.jina.ai/http://push2his.eastmoney.com/api/qt/stock/kline/get?secid=1.000688&ut=fa5fd1943c7b386f172d6893dbfba10b&fields1=f1%2Cf2%2Cf3%2Cf4%2Cf5%2Cf6&fields2=f51%2Cf52%2Cf53%2Cf54%2Cf55%2Cf56%2Cf57%2Cf58%2Cf59%2Cf60%2Cf61&klt=101&fqt=0&beg=20251201&end=20260717&lmt=1000&_=20260718140000
2026-03-10,CPO概念,BK1128,90.BK1128,6111.91,6289.75,6521.76,6289.75,6518.76,406.85,6.66,20812981,158432382476,3.8,2.61,30.21191426,130.21191426,https://r.jina.ai/http://push2his.eastmoney.com/api/qt/stock/kline/get?secid=90.BK1128&ut=fa5fd1943c7b386f172d6893dbfba10b&fields1=f1%2Cf2%2Cf3%2Cf4%2Cf5%2Cf6&fields2=f51%2Cf52%2Cf53%2Cf54%2Cf55%2Cf56%2Cf57%2Cf58%2Cf59%2Cf60%2Cf61&klt=101&fqt=0&beg=20251201&end=20260717&lmt=1000&_=20260718140000
2026-03-10,PCB概念,BK0877,90.BK0877,3140.76,3189.76,3290.06,3189.76,3290.06,149.3,4.75,33118060,113501246112,3.19,3.17,20.76894276,120.76894276,https://r.jina.ai/http://push2his.eastmoney.com/api/qt/stock/kline/get?secid=90.BK0877&ut=fa5fd1943c7b386f172d6893dbfba10b&fields1=f1%2Cf2%2Cf3%2Cf4%2Cf5%2Cf6&fields2=f51%2Cf52%2Cf53%2Cf54%2Cf55%2Cf56%2Cf57%2Cf58%2Cf59%2Cf60%2Cf61&klt=101&fqt=0&beg=20251201&end=20260717&lmt=1000&_=20260718140000
2026-03-10,上证指数,000001.SH,1.000001,4096.6,4098.59,4123.96,4098.59,4123.14,26.54,0.65,674922194,1036427205293.4,0.62,1.4,3.88778585,103.88778585,https://r.jina.ai/http://push2his.eastmoney.com/api/qt/stock/kline/get?secid=1.000001&ut=fa5fd1943c7b386f172d6893dbfba10b&fields1=f1%2Cf2%2Cf3%2Cf4%2Cf5%2Cf6&fields2=f51%2Cf52%2Cf53%2Cf54%2Cf55%2Cf56%2Cf57%2Cf58%2Cf59%2Cf60%2Cf61&klt=101&fqt=0&beg=20251201&end=20260717&lmt=1000&_=20260718140000
2026-03-10,创业板指,399006.SZ,0.399006,3208.58,3281.94,3308.75,3272.99,3306.14,97.56,3.04,241663469,648715325054.84,1.11,4.32,3.21462801,103.21462801,https://r.jina.ai/http://push2his.eastmoney.com/api/qt/stock/kline/get?secid=0.399006&ut=fa5fd1943c7b386f172d6893dbfba10b&fields1=f1%2Cf2%2Cf3%2Cf4%2Cf5%2Cf6&fields2=f51%2Cf52%2Cf53%2Cf54%2Cf55%2Cf56%2Cf57%2Cf58%2Cf59%2Cf60%2Cf61&klt=101&fqt=0&beg=20251201&end=20260717&lmt=1000&_=20260718140000
2026-03-10,半导体材料设备指数,931743.CSI,2.931743,5780.31,5901.82,5953.37,5827.44,5920.26,139.95,2.42,3729193,29021273077,2.18,2.18,14.97481152,114.97481152,https://r.jina.ai/http://push2his.eastmoney.com/api/qt/stock/kline/get?secid=2.931743&ut=fa5fd1943c7b386f172d6893dbfba10b&fields1=f1%2Cf2%2Cf3%2Cf4%2Cf5%2Cf6&fields2=f51%2Cf52%2Cf53%2Cf54%2Cf55%2Cf56%2Cf57%2Cf58%2Cf59%2Cf60%2Cf61&klt=101&fqt=0&beg=20251201&end=20260717&lmt=1000&_=20260718140000
2026-03-10,存储芯片概念,BK1137,90.BK1137,2361.4,2402.7,2431.04,2395.51,2428.89,67.49,2.86,25768800,123930814566,1.5,3.06,20.34693594,120.34693594,https://r.jina.ai/http://push2his.eastmoney.com/api/qt/stock/kline/get?secid=90.BK1137&ut=fa5fd1943c7b386f172d6893dbfba10b&fields1=f1%2Cf2%2Cf3%2Cf4%2Cf5%2Cf6&fields2=f51%2Cf52%2Cf53%2Cf54%2Cf55%2Cf56%2Cf57%2Cf58%2Cf59%2Cf60%2Cf61&klt=101&fqt=0&beg=20251201&end=20260717&lmt=1000&_=20260718140000
2026-03-10,科创50指数,000688.SH,1.000688,1390.48,1417.26,1424.72,1402.63,1420.54,30.06,2.16,12153403,65103795254,1.59,1.73,5.6792144,105.6792144,https://r.jina.ai/http://push2his.eastmoney.com/api/qt/stock/kline/get?secid=1.000688&ut=fa5fd1943c7b386f172d6893dbfba10b&fields1=f1%2Cf2%2Cf3%2Cf4%2Cf5%2Cf6&fields2=f51%2Cf52%2Cf53%2Cf54%2Cf55%2Cf56%2Cf57%2Cf58%2Cf59%2Cf60%2Cf61&klt=101&fqt=0&beg=20251201&end=20260717&lmt=1000&_=20260718140000
2026-03-11,CPO概念,BK1128,90.BK1128,6518.76,6578.42,6759.03,6575.19,6600.97,82.21,1.26,24643845,172791657521,2.82,3.09,31.85405502,131.85405502,https://r.jina.ai/http://push2his.eastmoney.com/api/qt/stock/kline/get?secid=90.BK1128&ut=fa5fd1943c7b386f172d6893dbfba10b&fields1=f1%2Cf2%2Cf3%2Cf4%2Cf5%2Cf6&fields2=f51%2Cf52%2Cf53%2Cf54%2Cf55%2Cf56%2Cf57%2Cf58%2Cf59%2Cf60%2Cf61&klt=101&fqt=0&beg=20251201&end=20260717&lmt=1000&_=20260718140000
2026-03-11,PCB概念,BK0877,90.BK0877,3290.06,3298.35,3351.91,3287.33,3298.63,8.57,0.26,35361878,118813134003,1.96,3.38,21.0835236,121.0835236,https://r.jina.ai/http://push2his.eastmoney.com/api/qt/stock/kline/get?secid=90.BK0877&ut=fa5fd1943c7b386f172d6893dbfba10b&fields1=f1%2Cf2%2Cf3%2Cf4%2Cf5%2Cf6&fields2=f51%2Cf52%2Cf53%2Cf54%2Cf55%2Cf56%2Cf57%2Cf58%2Cf59%2Cf60%2Cf61&klt=101&fqt=0&beg=20251201&end=20260717&lmt=1000&_=20260718140000
2026-03-11,上证指数,000001.SH,1.000001,4123.14,4123.67,4135.84,4112.8,4133.43,10.29,0.25,707727169,1063600874394.3,0.56,1.46,4.14705556,104.14705556,https://r.jina.ai/http://push2his.eastmoney.com/api/qt/stock/kline/get?secid=1.000001&ut=fa5fd1943c7b386f172d6893dbfba10b&fields1=f1%2Cf2%2Cf3%2Cf4%2Cf5%2Cf6&fields2=f51%2Cf52%2Cf53%2Cf54%2Cf55%2Cf56%2Cf57%2Cf58%2Cf59%2Cf60%2Cf61&klt=101&fqt=0&beg=20251201&end=20260717&lmt=1000&_=20260718140000
2026-03-11,创业板指,399006.SZ,0.399006,3306.14,3318.41,3388.1,3318.41,3349.53,43.39,1.31,240926113,663144116389.96,2.11,4.31,4.56922361,104.56922361,https://r.jina.ai/http://push2his.eastmoney.com/api/qt/stock/kline/get?secid=0.399006&ut=fa5fd1943c7b386f172d6893dbfba10b&fields1=f1%2Cf2%2Cf3%2Cf4%2Cf5%2Cf6&fields2=f51%2Cf52%2Cf53%2Cf54%2Cf55%2Cf56%2Cf57%2Cf58%2Cf59%2Cf60%2Cf61&klt=101&fqt=0&beg=20251201&end=20260717&lmt=1000&_=20260718140000
2026-03-11,半导体材料设备指数,931743.CSI,2.931743,5920.26,5908.05,5936.74,5801.87,5844.6,-75.66,-1.28,3777495,29198317215,2.28,2.21,13.50545135,113.50545135,https://r.jina.ai/http://push2his.eastmoney.com/api/qt/stock/kline/get?secid=2.931743&ut=fa5fd1943c7b386f172d6893dbfba10b&fields1=f1%2Cf2%2Cf3%2Cf4%2Cf5%2Cf6&fields2=f51%2Cf52%2Cf53%2Cf54%2Cf55%2Cf56%2Cf57%2Cf58%2Cf59%2Cf60%2Cf61&klt=101&fqt=0&beg=20251201&end=20260717&lmt=1000&_=20260718140000
2026-03-11,存储芯片概念,BK1137,90.BK1137,2428.89,2430.88,2451.53,2403.29,2410.95,-17.94,-0.74,25177518,118269168303,1.99,2.99,19.45804265,119.45804265,https://r.jina.ai/http://push2his.eastmoney.com/api/qt/stock/kline/get?secid=90.BK1137&ut=fa5fd1943c7b386f172d6893dbfba10b&fields1=f1%2Cf2%2Cf3%2Cf4%2Cf5%2Cf6&fields2=f51%2Cf52%2Cf53%2Cf54%2Cf55%2Cf56%2Cf57%2Cf58%2Cf59%2Cf60%2Cf61&klt=101&fqt=0&beg=20251201&end=20260717&lmt=1000&_=20260718140000
2026-03-11,科创50指数,000688.SH,1.000688,1420.54,1421.35,1427.1,1400.45,1401.08,-19.46,-1.37,12973679,65494494433,1.88,1.85,4.23151317,104.23151317,https://r.jina.ai/http://push2his.eastmoney.com/api/qt/stock/kline/get?secid=1.000688&ut=fa5fd1943c7b386f172d6893dbfba10b&fields1=f1%2Cf2%2Cf3%2Cf4%2Cf5%2Cf6&fields2=f51%2Cf52%2Cf53%2Cf54%2Cf55%2Cf56%2Cf57%2Cf58%2Cf59%2Cf60%2Cf61&klt=101&fqt=0&beg=20251201&end=20260717&lmt=1000&_=20260718140000
2026-03-12,CPO概念,BK1128,90.BK1128,6600.97,6571.27,6772.99,6443.69,6574.72,-26.25,-0.4,24300211,173853887842,4.99,3.05,31.32971254,131.32971254,https://r.jina.ai/http://push2his.eastmoney.com/api/qt/stock/kline/get?secid=90.BK1128&ut=fa5fd1943c7b386f172d6893dbfba10b&fields1=f1%2Cf2%2Cf3%2Cf4%2Cf5%2Cf6&fields2=f51%2Cf52%2Cf53%2Cf54%2Cf55%2Cf56%2Cf57%2Cf58%2Cf59%2Cf60%2Cf61&klt=101&fqt=0&beg=20251201&end=20260717&lmt=1000&_=20260718140000
2026-03-12,PCB概念,BK0877,90.BK0877,3298.63,3291.34,3320.09,3214.14,3248.33,-50.3,-1.52,31935605,105575333484,3.21,3.06,19.23715064,119.23715064,https://r.jina.ai/http://push2his.eastmoney.com/api/qt/stock/kline/get?secid=90.BK0877&ut=fa5fd1943c7b386f172d6893dbfba10b&fields1=f1%2Cf2%2Cf3%2Cf4%2Cf5%2Cf6&fields2=f51%2Cf52%2Cf53%2Cf54%2Cf55%2Cf56%2Cf57%2Cf58%2Cf59%2Cf60%2Cf61&klt=101&fqt=0&beg=20251201&end=20260717&lmt=1000&_=20260718140000
2026-03-12,上证指数,000001.SH,1.000001,4133.43,4133.2,4141.65,4103.16,4129.1,-4.33,-0.1,786151182,1078215329773.1,0.93,1.63,4.03795567,104.03795567,https://r.jina.ai/http://push2his.eastmoney.com/api/qt/stock/kline/get?secid=1.000001&ut=fa5fd1943c7b386f172d6893dbfba10b&fields1=f1%2Cf2%2Cf3%2Cf4%2Cf5%2Cf6&fields2=f51%2Cf52%2Cf53%2Cf54%2Cf55%2Cf56%2Cf57%2Cf58%2Cf59%2Cf60%2Cf61&klt=101&fqt=0&beg=20251201&end=20260717&lmt=1000&_=20260718140000
2026-03-12,创业板指,399006.SZ,0.399006,3349.53,3357.03,3358.77,3286.77,3317.52,-32.01,-0.96,230926354,599744315942.85,2.15,4.13,3.56990107,103.56990107,https://r.jina.ai/http://push2his.eastmoney.com/api/qt/stock/kline/get?secid=0.399006&ut=fa5fd1943c7b386f172d6893dbfba10b&fields1=f1%2Cf2%2Cf3%2Cf4%2Cf5%2Cf6&fields2=f51%2Cf52%2Cf53%2Cf54%2Cf55%2Cf56%2Cf57%2Cf58%2Cf59%2Cf60%2Cf61&klt=101&fqt=0&beg=20251201&end=20260717&lmt=1000&_=20260718140000
2026-03-12,半导体材料设备指数,931743.CSI,2.931743,5844.6,5830.24,5884.01,5689.15,5751.85,-92.75,-1.59,3228989,25556947132,3.33,1.89,11.70419368,111.70419368,https://r.jina.ai/http://push2his.eastmoney.com/api/qt/stock/kline/get?secid=2.931743&ut=fa5fd1943c7b386f172d6893dbfba10b&fields1=f1%2Cf2%2Cf3%2Cf4%2Cf5%2Cf6&fields2=f51%2Cf52%2Cf53%2Cf54%2Cf55%2Cf56%2Cf57%2Cf58%2Cf59%2Cf60%2Cf61&klt=101&fqt=0&beg=20251201&end=20260717&lmt=1000&_=20260718140000
2026-03-12,存储芯片概念,BK1137,90.BK1137,2410.95,2406.19,2418.46,2355.81,2381.24,-29.71,-1.23,24289139,104918218571,2.6,2.88,17.98596797,117.98596797,https://r.jina.ai/http://push2his.eastmoney.com/api/qt/stock/kline/get?secid=90.BK1137&ut=fa5fd1943c7b386f172d6893dbfba10b&fields1=f1%2Cf2%2Cf3%2Cf4%2Cf5%2Cf6&fields2=f51%2Cf52%2Cf53%2Cf54%2Cf55%2Cf56%2Cf57%2Cf58%2Cf59%2Cf60%2Cf61&klt=101&fqt=0&beg=20251201&end=20260717&lmt=1000&_=20260718140000
2026-03-12,科创50指数,000688.SH,1.000688,1401.08,1397.78,1412.53,1372.97,1383.65,-17.43,-1.24,11759193,62958786927,2.82,1.68,2.93483113,102.93483113,https://r.jina.ai/http://push2his.eastmoney.com/api/qt/stock/kline/get?secid=1.000688&ut=fa5fd1943c7b386f172d6893dbfba10b&fields1=f1%2Cf2%2Cf3%2Cf4%2Cf5%2Cf6&fields2=f51%2Cf52%2Cf53%2Cf54%2Cf55%2Cf56%2Cf57%2Cf58%2Cf59%2Cf60%2Cf61&klt=101&fqt=0&beg=20251201&end=20260717&lmt=1000&_=20260718140000
2026-03-13,CPO概念,BK1128,90.BK1128,6574.72,6478.79,6574.9,6397.61,6408.83,-165.89,-2.52,18854876,135553213319,2.7,2.37,28.01606785,128.01606785,https://r.jina.ai/http://push2his.eastmoney.com/api/qt/stock/kline/get?secid=90.BK1128&ut=fa5fd1943c7b386f172d6893dbfba10b&fields1=f1%2Cf2%2Cf3%2Cf4%2Cf5%2Cf6&fields2=f51%2Cf52%2Cf53%2Cf54%2Cf55%2Cf56%2Cf57%2Cf58%2Cf59%2Cf60%2Cf61&klt=101&fqt=0&beg=20251201&end=20260717&lmt=1000&_=20260718140000
2026-03-13,PCB概念,BK0877,90.BK0877,3248.33,3227.38,3266.05,3203.26,3221.68,-26.65,-0.82,34824605,116094031382,1.93,3.33,18.25890334,118.25890334,https://r.jina.ai/http://push2his.eastmoney.com/api/qt/stock/kline/get?secid=90.BK0877&ut=fa5fd1943c7b386f172d6893dbfba10b&fields1=f1%2Cf2%2Cf3%2Cf4%2Cf5%2Cf6&fields2=f51%2Cf52%2Cf53%2Cf54%2Cf55%2Cf56%2Cf57%2Cf58%2Cf59%2Cf60%2Cf61&klt=101&fqt=0&beg=20251201&end=20260717&lmt=1000&_=20260718140000
2026-03-13,上证指数,000001.SH,1.000001,4129.1,4117.57,4134.08,4086.85,4095.45,-33.65,-0.81,792054764,1063918169396.4,1.14,1.64,3.19010089,103.19010089,https://r.jina.ai/http://push2his.eastmoney.com/api/qt/stock/kline/get?secid=1.000001&ut=fa5fd1943c7b386f172d6893dbfba10b&fields1=f1%2Cf2%2Cf3%2Cf4%2Cf5%2Cf6&fields2=f51%2Cf52%2Cf53%2Cf54%2Cf55%2Cf56%2Cf57%2Cf58%2Cf59%2Cf60%2Cf61&klt=101&fqt=0&beg=20251201&end=20260717&lmt=1000&_=20260718140000
2026-03-13,创业板指,399006.SZ,0.399006,3317.52,3296.5,3342.85,3296.11,3310.28,-7.24,-0.22,231741928,579965656477.05,1.41,4.14,3.34387497,103.34387497,https://r.jina.ai/http://push2his.eastmoney.com/api/qt/stock/kline/get?secid=0.399006&ut=fa5fd1943c7b386f172d6893dbfba10b&fields1=f1%2Cf2%2Cf3%2Cf4%2Cf5%2Cf6&fields2=f51%2Cf52%2Cf53%2Cf54%2Cf55%2Cf56%2Cf57%2Cf58%2Cf59%2Cf60%2Cf61&klt=101&fqt=0&beg=20251201&end=20260717&lmt=1000&_=20260718140000
2026-03-13,半导体材料设备指数,931743.CSI,2.931743,5751.85,5679.86,5808.91,5659.4,5693.71,-58.14,-1.01,3370836,26346067862,2.6,1.97,10.57508186,110.57508186,https://r.jina.ai/http://push2his.eastmoney.com/api/qt/stock/kline/get?secid=2.931743&ut=fa5fd1943c7b386f172d6893dbfba10b&fields1=f1%2Cf2%2Cf3%2Cf4%2Cf5%2Cf6&fields2=f51%2Cf52%2Cf53%2Cf54%2Cf55%2Cf56%2Cf57%2Cf58%2Cf59%2Cf60%2Cf61&klt=101&fqt=0&beg=20251201&end=20260717&lmt=1000&_=20260718140000
2026-03-13,存储芯片概念,BK1137,90.BK1137,2381.24,2360.15,2410.69,2339.94,2352.44,-28.8,-1.21,23094515,110900352335,2.97,2.74,16.55898208,116.55898208,https://r.jina.ai/http://push2his.eastmoney.com/api/qt/stock/kline/get?secid=90.BK1137&ut=fa5fd1943c7b386f172d6893dbfba10b&fields1=f1%2Cf2%2Cf3%2Cf4%2Cf5%2Cf6&fields2=f51%2Cf52%2Cf53%2Cf54%2Cf55%2Cf56%2Cf57%2Cf58%2Cf59%2Cf60%2Cf61&klt=101&fqt=0&beg=20251201&end=20260717&lmt=1000&_=20260718140000
2026-03-13,科创50指数,000688.SH,1.000688,1383.65,1374.65,1392.43,1365.62,1373.64,-10.01,-0.72,12002263,66780732961,1.94,1.71,2.19015028,102.19015028,https://r.jina.ai/http://push2his.eastmoney.com/api/qt/stock/kline/get?secid=1.000688&ut=fa5fd1943c7b386f172d6893dbfba10b&fields1=f1%2Cf2%2Cf3%2Cf4%2Cf5%2Cf6&fields2=f51%2Cf52%2Cf53%2Cf54%2Cf55%2Cf56%2Cf57%2Cf58%2Cf59%2Cf60%2Cf61&klt=101&fqt=0&beg=20251201&end=20260717&lmt=1000&_=20260718140000
2026-03-16,CPO概念,BK1128,90.BK1128,6408.83,6393.61,6458.43,6266.33,6445.59,36.76,0.57,19301823,141202336406,3,2.42,28.75034706,128.75034706,https://r.jina.ai/http://push2his.eastmoney.com/api/qt/stock/kline/get?secid=90.BK1128&ut=fa5fd1943c7b386f172d6893dbfba10b&fields1=f1%2Cf2%2Cf3%2Cf4%2Cf5%2Cf6&fields2=f51%2Cf52%2Cf53%2Cf54%2Cf55%2Cf56%2Cf57%2Cf58%2Cf59%2Cf60%2Cf61&klt=101&fqt=0&beg=20251201&end=20260717&lmt=1000&_=20260718140000
2026-03-16,PCB概念,BK0877,90.BK0877,3221.68,3214.54,3279.13,3167.37,3279.05,57.37,1.78,35463588,120388397351,3.47,3.39,20.36479631,120.36479631,https://r.jina.ai/http://push2his.eastmoney.com/api/qt/stock/kline/get?secid=90.BK0877&ut=fa5fd1943c7b386f172d6893dbfba10b&fields1=f1%2Cf2%2Cf3%2Cf4%2Cf5%2Cf6&fields2=f51%2Cf52%2Cf53%2Cf54%2Cf55%2Cf56%2Cf57%2Cf58%2Cf59%2Cf60%2Cf61&klt=101&fqt=0&beg=20251201&end=20260717&lmt=1000&_=20260718140000
2026-03-16,上证指数,000001.SH,1.000001,4095.45,4092.25,4096.13,4048.09,4084.79,-10.66,-0.26,732227098,1037223833962.6,1.17,1.51,2.92150855,102.92150855,https://r.jina.ai/http://push2his.eastmoney.com/api/qt/stock/kline/get?secid=1.000001&ut=fa5fd1943c7b386f172d6893dbfba10b&fields1=f1%2Cf2%2Cf3%2Cf4%2Cf5%2Cf6&fields2=f51%2Cf52%2Cf53%2Cf54%2Cf55%2Cf56%2Cf57%2Cf58%2Cf59%2Cf60%2Cf61&klt=101&fqt=0&beg=20251201&end=20260717&lmt=1000&_=20260718140000
2026-03-16,创业板指,399006.SZ,0.399006,3310.28,3323.98,3360.35,3284.05,3357.02,46.74,1.41,213329075,559137564908.85,2.3,3.81,4.80305447,104.80305447,https://r.jina.ai/http://push2his.eastmoney.com/api/qt/stock/kline/get?secid=0.399006&ut=fa5fd1943c7b386f172d6893dbfba10b&fields1=f1%2Cf2%2Cf3%2Cf4%2Cf5%2Cf6&fields2=f51%2Cf52%2Cf53%2Cf54%2Cf55%2Cf56%2Cf57%2Cf58%2Cf59%2Cf60%2Cf61&klt=101&fqt=0&beg=20251201&end=20260717&lmt=1000&_=20260718140000
2026-03-16,半导体材料设备指数,931743.CSI,2.931743,5693.71,5694.88,5780.79,5548.96,5771.92,78.21,1.37,4339505,31626757531,4.07,2.53,12.09396448,112.09396448,https://r.jina.ai/http://push2his.eastmoney.com/api/qt/stock/kline/get?secid=2.931743&ut=fa5fd1943c7b386f172d6893dbfba10b&fields1=f1%2Cf2%2Cf3%2Cf4%2Cf5%2Cf6&fields2=f51%2Cf52%2Cf53%2Cf54%2Cf55%2Cf56%2Cf57%2Cf58%2Cf59%2Cf60%2Cf61&klt=101&fqt=0&beg=20251201&end=20260717&lmt=1000&_=20260718140000
2026-03-16,存储芯片概念,BK1137,90.BK1137,2352.44,2347,2423.29,2321.4,2420.34,67.9,2.89,30442305,151077003847,4.33,3.61,19.92329951,119.92329951,https://r.jina.ai/http://push2his.eastmoney.com/api/qt/stock/kline/get?secid=90.BK1137&ut=fa5fd1943c7b386f172d6893dbfba10b&fields1=f1%2Cf2%2Cf3%2Cf4%2Cf5%2Cf6&fields2=f51%2Cf52%2Cf53%2Cf54%2Cf55%2Cf56%2Cf57%2Cf58%2Cf59%2Cf60%2Cf61&klt=101&fqt=0&beg=20251201&end=20260717&lmt=1000&_=20260718140000
2026-03-16,科创50指数,000688.SH,1.000688,1373.64,1370.7,1386.55,1349.27,1384.99,11.35,0.83,10953762,73815884502,2.71,1.56,3.03451867,103.03451867,https://r.jina.ai/http://push2his.eastmoney.com/api/qt/stock/kline/get?secid=1.000688&ut=fa5fd1943c7b386f172d6893dbfba10b&fields1=f1%2Cf2%2Cf3%2Cf4%2Cf5%2Cf6&fields2=f51%2Cf52%2Cf53%2Cf54%2Cf55%2Cf56%2Cf57%2Cf58%2Cf59%2Cf60%2Cf61&klt=101&fqt=0&beg=20251201&end=20260717&lmt=1000&_=20260718140000
2026-03-17,CPO概念,BK1128,90.BK1128,6445.59,6456.17,6456.17,5998.53,6002.59,-443,-6.87,20008752,151224183861,7.1,2.51,19.90144359,119.90144359,https://r.jina.ai/http://push2his.eastmoney.com/api/qt/stock/kline/get?secid=90.BK1128&ut=fa5fd1943c7b386f172d6893dbfba10b&fields1=f1%2Cf2%2Cf3%2Cf4%2Cf5%2Cf6&fields2=f51%2Cf52%2Cf53%2Cf54%2Cf55%2Cf56%2Cf57%2Cf58%2Cf59%2Cf60%2Cf61&klt=101&fqt=0&beg=20251201&end=20260717&lmt=1000&_=20260718140000
2026-03-17,PCB概念,BK0877,90.BK0877,3279.05,3290.24,3291.19,3147.71,3148.58,-130.47,-3.98,33442277,125672077480,4.38,3.2,15.57560585,115.57560585,https://r.jina.ai/http://push2his.eastmoney.com/api/qt/stock/kline/get?secid=90.BK0877&ut=fa5fd1943c7b386f172d6893dbfba10b&fields1=f1%2Cf2%2Cf3%2Cf4%2Cf5%2Cf6&fields2=f51%2Cf52%2Cf53%2Cf54%2Cf55%2Cf56%2Cf57%2Cf58%2Cf59%2Cf60%2Cf61&klt=101&fqt=0&beg=20251201&end=20260717&lmt=1000&_=20260718140000
2026-03-17,上证指数,000001.SH,1.000001,4084.79,4086.3,4108.4,4049.58,4049.91,-34.88,-0.85,678771224,951228129260.7,1.44,1.4,2.04266234,102.04266234,https://r.jina.ai/http://push2his.eastmoney.com/api/qt/stock/kline/get?secid=1.000001&ut=fa5fd1943c7b386f172d6893dbfba10b&fields1=f1%2Cf2%2Cf3%2Cf4%2Cf5%2Cf6&fields2=f51%2Cf52%2Cf53%2Cf54%2Cf55%2Cf56%2Cf57%2Cf58%2Cf59%2Cf60%2Cf61&klt=101&fqt=0&beg=20251201&end=20260717&lmt=1000&_=20260718140000
2026-03-17,创业板指,399006.SZ,0.399006,3357.02,3385.71,3390.02,3279.87,3280.06,-76.96,-2.29,213048318,563825414777.88,3.28,3.81,2.40043457,102.40043457,https://r.jina.ai/http://push2his.eastmoney.com/api/qt/stock/kline/get?secid=0.399006&ut=fa5fd1943c7b386f172d6893dbfba10b&fields1=f1%2Cf2%2Cf3%2Cf4%2Cf5%2Cf6&fields2=f51%2Cf52%2Cf53%2Cf54%2Cf55%2Cf56%2Cf57%2Cf58%2Cf59%2Cf60%2Cf61&klt=101&fqt=0&beg=20251201&end=20260717&lmt=1000&_=20260718140000
2026-03-17,半导体材料设备指数,931743.CSI,2.931743,5771.92,5776.42,5796.03,5601.67,5603.17,-168.75,-2.92,3656665,25033630637,3.37,2.14,8.81674364,108.81674364,https://r.jina.ai/http://push2his.eastmoney.com/api/qt/stock/kline/get?secid=2.931743&ut=fa5fd1943c7b386f172d6893dbfba10b&fields1=f1%2Cf2%2Cf3%2Cf4%2Cf5%2Cf6&fields2=f51%2Cf52%2Cf53%2Cf54%2Cf55%2Cf56%2Cf57%2Cf58%2Cf59%2Cf60%2Cf61&klt=101&fqt=0&beg=20251201&end=20260717&lmt=1000&_=20260718140000
2026-03-17,存储芯片概念,BK1137,90.BK1137,2420.34,2427,2427,2355.55,2355.97,-64.37,-2.66,32936776,129594066218,2.95,3.91,16.73388695,116.73388695,https://r.jina.ai/http://push2his.eastmoney.com/api/qt/stock/kline/get?secid=90.BK1137&ut=fa5fd1943c7b386f172d6893dbfba10b&fields1=f1%2Cf2%2Cf3%2Cf4%2Cf5%2Cf6&fields2=f51%2Cf52%2Cf53%2Cf54%2Cf55%2Cf56%2Cf57%2Cf58%2Cf59%2Cf60%2Cf61&klt=101&fqt=0&beg=20251201&end=20260717&lmt=1000&_=20260718140000
2026-03-17,科创50指数,000688.SH,1.000688,1384.99,1386.26,1390.84,1354.15,1354.15,-30.84,-2.23,9184655,58419454374,2.65,1.31,0.74021723,100.74021723,https://r.jina.ai/http://push2his.eastmoney.com/api/qt/stock/kline/get?secid=1.000688&ut=fa5fd1943c7b386f172d6893dbfba10b&fields1=f1%2Cf2%2Cf3%2Cf4%2Cf5%2Cf6&fields2=f51%2Cf52%2Cf53%2Cf54%2Cf55%2Cf56%2Cf57%2Cf58%2Cf59%2Cf60%2Cf61&klt=101&fqt=0&beg=20251201&end=20260717&lmt=1000&_=20260718140000
2026-03-18,CPO概念,BK1128,90.BK1128,6002.59,6087.95,6266.38,6030.77,6262.57,259.98,4.33,18876553,147409110527,3.93,2.37,25.09453146,125.09453146,https://r.jina.ai/http://push2his.eastmoney.com/api/qt/stock/kline/get?secid=90.BK1128&ut=fa5fd1943c7b386f172d6893dbfba10b&fields1=f1%2Cf2%2Cf3%2Cf4%2Cf5%2Cf6&fields2=f51%2Cf52%2Cf53%2Cf54%2Cf55%2Cf56%2Cf57%2Cf58%2Cf59%2Cf60%2Cf61&klt=101&fqt=0&beg=20251201&end=20260717&lmt=1000&_=20260718140000
2026-03-18,PCB概念,BK0877,90.BK0877,3148.58,3166.96,3233.02,3156.48,3231.04,82.46,2.62,28733412,114695485486,2.43,2.75,18.60248288,118.60248288,https://r.jina.ai/http://push2his.eastmoney.com/api/qt/stock/kline/get?secid=90.BK0877&ut=fa5fd1943c7b386f172d6893dbfba10b&fields1=f1%2Cf2%2Cf3%2Cf4%2Cf5%2Cf6&fields2=f51%2Cf52%2Cf53%2Cf54%2Cf55%2Cf56%2Cf57%2Cf58%2Cf59%2Cf60%2Cf61&klt=101&fqt=0&beg=20251201&end=20260717&lmt=1000&_=20260718140000
2026-03-18,上证指数,000001.SH,1.000001,4049.91,4053.31,4065.37,4023.03,4062.98,13.07,0.32,623873102,876327491359.6,1.05,1.29,2.37197771,102.37197771,https://r.jina.ai/http://push2his.eastmoney.com/api/qt/stock/kline/get?secid=1.000001&ut=fa5fd1943c7b386f172d6893dbfba10b&fields1=f1%2Cf2%2Cf3%2Cf4%2Cf5%2Cf6&fields2=f51%2Cf52%2Cf53%2Cf54%2Cf55%2Cf56%2Cf57%2Cf58%2Cf59%2Cf60%2Cf61&klt=101&fqt=0&beg=20251201&end=20260717&lmt=1000&_=20260718140000
2026-03-18,创业板指,399006.SZ,0.399006,3280.06,3307.82,3350.56,3274.26,3346.37,66.31,2.02,198278536,542979597686.96,2.33,3.54,4.47057134,104.47057134,https://r.jina.ai/http://push2his.eastmoney.com/api/qt/stock/kline/get?secid=0.399006&ut=fa5fd1943c7b386f172d6893dbfba10b&fields1=f1%2Cf2%2Cf3%2Cf4%2Cf5%2Cf6&fields2=f51%2Cf52%2Cf53%2Cf54%2Cf55%2Cf56%2Cf57%2Cf58%2Cf59%2Cf60%2Cf61&klt=101&fqt=0&beg=20251201&end=20260717&lmt=1000&_=20260718140000
2026-03-18,半导体材料设备指数,931743.CSI,2.931743,5603.17,5656.71,5747.92,5627.2,5737.59,134.42,2.4,3338441,25430245920,2.15,1.95,11.42725638,111.42725638,https://r.jina.ai/http://push2his.eastmoney.com/api/qt/stock/kline/get?secid=2.931743&ut=fa5fd1943c7b386f172d6893dbfba10b&fields1=f1%2Cf2%2Cf3%2Cf4%2Cf5%2Cf6&fields2=f51%2Cf52%2Cf53%2Cf54%2Cf55%2Cf56%2Cf57%2Cf58%2Cf59%2Cf60%2Cf61&klt=101&fqt=0&beg=20251201&end=20260717&lmt=1000&_=20260718140000
2026-03-18,存储芯片概念,BK1137,90.BK1137,2355.97,2382.39,2459.32,2376.73,2458.77,102.8,4.36,34804911,164740206419,3.51,4.13,21.8274338,121.8274338,https://r.jina.ai/http://push2his.eastmoney.com/api/qt/stock/kline/get?secid=90.BK1137&ut=fa5fd1943c7b386f172d6893dbfba10b&fields1=f1%2Cf2%2Cf3%2Cf4%2Cf5%2Cf6&fields2=f51%2Cf52%2Cf53%2Cf54%2Cf55%2Cf56%2Cf57%2Cf58%2Cf59%2Cf60%2Cf61&klt=101&fqt=0&beg=20251201&end=20260717&lmt=1000&_=20260718140000
2026-03-18,科创50指数,000688.SH,1.000688,1354.15,1363.54,1373.86,1348.23,1372.58,18.43,1.36,9799866,63648188177,1.89,1.4,2.11129296,102.11129296,https://r.jina.ai/http://push2his.eastmoney.com/api/qt/stock/kline/get?secid=1.000688&ut=fa5fd1943c7b386f172d6893dbfba10b&fields1=f1%2Cf2%2Cf3%2Cf4%2Cf5%2Cf6&fields2=f51%2Cf52%2Cf53%2Cf54%2Cf55%2Cf56%2Cf57%2Cf58%2Cf59%2Cf60%2Cf61&klt=101&fqt=0&beg=20251201&end=20260717&lmt=1000&_=20260718140000
2026-03-19,CPO概念,BK1128,90.BK1128,6262.57,6145.77,6341.47,6145.77,6236.63,-25.94,-0.41,18881119,143256803448,3.12,2.37,24.57638122,124.57638122,https://r.jina.ai/http://push2his.eastmoney.com/api/qt/stock/kline/get?secid=90.BK1128&ut=fa5fd1943c7b386f172d6893dbfba10b&fields1=f1%2Cf2%2Cf3%2Cf4%2Cf5%2Cf6&fields2=f51%2Cf52%2Cf53%2Cf54%2Cf55%2Cf56%2Cf57%2Cf58%2Cf59%2Cf60%2Cf61&klt=101&fqt=0&beg=20251201&end=20260717&lmt=1000&_=20260718140000
2026-03-19,PCB概念,BK0877,90.BK0877,3231.04,3170.53,3181.81,3110.82,3125.38,-105.66,-3.27,26865296,98016308564,2.2,2.57,14.72399844,114.72399844,https://r.jina.ai/http://push2his.eastmoney.com/api/qt/stock/kline/get?secid=90.BK0877&ut=fa5fd1943c7b386f172d6893dbfba10b&fields1=f1%2Cf2%2Cf3%2Cf4%2Cf5%2Cf6&fields2=f51%2Cf52%2Cf53%2Cf54%2Cf55%2Cf56%2Cf57%2Cf58%2Cf59%2Cf60%2Cf61&klt=101&fqt=0&beg=20251201&end=20260717&lmt=1000&_=20260718140000
2026-03-19,上证指数,000001.SH,1.000001,4062.98,4028.54,4042.02,3994.17,4006.55,-56.43,-1.39,667255422,935264956106.7,1.18,1.38,0.95015168,100.95015168,https://r.jina.ai/http://push2his.eastmoney.com/api/qt/stock/kline/get?secid=1.000001&ut=fa5fd1943c7b386f172d6893dbfba10b&fields1=f1%2Cf2%2Cf3%2Cf4%2Cf5%2Cf6&fields2=f51%2Cf52%2Cf53%2Cf54%2Cf55%2Cf56%2Cf57%2Cf58%2Cf59%2Cf60%2Cf61&klt=101&fqt=0&beg=20251201&end=20260717&lmt=1000&_=20260718140000
2026-03-19,创业板指,399006.SZ,0.399006,3346.37,3311.44,3361.21,3295.45,3309.1,-37.27,-1.11,204201198,545208630142.35,1.97,3.65,3.30703647,103.30703647,https://r.jina.ai/http://push2his.eastmoney.com/api/qt/stock/kline/get?secid=0.399006&ut=fa5fd1943c7b386f172d6893dbfba10b&fields1=f1%2Cf2%2Cf3%2Cf4%2Cf5%2Cf6&fields2=f51%2Cf52%2Cf53%2Cf54%2Cf55%2Cf56%2Cf57%2Cf58%2Cf59%2Cf60%2Cf61&klt=101&fqt=0&beg=20251201&end=20260717&lmt=1000&_=20260718140000
2026-03-19,半导体材料设备指数,931743.CSI,2.931743,5737.59,5644.66,5679.48,5578.1,5600.33,-137.26,-2.39,3337485,23419314716,1.77,1.95,8.76158922,108.76158922,https://r.jina.ai/http://push2his.eastmoney.com/api/qt/stock/kline/get?secid=2.931743&ut=fa5fd1943c7b386f172d6893dbfba10b&fields1=f1%2Cf2%2Cf3%2Cf4%2Cf5%2Cf6&fields2=f51%2Cf52%2Cf53%2Cf54%2Cf55%2Cf56%2Cf57%2Cf58%2Cf59%2Cf60%2Cf61&klt=101&fqt=0&beg=20251201&end=20260717&lmt=1000&_=20260718140000
2026-03-19,存储芯片概念,BK1137,90.BK1137,2458.77,2406.01,2423.16,2377.61,2388.46,-70.31,-2.86,30855763,146506161285,1.85,3.66,18.34370541,118.34370541,https://r.jina.ai/http://push2his.eastmoney.com/api/qt/stock/kline/get?secid=90.BK1137&ut=fa5fd1943c7b386f172d6893dbfba10b&fields1=f1%2Cf2%2Cf3%2Cf4%2Cf5%2Cf6&fields2=f51%2Cf52%2Cf53%2Cf54%2Cf55%2Cf56%2Cf57%2Cf58%2Cf59%2Cf60%2Cf61&klt=101&fqt=0&beg=20251201&end=20260717&lmt=1000&_=20260718140000
2026-03-19,科创50指数,000688.SH,1.000688,1372.58,1348.55,1354.72,1333.68,1339.03,-33.55,-2.44,11052923,62007186929,1.53,1.58,-0.38461538,99.61538462,https://r.jina.ai/http://push2his.eastmoney.com/api/qt/stock/kline/get?secid=1.000688&ut=fa5fd1943c7b386f172d6893dbfba10b&fields1=f1%2Cf2%2Cf3%2Cf4%2Cf5%2Cf6&fields2=f51%2Cf52%2Cf53%2Cf54%2Cf55%2Cf56%2Cf57%2Cf58%2Cf59%2Cf60%2Cf61&klt=101&fqt=0&beg=20251201&end=20260717&lmt=1000&_=20260718140000
2026-03-20,CPO概念,BK1128,90.BK1128,6236.63,6432.14,6527.4,6212.2,6221.84,-14.79,-0.24,23908127,203632370414,5.05,3,24.28095169,124.28095169,https://r.jina.ai/http://push2his.eastmoney.com/api/qt/stock/kline/get?secid=90.BK1128&ut=fa5fd1943c7b386f172d6893dbfba10b&fields1=f1%2Cf2%2Cf3%2Cf4%2Cf5%2Cf6&fields2=f51%2Cf52%2Cf53%2Cf54%2Cf55%2Cf56%2Cf57%2Cf58%2Cf59%2Cf60%2Cf61&klt=101&fqt=0&beg=20251201&end=20260717&lmt=1000&_=20260718140000
2026-03-20,PCB概念,BK0877,90.BK0877,3125.38,3151.61,3180.17,3063.27,3063.54,-61.84,-1.98,29815361,110802318758,3.74,2.85,12.45402421,112.45402421,https://r.jina.ai/http://push2his.eastmoney.com/api/qt/stock/kline/get?secid=90.BK0877&ut=fa5fd1943c7b386f172d6893dbfba10b&fields1=f1%2Cf2%2Cf3%2Cf4%2Cf5%2Cf6&fields2=f51%2Cf52%2Cf53%2Cf54%2Cf55%2Cf56%2Cf57%2Cf58%2Cf59%2Cf60%2Cf61&klt=101&fqt=0&beg=20251201&end=20260717&lmt=1000&_=20260718140000
2026-03-20,上证指数,000001.SH,1.000001,4006.55,4004.57,4022.7,3955.71,3957.05,-49.5,-1.24,666798387,964863108628.7,1.67,1.38,-0.29706413,99.70293587,https://r.jina.ai/http://push2his.eastmoney.com/api/qt/stock/kline/get?secid=1.000001&ut=fa5fd1943c7b386f172d6893dbfba10b&fields1=f1%2Cf2%2Cf3%2Cf4%2Cf5%2Cf6&fields2=f51%2Cf52%2Cf53%2Cf54%2Cf55%2Cf56%2Cf57%2Cf58%2Cf59%2Cf60%2Cf61&klt=101&fqt=0&beg=20251201&end=20260717&lmt=1000&_=20260718140000
2026-03-20,创业板指,399006.SZ,0.399006,3309.1,3362.07,3426.61,3348.7,3352.1,43,1.3,232187615,663304503456.09,2.35,4.15,4.64945663,104.64945663,https://r.jina.ai/http://push2his.eastmoney.com/api/qt/stock/kline/get?secid=0.399006&ut=fa5fd1943c7b386f172d6893dbfba10b&fields1=f1%2Cf2%2Cf3%2Cf4%2Cf5%2Cf6&fields2=f51%2Cf52%2Cf53%2Cf54%2Cf55%2Cf56%2Cf57%2Cf58%2Cf59%2Cf60%2Cf61&klt=101&fqt=0&beg=20251201&end=20260717&lmt=1000&_=20260718140000
2026-03-20,半导体材料设备指数,931743.CSI,2.931743,5600.33,5638.31,5719.58,5565.4,5569.25,-31.08,-0.55,3529549,27693529733,2.75,2.06,8.15799797,108.15799797,https://r.jina.ai/http://push2his.eastmoney.com/api/qt/stock/kline/get?secid=2.931743&ut=fa5fd1943c7b386f172d6893dbfba10b&fields1=f1%2Cf2%2Cf3%2Cf4%2Cf5%2Cf6&fields2=f51%2Cf52%2Cf53%2Cf54%2Cf55%2Cf56%2Cf57%2Cf58%2Cf59%2Cf60%2Cf61&klt=101&fqt=0&beg=20251201&end=20260717&lmt=1000&_=20260718140000
2026-03-20,存储芯片概念,BK1137,90.BK1137,2388.46,2401.48,2403.5,2316.43,2317.83,-70.63,-2.96,32459811,146420620041,3.65,3.85,14.84412161,114.84412161,https://r.jina.ai/http://push2his.eastmoney.com/api/qt/stock/kline/get?secid=90.BK1137&ut=fa5fd1943c7b386f172d6893dbfba10b&fields1=f1%2Cf2%2Cf3%2Cf4%2Cf5%2Cf6&fields2=f51%2Cf52%2Cf53%2Cf54%2Cf55%2Cf56%2Cf57%2Cf58%2Cf59%2Cf60%2Cf61&klt=101&fqt=0&beg=20251201&end=20260717&lmt=1000&_=20260718140000
2026-03-20,科创50指数,000688.SH,1.000688,1339.03,1344.93,1347.37,1317.4,1318.31,-20.72,-1.55,14091098,72635986718,2.24,2.01,-1.92605267,98.07394733,https://r.jina.ai/http://push2his.eastmoney.com/api/qt/stock/kline/get?secid=1.000688&ut=fa5fd1943c7b386f172d6893dbfba10b&fields1=f1%2Cf2%2Cf3%2Cf4%2Cf5%2Cf6&fields2=f51%2Cf52%2Cf53%2Cf54%2Cf55%2Cf56%2Cf57%2Cf58%2Cf59%2Cf60%2Cf61&klt=101&fqt=0&beg=20251201&end=20260717&lmt=1000&_=20260718140000
2026-03-23,CPO概念,BK1128,90.BK1128,6221.84,5994.08,6151.47,5873.09,5913.2,-308.64,-4.96,20487759,146329266960,4.47,2.57,18.11588268,118.11588268,https://r.jina.ai/http://push2his.eastmoney.com/api/qt/stock/kline/get?secid=90.BK1128&ut=fa5fd1943c7b386f172d6893dbfba10b&fields1=f1%2Cf2%2Cf3%2Cf4%2Cf5%2Cf6&fields2=f51%2Cf52%2Cf53%2Cf54%2Cf55%2Cf56%2Cf57%2Cf58%2Cf59%2Cf60%2Cf61&klt=101&fqt=0&beg=20251201&end=20260717&lmt=1000&_=20260718140000
2026-03-23,PCB概念,BK0877,90.BK0877,3063.54,2982.73,3010.45,2850.17,2868.13,-195.41,-6.38,32723613,106422941068,5.23,3.13,5.28106715,105.28106715,https://r.jina.ai/http://push2his.eastmoney.com/api/qt/stock/kline/get?secid=90.BK0877&ut=fa5fd1943c7b386f172d6893dbfba10b&fields1=f1%2Cf2%2Cf3%2Cf4%2Cf5%2Cf6&fields2=f51%2Cf52%2Cf53%2Cf54%2Cf55%2Cf56%2Cf57%2Cf58%2Cf59%2Cf60%2Cf61&klt=101&fqt=0&beg=20251201&end=20260717&lmt=1000&_=20260718140000
2026-03-23,上证指数,000001.SH,1.000001,3957.05,3904.95,3906.62,3794.68,3813.28,-143.77,-3.63,804738850,1086248286013.6,2.83,1.66,-3.91953316,96.08046684,https://r.jina.ai/http://push2his.eastmoney.com/api/qt/stock/kline/get?secid=1.000001&ut=fa5fd1943c7b386f172d6893dbfba10b&fields1=f1%2Cf2%2Cf3%2Cf4%2Cf5%2Cf6&fields2=f51%2Cf52%2Cf53%2Cf54%2Cf55%2Cf56%2Cf57%2Cf58%2Cf59%2Cf60%2Cf61&klt=101&fqt=0&beg=20251201&end=20260717&lmt=1000&_=20260718140000
2026-03-23,创业板指,399006.SZ,0.399006,3352.1,3300.56,3334.46,3214.82,3235.22,-116.88,-3.49,247330704,617092612471.1,3.57,4.42,1.00057131,101.00057131,https://r.jina.ai/http://push2his.eastmoney.com/api/qt/stock/kline/get?secid=0.399006&ut=fa5fd1943c7b386f172d6893dbfba10b&fields1=f1%2Cf2%2Cf3%2Cf4%2Cf5%2Cf6&fields2=f51%2Cf52%2Cf53%2Cf54%2Cf55%2Cf56%2Cf57%2Cf58%2Cf59%2Cf60%2Cf61&klt=101&fqt=0&beg=20251201&end=20260717&lmt=1000&_=20260718140000
2026-03-23,半导体材料设备指数,931743.CSI,2.931743,5569.25,5478.12,5519.66,5277.7,5310.95,-258.3,-4.64,4341084,29975612078,4.34,2.54,3.14166527,103.14166527,https://r.jina.ai/http://push2his.eastmoney.com/api/qt/stock/kline/get?secid=2.931743&ut=fa5fd1943c7b386f172d6893dbfba10b&fields1=f1%2Cf2%2Cf3%2Cf4%2Cf5%2Cf6&fields2=f51%2Cf52%2Cf53%2Cf54%2Cf55%2Cf56%2Cf57%2Cf58%2Cf59%2Cf60%2Cf61&klt=101&fqt=0&beg=20251201&end=20260717&lmt=1000&_=20260718140000
2026-03-23,存储芯片概念,BK1137,90.BK1137,2317.83,2254.78,2282.71,2167.35,2179.87,-137.96,-5.95,30175487,129844259809,4.98,3.58,8.00846282,108.00846282,https://r.jina.ai/http://push2his.eastmoney.com/api/qt/stock/kline/get?secid=90.BK1137&ut=fa5fd1943c7b386f172d6893dbfba10b&fields1=f1%2Cf2%2Cf3%2Cf4%2Cf5%2Cf6&fields2=f51%2Cf52%2Cf53%2Cf54%2Cf55%2Cf56%2Cf57%2Cf58%2Cf59%2Cf60%2Cf61&klt=101&fqt=0&beg=20251201&end=20260717&lmt=1000&_=20260718140000
2026-03-23,科创50指数,000688.SH,1.000688,1318.31,1292.89,1305.79,1254.85,1261.44,-56.87,-4.31,14248101,73743206134,3.86,2.03,-6.1568219,93.8431781,https://r.jina.ai/http://push2his.eastmoney.com/api/qt/stock/kline/get?secid=1.000688&ut=fa5fd1943c7b386f172d6893dbfba10b&fields1=f1%2Cf2%2Cf3%2Cf4%2Cf5%2Cf6&fields2=f51%2Cf52%2Cf53%2Cf54%2Cf55%2Cf56%2Cf57%2Cf58%2Cf59%2Cf60%2Cf61&klt=101&fqt=0&beg=20251201&end=20260717&lmt=1000&_=20260718140000
2026-03-24,CPO概念,BK1128,90.BK1128,5913.2,6027.47,6107.07,5863,6106.49,193.29,3.27,19532498,134599952894,4.13,2.45,21.97684104,121.97684104,https://r.jina.ai/http://push2his.eastmoney.com/api/qt/stock/kline/get?secid=90.BK1128&ut=fa5fd1943c7b386f172d6893dbfba10b&fields1=f1%2Cf2%2Cf3%2Cf4%2Cf5%2Cf6&fields2=f51%2Cf52%2Cf53%2Cf54%2Cf55%2Cf56%2Cf57%2Cf58%2Cf59%2Cf60%2Cf61&klt=101&fqt=0&beg=20251201&end=20260717&lmt=1000&_=20260718140000
2026-03-24,PCB概念,BK0877,90.BK0877,2868.13,2933.79,2979.57,2857.57,2979.57,111.44,3.89,27804100,89034190470,4.25,2.66,9.37171929,109.37171929,https://r.jina.ai/http://push2his.eastmoney.com/api/qt/stock/kline/get?secid=90.BK0877&ut=fa5fd1943c7b386f172d6893dbfba10b&fields1=f1%2Cf2%2Cf3%2Cf4%2Cf5%2Cf6&fields2=f51%2Cf52%2Cf53%2Cf54%2Cf55%2Cf56%2Cf57%2Cf58%2Cf59%2Cf60%2Cf61&klt=101&fqt=0&beg=20251201&end=20260717&lmt=1000&_=20260718140000
2026-03-24,上证指数,000001.SH,1.000001,3813.28,3849.63,3881.42,3807.99,3881.28,68,1.78,680622039,931418842711.4,1.93,1.41,-2.20618619,97.79381381,https://r.jina.ai/http://push2his.eastmoney.com/api/qt/stock/kline/get?secid=1.000001&ut=fa5fd1943c7b386f172d6893dbfba10b&fields1=f1%2Cf2%2Cf3%2Cf4%2Cf5%2Cf6&fields2=f51%2Cf52%2Cf53%2Cf54%2Cf55%2Cf56%2Cf57%2Cf58%2Cf59%2Cf60%2Cf61&klt=101&fqt=0&beg=20251201&end=20260717&lmt=1000&_=20260718140000
2026-03-24,创业板指,399006.SZ,0.399006,3235.22,3266.93,3270.19,3155.27,3251.55,16.33,0.5,211205980,518979782367.15,3.55,3.78,1.51037878,101.51037878,https://r.jina.ai/http://push2his.eastmoney.com/api/qt/stock/kline/get?secid=0.399006&ut=fa5fd1943c7b386f172d6893dbfba10b&fields1=f1%2Cf2%2Cf3%2Cf4%2Cf5%2Cf6&fields2=f51%2Cf52%2Cf53%2Cf54%2Cf55%2Cf56%2Cf57%2Cf58%2Cf59%2Cf60%2Cf61&klt=101&fqt=0&beg=20251201&end=20260717&lmt=1000&_=20260718140000
2026-03-24,半导体材料设备指数,931743.CSI,2.931743,5310.95,5400.28,5410.68,5266.37,5404.2,93.25,1.76,3310312,22995849937,2.72,1.93,4.95263323,104.95263323,https://r.jina.ai/http://push2his.eastmoney.com/api/qt/stock/kline/get?secid=2.931743&ut=fa5fd1943c7b386f172d6893dbfba10b&fields1=f1%2Cf2%2Cf3%2Cf4%2Cf5%2Cf6&fields2=f51%2Cf52%2Cf53%2Cf54%2Cf55%2Cf56%2Cf57%2Cf58%2Cf59%2Cf60%2Cf61&klt=101&fqt=0&beg=20251201&end=20260717&lmt=1000&_=20260718140000
2026-03-24,存储芯片概念,BK1137,90.BK1137,2179.87,2221.6,2235.2,2148.64,2235.03,55.16,2.53,28305594,115746903860,3.97,3.36,10.74153718,110.74153718,https://r.jina.ai/http://push2his.eastmoney.com/api/qt/stock/kline/get?secid=90.BK1137&ut=fa5fd1943c7b386f172d6893dbfba10b&fields1=f1%2Cf2%2Cf3%2Cf4%2Cf5%2Cf6&fields2=f51%2Cf52%2Cf53%2Cf54%2Cf55%2Cf56%2Cf57%2Cf58%2Cf59%2Cf60%2Cf61&klt=101&fqt=0&beg=20251201&end=20260717&lmt=1000&_=20260718140000
2026-03-24,科创50指数,000688.SH,1.000688,1261.44,1281.58,1291.92,1249.01,1290.79,29.35,2.33,11716630,67331736609,3.4,1.67,-3.97336706,96.02663294,https://r.jina.ai/http://push2his.eastmoney.com/api/qt/stock/kline/get?secid=1.000688&ut=fa5fd1943c7b386f172d6893dbfba10b&fields1=f1%2Cf2%2Cf3%2Cf4%2Cf5%2Cf6&fields2=f51%2Cf52%2Cf53%2Cf54%2Cf55%2Cf56%2Cf57%2Cf58%2Cf59%2Cf60%2Cf61&klt=101&fqt=0&beg=20251201&end=20260717&lmt=1000&_=20260718140000
2026-03-25,CPO概念,BK1128,90.BK1128,6106.49,6286.37,6428.66,6271.15,6361.3,254.81,4.17,22722846,171075647977,2.58,2.85,27.06665841,127.06665841,https://r.jina.ai/http://push2his.eastmoney.com/api/qt/stock/kline/get?secid=90.BK1128&ut=fa5fd1943c7b386f172d6893dbfba10b&fields1=f1%2Cf2%2Cf3%2Cf4%2Cf5%2Cf6&fields2=f51%2Cf52%2Cf53%2Cf54%2Cf55%2Cf56%2Cf57%2Cf58%2Cf59%2Cf60%2Cf61&klt=101&fqt=0&beg=20251201&end=20260717&lmt=1000&_=20260718140000
2026-03-25,PCB概念,BK0877,90.BK0877,2979.57,3008.64,3078.08,3008.64,3049.35,69.78,2.34,27733952,97178111924,2.33,2.65,11.93314882,111.93314882,https://r.jina.ai/http://push2his.eastmoney.com/api/qt/stock/kline/get?secid=90.BK0877&ut=fa5fd1943c7b386f172d6893dbfba10b&fields1=f1%2Cf2%2Cf3%2Cf4%2Cf5%2Cf6&fields2=f51%2Cf52%2Cf53%2Cf54%2Cf55%2Cf56%2Cf57%2Cf58%2Cf59%2Cf60%2Cf61&klt=101&fqt=0&beg=20251201&end=20260717&lmt=1000&_=20260718140000
2026-03-25,上证指数,000001.SH,1.000001,3881.28,3892.27,3933.06,3891.82,3931.84,50.56,1.3,688343626,967854261244.5,1.06,1.42,-0.93226232,99.06773768,https://r.jina.ai/http://push2his.eastmoney.com/api/qt/stock/kline/get?secid=1.000001&ut=fa5fd1943c7b386f172d6893dbfba10b&fields1=f1%2Cf2%2Cf3%2Cf4%2Cf5%2Cf6&fields2=f51%2Cf52%2Cf53%2Cf54%2Cf55%2Cf56%2Cf57%2Cf58%2Cf59%2Cf60%2Cf61&klt=101&fqt=0&beg=20251201&end=20260717&lmt=1000&_=20260718140000
2026-03-25,创业板指,399006.SZ,0.399006,3251.55,3287.17,3325.26,3278.73,3316.97,65.42,2.01,211728529,558172027999.31,1.43,3.79,3.55273058,103.55273058,https://r.jina.ai/http://push2his.eastmoney.com/api/qt/stock/kline/get?secid=0.399006&ut=fa5fd1943c7b386f172d6893dbfba10b&fields1=f1%2Cf2%2Cf3%2Cf4%2Cf5%2Cf6&fields2=f51%2Cf52%2Cf53%2Cf54%2Cf55%2Cf56%2Cf57%2Cf58%2Cf59%2Cf60%2Cf61&klt=101&fqt=0&beg=20251201&end=20260717&lmt=1000&_=20260718140000
2026-03-25,半导体材料设备指数,931743.CSI,2.931743,5404.2,5483.25,5637.51,5483.2,5561.12,156.92,2.9,3584037,28089450134,2.86,2.09,8.00010876,108.00010876,https://r.jina.ai/http://push2his.eastmoney.com/api/qt/stock/kline/get?secid=2.931743&ut=fa5fd1943c7b386f172d6893dbfba10b&fields1=f1%2Cf2%2Cf3%2Cf4%2Cf5%2Cf6&fields2=f51%2Cf52%2Cf53%2Cf54%2Cf55%2Cf56%2Cf57%2Cf58%2Cf59%2Cf60%2Cf61&klt=101&fqt=0&beg=20251201&end=20260717&lmt=1000&_=20260718140000
2026-03-25,存储芯片概念,BK1137,90.BK1137,2235.03,2255.61,2321.95,2255.61,2283.64,48.61,2.17,30512187,131597786286,2.97,3.62,13.15007135,113.15007135,https://r.jina.ai/http://push2his.eastmoney.com/api/qt/stock/kline/get?secid=90.BK1137&ut=fa5fd1943c7b386f172d6893dbfba10b&fields1=f1%2Cf2%2Cf3%2Cf4%2Cf5%2Cf6&fields2=f51%2Cf52%2Cf53%2Cf54%2Cf55%2Cf56%2Cf57%2Cf58%2Cf59%2Cf60%2Cf61&klt=101&fqt=0&beg=20251201&end=20260717&lmt=1000&_=20260718140000
2026-03-25,科创50指数,000688.SH,1.000688,1290.79,1299.63,1326.65,1299.63,1315.41,24.62,1.91,11005705,71581278743,2.09,1.57,-2.14179438,97.85820562,https://r.jina.ai/http://push2his.eastmoney.com/api/qt/stock/kline/get?secid=1.000688&ut=fa5fd1943c7b386f172d6893dbfba10b&fields1=f1%2Cf2%2Cf3%2Cf4%2Cf5%2Cf6&fields2=f51%2Cf52%2Cf53%2Cf54%2Cf55%2Cf56%2Cf57%2Cf58%2Cf59%2Cf60%2Cf61&klt=101&fqt=0&beg=20251201&end=20260717&lmt=1000&_=20260718140000
2026-03-26,CPO概念,BK1128,90.BK1128,6361.3,6335.22,6424.54,6223.09,6244.43,-116.87,-1.84,17885019,141432998500,3.17,2.24,24.73218584,124.73218584,https://r.jina.ai/http://push2his.eastmoney.com/api/qt/stock/kline/get?secid=90.BK1128&ut=fa5fd1943c7b386f172d6893dbfba10b&fields1=f1%2Cf2%2Cf3%2Cf4%2Cf5%2Cf6&fields2=f51%2Cf52%2Cf53%2Cf54%2Cf55%2Cf56%2Cf57%2Cf58%2Cf59%2Cf60%2Cf61&klt=101&fqt=0&beg=20251201&end=20260717&lmt=1000&_=20260718140000
2026-03-26,PCB概念,BK0877,90.BK0877,3049.35,3041.28,3065.79,2979.01,2989.42,-59.93,-1.97,22407233,81085933966,2.85,2.14,9.73328537,109.73328537,https://r.jina.ai/http://push2his.eastmoney.com/api/qt/stock/kline/get?secid=90.BK0877&ut=fa5fd1943c7b386f172d6893dbfba10b&fields1=f1%2Cf2%2Cf3%2Cf4%2Cf5%2Cf6&fields2=f51%2Cf52%2Cf53%2Cf54%2Cf55%2Cf56%2Cf57%2Cf58%2Cf59%2Cf60%2Cf61&klt=101&fqt=0&beg=20251201&end=20260717&lmt=1000&_=20260718140000
2026-03-26,上证指数,000001.SH,1.000001,3931.84,3924.96,3937.1,3880.57,3889.08,-42.76,-1.09,615973981,848361335072.3,1.44,1.27,-2.00965521,97.99034479,https://r.jina.ai/http://push2his.eastmoney.com/api/qt/stock/kline/get?secid=1.000001&ut=fa5fd1943c7b386f172d6893dbfba10b&fields1=f1%2Cf2%2Cf3%2Cf4%2Cf5%2Cf6&fields2=f51%2Cf52%2Cf53%2Cf54%2Cf55%2Cf56%2Cf57%2Cf58%2Cf59%2Cf60%2Cf61&klt=101&fqt=0&beg=20251201&end=20260717&lmt=1000&_=20260718140000
2026-03-26,创业板指,399006.SZ,0.399006,3316.97,3299.03,3347.23,3264,3272.49,-44.48,-1.34,190422318,492570275740.94,2.51,3.4,2.16410618,102.16410618,https://r.jina.ai/http://push2his.eastmoney.com/api/qt/stock/kline/get?secid=0.399006&ut=fa5fd1943c7b386f172d6893dbfba10b&fields1=f1%2Cf2%2Cf3%2Cf4%2Cf5%2Cf6&fields2=f51%2Cf52%2Cf53%2Cf54%2Cf55%2Cf56%2Cf57%2Cf58%2Cf59%2Cf60%2Cf61&klt=101&fqt=0&beg=20251201&end=20260717&lmt=1000&_=20260718140000
2026-03-26,半导体材料设备指数,931743.CSI,2.931743,5561.12,5515.21,5533.87,5424.39,5438.7,-122.42,-2.2,2542707,20074673721,1.97,1.48,5.62264283,105.62264283,https://r.jina.ai/http://push2his.eastmoney.com/api/qt/stock/kline/get?secid=2.931743&ut=fa5fd1943c7b386f172d6893dbfba10b&fields1=f1%2Cf2%2Cf3%2Cf4%2Cf5%2Cf6&fields2=f51%2Cf52%2Cf53%2Cf54%2Cf55%2Cf56%2Cf57%2Cf58%2Cf59%2Cf60%2Cf61&klt=101&fqt=0&beg=20251201&end=20260717&lmt=1000&_=20260718140000
2026-03-26,存储芯片概念,BK1137,90.BK1137,2283.64,2266.52,2269.69,2213.4,2222.07,-61.57,-2.7,25854805,106227793004,2.46,3.07,10.09939353,110.09939353,https://r.jina.ai/http://push2his.eastmoney.com/api/qt/stock/kline/get?secid=90.BK1137&ut=fa5fd1943c7b386f172d6893dbfba10b&fields1=f1%2Cf2%2Cf3%2Cf4%2Cf5%2Cf6&fields2=f51%2Cf52%2Cf53%2Cf54%2Cf55%2Cf56%2Cf57%2Cf58%2Cf59%2Cf60%2Cf61&klt=101&fqt=0&beg=20251201&end=20260717&lmt=1000&_=20260718140000
2026-03-26,科创50指数,000688.SH,1.000688,1315.41,1313.97,1316.46,1285.38,1288.81,-26.6,-2.02,8631770,55519453245,2.36,1.23,-4.12066657,95.87933343,https://r.jina.ai/http://push2his.eastmoney.com/api/qt/stock/kline/get?secid=1.000688&ut=fa5fd1943c7b386f172d6893dbfba10b&fields1=f1%2Cf2%2Cf3%2Cf4%2Cf5%2Cf6&fields2=f51%2Cf52%2Cf53%2Cf54%2Cf55%2Cf56%2Cf57%2Cf58%2Cf59%2Cf60%2Cf61&klt=101&fqt=0&beg=20251201&end=20260717&lmt=1000&_=20260718140000
2026-03-27,CPO概念,BK1128,90.BK1128,6244.43,6091.67,6385.25,6041.17,6304.13,59.7,0.96,17569294,127224881913,5.51,2.2,25.92469044,125.92469044,https://r.jina.ai/http://push2his.eastmoney.com/api/qt/stock/kline/get?secid=90.BK1128&ut=fa5fd1943c7b386f172d6893dbfba10b&fields1=f1%2Cf2%2Cf3%2Cf4%2Cf5%2Cf6&fields2=f51%2Cf52%2Cf53%2Cf54%2Cf55%2Cf56%2Cf57%2Cf58%2Cf59%2Cf60%2Cf61&klt=101&fqt=0&beg=20251201&end=20260717&lmt=1000&_=20260718140000
2026-03-27,PCB概念,BK0877,90.BK0877,2989.42,2937.35,3047.41,2932.62,3020.81,31.39,1.05,22774049,77222718842,3.84,2.18,10.88552488,110.88552488,https://r.jina.ai/http://push2his.eastmoney.com/api/qt/stock/kline/get?secid=90.BK0877&ut=fa5fd1943c7b386f172d6893dbfba10b&fields1=f1%2Cf2%2Cf3%2Cf4%2Cf5%2Cf6&fields2=f51%2Cf52%2Cf53%2Cf54%2Cf55%2Cf56%2Cf57%2Cf58%2Cf59%2Cf60%2Cf61&klt=101&fqt=0&beg=20251201&end=20260717&lmt=1000&_=20260718140000
2026-03-27,上证指数,000001.SH,1.000001,3889.08,3852.09,3924.11,3852.09,3913.72,24.64,0.63,561342963,799696430885.6,1.85,1.16,-1.3888189,98.6111811,https://r.jina.ai/http://push2his.eastmoney.com/api/qt/stock/kline/get?secid=1.000001&ut=fa5fd1943c7b386f172d6893dbfba10b&fields1=f1%2Cf2%2Cf3%2Cf4%2Cf5%2Cf6&fields2=f51%2Cf52%2Cf53%2Cf54%2Cf55%2Cf56%2Cf57%2Cf58%2Cf59%2Cf60%2Cf61&klt=101&fqt=0&beg=20251201&end=20260717&lmt=1000&_=20260718140000
2026-03-27,创业板指,399006.SZ,0.399006,3272.49,3236.37,3323.33,3228.41,3295.88,23.39,0.71,174126366,463587460672.35,2.9,3.11,2.89432031,102.89432031,https://r.jina.ai/http://push2his.eastmoney.com/api/qt/stock/kline/get?secid=0.399006&ut=fa5fd1943c7b386f172d6893dbfba10b&fields1=f1%2Cf2%2Cf3%2Cf4%2Cf5%2Cf6&fields2=f51%2Cf52%2Cf53%2Cf54%2Cf55%2Cf56%2Cf57%2Cf58%2Cf59%2Cf60%2Cf61&klt=101&fqt=0&beg=20251201&end=20260717&lmt=1000&_=20260718140000
2026-03-27,半导体材料设备指数,931743.CSI,2.931743,5438.7,5369.6,5607.45,5354.85,5563.75,125.05,2.3,3040951,24299616782,4.64,1.78,8.05118485,108.05118485,https://r.jina.ai/http://push2his.eastmoney.com/api/qt/stock/kline/get?secid=2.931743&ut=fa5fd1943c7b386f172d6893dbfba10b&fields1=f1%2Cf2%2Cf3%2Cf4%2Cf5%2Cf6&fields2=f51%2Cf52%2Cf53%2Cf54%2Cf55%2Cf56%2Cf57%2Cf58%2Cf59%2Cf60%2Cf61&klt=101&fqt=0&beg=20251201&end=20260717&lmt=1000&_=20260718140000
2026-03-27,存储芯片概念,BK1137,90.BK1137,2222.07,2175.08,2258.91,2168.77,2240.66,18.59,0.84,22544109,95674746718,4.06,2.68,11.0204931,111.0204931,https://r.jina.ai/http://push2his.eastmoney.com/api/qt/stock/kline/get?secid=90.BK1137&ut=fa5fd1943c7b386f172d6893dbfba10b&fields1=f1%2Cf2%2Cf3%2Cf4%2Cf5%2Cf6&fields2=f51%2Cf52%2Cf53%2Cf54%2Cf55%2Cf56%2Cf57%2Cf58%2Cf59%2Cf60%2Cf61&klt=101&fqt=0&beg=20251201&end=20260717&lmt=1000&_=20260718140000
2026-03-27,科创50指数,000688.SH,1.000688,1288.81,1265.53,1308.94,1265.53,1300.76,11.95,0.93,8603070,52752422375,3.37,1.23,-3.23166196,96.76833804,https://r.jina.ai/http://push2his.eastmoney.com/api/qt/stock/kline/get?secid=1.000688&ut=fa5fd1943c7b386f172d6893dbfba10b&fields1=f1%2Cf2%2Cf3%2Cf4%2Cf5%2Cf6&fields2=f51%2Cf52%2Cf53%2Cf54%2Cf55%2Cf56%2Cf57%2Cf58%2Cf59%2Cf60%2Cf61&klt=101&fqt=0&beg=20251201&end=20260717&lmt=1000&_=20260718140000
2026-03-30,CPO概念,BK1128,90.BK1128,6304.13,6177.18,6362.9,6177.18,6362.06,57.93,0.92,18024972,119384166282,2.95,2.26,27.08183937,127.08183937,https://r.jina.ai/http://push2his.eastmoney.com/api/qt/stock/kline/get?secid=90.BK1128&ut=fa5fd1943c7b386f172d6893dbfba10b&fields1=f1%2Cf2%2Cf3%2Cf4%2Cf5%2Cf6&fields2=f51%2Cf52%2Cf53%2Cf54%2Cf55%2Cf56%2Cf57%2Cf58%2Cf59%2Cf60%2Cf61&klt=101&fqt=0&beg=20251201&end=20260717&lmt=1000&_=20260718140000
2026-03-30,PCB概念,BK0877,90.BK0877,3020.81,2973.67,3042.05,2967.73,3041.09,20.28,0.67,22868135,77653745568,2.46,2.19,11.62994722,111.62994722,https://r.jina.ai/http://push2his.eastmoney.com/api/qt/stock/kline/get?secid=90.BK0877&ut=fa5fd1943c7b386f172d6893dbfba10b&fields1=f1%2Cf2%2Cf3%2Cf4%2Cf5%2Cf6&fields2=f51%2Cf52%2Cf53%2Cf54%2Cf55%2Cf56%2Cf57%2Cf58%2Cf59%2Cf60%2Cf61&klt=101&fqt=0&beg=20251201&end=20260717&lmt=1000&_=20260718140000
2026-03-30,上证指数,000001.SH,1.000001,3913.72,3884.28,3924.29,3872.78,3923.29,9.57,0.24,595589479,839822434665.3,1.32,1.23,-1.14769051,98.85230949,https://r.jina.ai/http://push2his.eastmoney.com/api/qt/stock/kline/get?secid=1.000001&ut=fa5fd1943c7b386f172d6893dbfba10b&fields1=f1%2Cf2%2Cf3%2Cf4%2Cf5%2Cf6&fields2=f51%2Cf52%2Cf53%2Cf54%2Cf55%2Cf56%2Cf57%2Cf58%2Cf59%2Cf60%2Cf61&klt=101&fqt=0&beg=20251201&end=20260717&lmt=1000&_=20260718140000
2026-03-30,创业板指,399006.SZ,0.399006,3295.88,3254.43,3281.39,3224.6,3273.36,-22.52,-0.68,177208440,457021707916.46,1.72,3.17,2.19126678,102.19126678,https://r.jina.ai/http://push2his.eastmoney.com/api/qt/stock/kline/get?secid=0.399006&ut=fa5fd1943c7b386f172d6893dbfba10b&fields1=f1%2Cf2%2Cf3%2Cf4%2Cf5%2Cf6&fields2=f51%2Cf52%2Cf53%2Cf54%2Cf55%2Cf56%2Cf57%2Cf58%2Cf59%2Cf60%2Cf61&klt=101&fqt=0&beg=20251201&end=20260717&lmt=1000&_=20260718140000
2026-03-30,半导体材料设备指数,931743.CSI,2.931743,5563.75,5483.73,5740.61,5470.93,5705.51,141.76,2.55,3140524,28747538239,4.85,1.83,10.80424456,110.80424456,https://r.jina.ai/http://push2his.eastmoney.com/api/qt/stock/kline/get?secid=2.931743&ut=fa5fd1943c7b386f172d6893dbfba10b&fields1=f1%2Cf2%2Cf3%2Cf4%2Cf5%2Cf6&fields2=f51%2Cf52%2Cf53%2Cf54%2Cf55%2Cf56%2Cf57%2Cf58%2Cf59%2Cf60%2Cf61&klt=101&fqt=0&beg=20251201&end=20260717&lmt=1000&_=20260718140000
2026-03-30,存储芯片概念,BK1137,90.BK1137,2240.66,2202.71,2248.67,2189.2,2241.53,0.87,0.04,21328224,97465485308,2.65,2.53,11.06359997,111.06359997,https://r.jina.ai/http://push2his.eastmoney.com/api/qt/stock/kline/get?secid=90.BK1137&ut=fa5fd1943c7b386f172d6893dbfba10b&fields1=f1%2Cf2%2Cf3%2Cf4%2Cf5%2Cf6&fields2=f51%2Cf52%2Cf53%2Cf54%2Cf55%2Cf56%2Cf57%2Cf58%2Cf59%2Cf60%2Cf61&klt=101&fqt=0&beg=20251201&end=20260717&lmt=1000&_=20260718140000
2026-03-30,科创50指数,000688.SH,1.000688,1300.76,1278.99,1294.54,1269.32,1289.78,-10.98,-0.84,9357204,53432653644,1.94,1.33,-4.04850469,95.95149531,https://r.jina.ai/http://push2his.eastmoney.com/api/qt/stock/kline/get?secid=1.000688&ut=fa5fd1943c7b386f172d6893dbfba10b&fields1=f1%2Cf2%2Cf3%2Cf4%2Cf5%2Cf6&fields2=f51%2Cf52%2Cf53%2Cf54%2Cf55%2Cf56%2Cf57%2Cf58%2Cf59%2Cf60%2Cf61&klt=101&fqt=0&beg=20251201&end=20260717&lmt=1000&_=20260718140000
2026-03-31,CPO概念,BK1128,90.BK1128,6362.06,6261.73,6319.6,6083.74,6132.25,-229.81,-3.61,20158130,130383604410,3.71,2.53,22.49139579,122.49139579,https://r.jina.ai/http://push2his.eastmoney.com/api/qt/stock/kline/get?secid=90.BK1128&ut=fa5fd1943c7b386f172d6893dbfba10b&fields1=f1%2Cf2%2Cf3%2Cf4%2Cf5%2Cf6&fields2=f51%2Cf52%2Cf53%2Cf54%2Cf55%2Cf56%2Cf57%2Cf58%2Cf59%2Cf60%2Cf61&klt=101&fqt=0&beg=20251201&end=20260717&lmt=1000&_=20260718140000
2026-03-31,PCB概念,BK0877,90.BK0877,3041.09,3031.32,3057.44,2962.96,2967.92,-73.17,-2.41,23347732,78458643544,3.11,2.23,8.94408023,108.94408023,https://r.jina.ai/http://push2his.eastmoney.com/api/qt/stock/kline/get?secid=90.BK0877&ut=fa5fd1943c7b386f172d6893dbfba10b&fields1=f1%2Cf2%2Cf3%2Cf4%2Cf5%2Cf6&fields2=f51%2Cf52%2Cf53%2Cf54%2Cf55%2Cf56%2Cf57%2Cf58%2Cf59%2Cf60%2Cf61&klt=101&fqt=0&beg=20251201&end=20260717&lmt=1000&_=20260718140000
2026-03-31,上证指数,000001.SH,1.000001,3923.29,3924.07,3948.81,3891.86,3891.86,-31.43,-0.8,606704983,891945339553.7,1.45,1.25,-1.93960956,98.06039044,https://r.jina.ai/http://push2his.eastmoney.com/api/qt/stock/kline/get?secid=1.000001&ut=fa5fd1943c7b386f172d6893dbfba10b&fields1=f1%2Cf2%2Cf3%2Cf4%2Cf5%2Cf6&fields2=f51%2Cf52%2Cf53%2Cf54%2Cf55%2Cf56%2Cf57%2Cf58%2Cf59%2Cf60%2Cf61&klt=101&fqt=0&beg=20251201&end=20260717&lmt=1000&_=20260718140000
2026-03-31,创业板指,399006.SZ,0.399006,3273.36,3247.28,3280.48,3184.95,3184.95,-88.41,-2.7,185740896,477806929829.15,2.92,3.32,-0.56881152,99.43118848,https://r.jina.ai/http://push2his.eastmoney.com/api/qt/stock/kline/get?secid=0.399006&ut=fa5fd1943c7b386f172d6893dbfba10b&fields1=f1%2Cf2%2Cf3%2Cf4%2Cf5%2Cf6&fields2=f51%2Cf52%2Cf53%2Cf54%2Cf55%2Cf56%2Cf57%2Cf58%2Cf59%2Cf60%2Cf61&klt=101&fqt=0&beg=20251201&end=20260717&lmt=1000&_=20260718140000
2026-03-31,半导体材料设备指数,931743.CSI,2.931743,5705.51,5678.68,5687.44,5481.21,5484.29,-221.22,-3.88,2957917,25099747041,3.61,1.73,6.50802652,106.50802652,https://r.jina.ai/http://push2his.eastmoney.com/api/qt/stock/kline/get?secid=2.931743&ut=fa5fd1943c7b386f172d6893dbfba10b&fields1=f1%2Cf2%2Cf3%2Cf4%2Cf5%2Cf6&fields2=f51%2Cf52%2Cf53%2Cf54%2Cf55%2Cf56%2Cf57%2Cf58%2Cf59%2Cf60%2Cf61&klt=101&fqt=0&beg=20251201&end=20260717&lmt=1000&_=20260718140000
2026-03-31,存储芯片概念,BK1137,90.BK1137,2241.53,2225.73,2234.9,2167.74,2167.74,-73.79,-3.29,24849950,108856140780,3,2.95,7.40744411,107.40744411,https://r.jina.ai/http://push2his.eastmoney.com/api/qt/stock/kline/get?secid=90.BK1137&ut=fa5fd1943c7b386f172d6893dbfba10b&fields1=f1%2Cf2%2Cf3%2Cf4%2Cf5%2Cf6&fields2=f51%2Cf52%2Cf53%2Cf54%2Cf55%2Cf56%2Cf57%2Cf58%2Cf59%2Cf60%2Cf61&klt=101&fqt=0&beg=20251201&end=20260717&lmt=1000&_=20260718140000
2026-03-31,科创50指数,000688.SH,1.000688,1289.78,1283.9,1296.03,1256.33,1256.33,-33.45,-2.59,9583190,57608800550,3.08,1.37,-6.53697366,93.46302634,https://r.jina.ai/http://push2his.eastmoney.com/api/qt/stock/kline/get?secid=1.000688&ut=fa5fd1943c7b386f172d6893dbfba10b&fields1=f1%2Cf2%2Cf3%2Cf4%2Cf5%2Cf6&fields2=f51%2Cf52%2Cf53%2Cf54%2Cf55%2Cf56%2Cf57%2Cf58%2Cf59%2Cf60%2Cf61&klt=101&fqt=0&beg=20251201&end=20260717&lmt=1000&_=20260718140000
2026-04-01,CPO概念,BK1128,90.BK1128,6132.25,6354.93,6441.38,6284.62,6441.29,309.04,5.04,19006091,136014921305,2.56,2.38,28.66445477,128.66445477,https://r.jina.ai/http://push2his.eastmoney.com/api/qt/stock/kline/get?secid=90.BK1128&ut=fa5fd1943c7b386f172d6893dbfba10b&fields1=f1%2Cf2%2Cf3%2Cf4%2Cf5%2Cf6&fields2=f51%2Cf52%2Cf53%2Cf54%2Cf55%2Cf56%2Cf57%2Cf58%2Cf59%2Cf60%2Cf61&klt=101&fqt=0&beg=20251201&end=20260717&lmt=1000&_=20260718140000
2026-04-01,PCB概念,BK0877,90.BK0877,2967.92,3045.67,3083.15,3024.71,3062.22,94.3,3.18,26365744,89229746376,1.97,2.52,12.40557069,112.40557069,https://r.jina.ai/http://push2his.eastmoney.com/api/qt/stock/kline/get?secid=90.BK0877&ut=fa5fd1943c7b386f172d6893dbfba10b&fields1=f1%2Cf2%2Cf3%2Cf4%2Cf5%2Cf6&fields2=f51%2Cf52%2Cf53%2Cf54%2Cf55%2Cf56%2Cf57%2Cf58%2Cf59%2Cf60%2Cf61&klt=101&fqt=0&beg=20251201&end=20260717&lmt=1000&_=20260718140000
2026-04-01,上证指数,000001.SH,1.000001,3891.86,3939.57,3955.94,3929.92,3948.55,56.69,1.46,564611598,897278213909,0.67,1.17,-0.5112325,99.4887675,https://r.jina.ai/http://push2his.eastmoney.com/api/qt/stock/kline/get?secid=1.000001&ut=fa5fd1943c7b386f172d6893dbfba10b&fields1=f1%2Cf2%2Cf3%2Cf4%2Cf5%2Cf6&fields2=f51%2Cf52%2Cf53%2Cf54%2Cf55%2Cf56%2Cf57%2Cf58%2Cf59%2Cf60%2Cf61&klt=101&fqt=0&beg=20251201&end=20260717&lmt=1000&_=20260718140000
2026-04-01,创业板指,399006.SZ,0.399006,3184.95,3255.26,3255.26,3206.8,3247.52,62.57,1.96,186799094,513943954660.35,1.52,3.34,1.38456591,101.38456591,https://r.jina.ai/http://push2his.eastmoney.com/api/qt/stock/kline/get?secid=0.399006&ut=fa5fd1943c7b386f172d6893dbfba10b&fields1=f1%2Cf2%2Cf3%2Cf4%2Cf5%2Cf6&fields2=f51%2Cf52%2Cf53%2Cf54%2Cf55%2Cf56%2Cf57%2Cf58%2Cf59%2Cf60%2Cf61&klt=101&fqt=0&beg=20251201&end=20260717&lmt=1000&_=20260718140000
2026-04-01,半导体材料设备指数,931743.CSI,2.931743,5484.29,5627.56,5674.96,5558.91,5588.43,104.14,1.9,2803502,24164538871,2.12,1.64,8.53048447,108.53048447,https://r.jina.ai/http://push2his.eastmoney.com/api/qt/stock/kline/get?secid=2.931743&ut=fa5fd1943c7b386f172d6893dbfba10b&fields1=f1%2Cf2%2Cf3%2Cf4%2Cf5%2Cf6&fields2=f51%2Cf52%2Cf53%2Cf54%2Cf55%2Cf56%2Cf57%2Cf58%2Cf59%2Cf60%2Cf61&klt=101&fqt=0&beg=20251201&end=20260717&lmt=1000&_=20260718140000
2026-04-01,存储芯片概念,BK1137,90.BK1137,2167.74,2232.14,2236.69,2198.44,2218.65,50.91,2.35,23080358,112610231232,1.76,2.74,9.92993896,109.92993896,https://r.jina.ai/http://push2his.eastmoney.com/api/qt/stock/kline/get?secid=90.BK1137&ut=fa5fd1943c7b386f172d6893dbfba10b&fields1=f1%2Cf2%2Cf3%2Cf4%2Cf5%2Cf6&fields2=f51%2Cf52%2Cf53%2Cf54%2Cf55%2Cf56%2Cf57%2Cf58%2Cf59%2Cf60%2Cf61&klt=101&fqt=0&beg=20251201&end=20260717&lmt=1000&_=20260718140000
2026-04-01,科创50指数,000688.SH,1.000688,1256.33,1290.64,1302.87,1282.31,1298.2,41.87,3.33,9826461,67776529674,1.64,1.4,-3.42210981,96.57789019,https://r.jina.ai/http://push2his.eastmoney.com/api/qt/stock/kline/get?secid=1.000688&ut=fa5fd1943c7b386f172d6893dbfba10b&fields1=f1%2Cf2%2Cf3%2Cf4%2Cf5%2Cf6&fields2=f51%2Cf52%2Cf53%2Cf54%2Cf55%2Cf56%2Cf57%2Cf58%2Cf59%2Cf60%2Cf61&klt=101&fqt=0&beg=20251201&end=20260717&lmt=1000&_=20260718140000
2026-04-02,CPO概念,BK1128,90.BK1128,6441.29,6393.87,6503.88,6281.43,6313.58,-127.71,-1.98,18837344,121697522042,3.45,2.36,26.11345373,126.11345373,https://r.jina.ai/http://push2his.eastmoney.com/api/qt/stock/kline/get?secid=90.BK1128&ut=fa5fd1943c7b386f172d6893dbfba10b&fields1=f1%2Cf2%2Cf3%2Cf4%2Cf5%2Cf6&fields2=f51%2Cf52%2Cf53%2Cf54%2Cf55%2Cf56%2Cf57%2Cf58%2Cf59%2Cf60%2Cf61&klt=101&fqt=0&beg=20251201&end=20260717&lmt=1000&_=20260718140000
2026-04-02,PCB概念,BK0877,90.BK0877,3062.22,3043.04,3051.65,2954.18,2975.24,-86.98,-2.84,22964459,75241124196,3.18,2.2,9.21277705,109.21277705,https://r.jina.ai/http://push2his.eastmoney.com/api/qt/stock/kline/get?secid=90.BK0877&ut=fa5fd1943c7b386f172d6893dbfba10b&fields1=f1%2Cf2%2Cf3%2Cf4%2Cf5%2Cf6&fields2=f51%2Cf52%2Cf53%2Cf54%2Cf55%2Cf56%2Cf57%2Cf58%2Cf59%2Cf60%2Cf61&klt=101&fqt=0&beg=20251201&end=20260717&lmt=1000&_=20260718140000
2026-04-02,上证指数,000001.SH,1.000001,3948.55,3940.8,3952.58,3900.12,3919.29,-29.26,-0.74,544212835,811896566971.7,1.33,1.13,-1.24847563,98.75152437,https://r.jina.ai/http://push2his.eastmoney.com/api/qt/stock/kline/get?secid=1.000001&ut=fa5fd1943c7b386f172d6893dbfba10b&fields1=f1%2Cf2%2Cf3%2Cf4%2Cf5%2Cf6&fields2=f51%2Cf52%2Cf53%2Cf54%2Cf55%2Cf56%2Cf57%2Cf58%2Cf59%2Cf60%2Cf61&klt=101&fqt=0&beg=20251201&end=20260717&lmt=1000&_=20260718140000
2026-04-02,创业板指,399006.SZ,0.399006,3247.52,3229.6,3229.68,3155.13,3172.65,-74.87,-2.31,180448858,457158332797.34,2.3,3.23,-0.95280613,99.04719387,https://r.jina.ai/http://push2his.eastmoney.com/api/qt/stock/kline/get?secid=0.399006&ut=fa5fd1943c7b386f172d6893dbfba10b&fields1=f1%2Cf2%2Cf3%2Cf4%2Cf5%2Cf6&fields2=f51%2Cf52%2Cf53%2Cf54%2Cf55%2Cf56%2Cf57%2Cf58%2Cf59%2Cf60%2Cf61&klt=101&fqt=0&beg=20251201&end=20260717&lmt=1000&_=20260718140000
2026-04-02,半导体材料设备指数,931743.CSI,2.931743,5588.43,5577.35,5577.35,5341.21,5389.04,-199.39,-3.57,2815504,22670768492,4.23,1.64,4.65821742,104.65821742,https://r.jina.ai/http://push2his.eastmoney.com/api/qt/stock/kline/get?secid=2.931743&ut=fa5fd1943c7b386f172d6893dbfba10b&fields1=f1%2Cf2%2Cf3%2Cf4%2Cf5%2Cf6&fields2=f51%2Cf52%2Cf53%2Cf54%2Cf55%2Cf56%2Cf57%2Cf58%2Cf59%2Cf60%2Cf61&klt=101&fqt=0&beg=20251201&end=20260717&lmt=1000&_=20260718140000
2026-04-02,存储芯片概念,BK1137,90.BK1137,2218.65,2217.04,2217.68,2136.94,2149.07,-69.58,-3.14,23023367,94323565736,3.64,2.73,6.48238069,106.48238069,https://r.jina.ai/http://push2his.eastmoney.com/api/qt/stock/kline/get?secid=90.BK1137&ut=fa5fd1943c7b386f172d6893dbfba10b&fields1=f1%2Cf2%2Cf3%2Cf4%2Cf5%2Cf6&fields2=f51%2Cf52%2Cf53%2Cf54%2Cf55%2Cf56%2Cf57%2Cf58%2Cf59%2Cf60%2Cf61&klt=101&fqt=0&beg=20251201&end=20260717&lmt=1000&_=20260718140000
2026-04-02,科创50指数,000688.SH,1.000688,1298.2,1294.63,1294.63,1254.62,1262.18,-36.02,-2.77,7588114,52627584676,3.08,1.08,-6.10177057,93.89822943,https://r.jina.ai/http://push2his.eastmoney.com/api/qt/stock/kline/get?secid=1.000688&ut=fa5fd1943c7b386f172d6893dbfba10b&fields1=f1%2Cf2%2Cf3%2Cf4%2Cf5%2Cf6&fields2=f51%2Cf52%2Cf53%2Cf54%2Cf55%2Cf56%2Cf57%2Cf58%2Cf59%2Cf60%2Cf61&klt=101&fqt=0&beg=20251201&end=20260717&lmt=1000&_=20260718140000
2026-04-03,CPO概念,BK1128,90.BK1128,6313.58,6441.79,6607.58,6441.79,6505.53,191.95,3.04,20717134,152030643047,2.63,2.6,29.94764565,129.94764565,https://r.jina.ai/http://push2his.eastmoney.com/api/qt/stock/kline/get?secid=90.BK1128&ut=fa5fd1943c7b386f172d6893dbfba10b&fields1=f1%2Cf2%2Cf3%2Cf4%2Cf5%2Cf6&fields2=f51%2Cf52%2Cf53%2Cf54%2Cf55%2Cf56%2Cf57%2Cf58%2Cf59%2Cf60%2Cf61&klt=101&fqt=0&beg=20251201&end=20260717&lmt=1000&_=20260718140000
2026-04-03,PCB概念,BK0877,90.BK0877,2975.24,2995.04,3007.23,2965.33,2969.26,-5.98,-0.2,21454890,75930047541,1.41,2.05,8.9932679,108.9932679,https://r.jina.ai/http://push2his.eastmoney.com/api/qt/stock/kline/get?secid=90.BK0877&ut=fa5fd1943c7b386f172d6893dbfba10b&fields1=f1%2Cf2%2Cf3%2Cf4%2Cf5%2Cf6&fields2=f51%2Cf52%2Cf53%2Cf54%2Cf55%2Cf56%2Cf57%2Cf58%2Cf59%2Cf60%2Cf61&klt=101&fqt=0&beg=20251201&end=20260717&lmt=1000&_=20260718140000
2026-04-03,上证指数,000001.SH,1.000001,3919.29,3927.59,3929.53,3871.3,3880.1,-39.19,-1,492699082,713830332060.1,1.49,1.02,-2.2359178,97.7640822,https://r.jina.ai/http://push2his.eastmoney.com/api/qt/stock/kline/get?secid=1.000001&ut=fa5fd1943c7b386f172d6893dbfba10b&fields1=f1%2Cf2%2Cf3%2Cf4%2Cf5%2Cf6&fields2=f51%2Cf52%2Cf53%2Cf54%2Cf55%2Cf56%2Cf57%2Cf58%2Cf59%2Cf60%2Cf61&klt=101&fqt=0&beg=20251201&end=20260717&lmt=1000&_=20260718140000
2026-04-03,创业板指,399006.SZ,0.399006,3172.65,3197.77,3199.44,3149.15,3149.6,-23.05,-0.73,168154167,437459830898,1.59,3.01,-1.67240577,98.32759423,https://r.jina.ai/http://push2his.eastmoney.com/api/qt/stock/kline/get?secid=0.399006&ut=fa5fd1943c7b386f172d6893dbfba10b&fields1=f1%2Cf2%2Cf3%2Cf4%2Cf5%2Cf6&fields2=f51%2Cf52%2Cf53%2Cf54%2Cf55%2Cf56%2Cf57%2Cf58%2Cf59%2Cf60%2Cf61&klt=101&fqt=0&beg=20251201&end=20260717&lmt=1000&_=20260718140000
2026-04-03,半导体材料设备指数,931743.CSI,2.931743,5389.04,5438.88,5455.19,5368.23,5381.55,-7.49,-0.14,2757204,20811017945,1.61,1.61,4.51275737,104.51275737,https://r.jina.ai/http://push2his.eastmoney.com/api/qt/stock/kline/get?secid=2.931743&ut=fa5fd1943c7b386f172d6893dbfba10b&fields1=f1%2Cf2%2Cf3%2Cf4%2Cf5%2Cf6&fields2=f51%2Cf52%2Cf53%2Cf54%2Cf55%2Cf56%2Cf57%2Cf58%2Cf59%2Cf60%2Cf61&klt=101&fqt=0&beg=20251201&end=20260717&lmt=1000&_=20260718140000
2026-04-03,存储芯片概念,BK1137,90.BK1137,2149.07,2164.72,2165.31,2122.09,2123.11,-25.96,-1.21,18513535,73510923776,2.01,2.2,5.19611146,105.19611146,https://r.jina.ai/http://push2his.eastmoney.com/api/qt/stock/kline/get?secid=90.BK1137&ut=fa5fd1943c7b386f172d6893dbfba10b&fields1=f1%2Cf2%2Cf3%2Cf4%2Cf5%2Cf6&fields2=f51%2Cf52%2Cf53%2Cf54%2Cf55%2Cf56%2Cf57%2Cf58%2Cf59%2Cf60%2Cf61&klt=101&fqt=0&beg=20251201&end=20260717&lmt=1000&_=20260718140000
2026-04-03,科创50指数,000688.SH,1.000688,1262.18,1270.94,1272.84,1254.76,1256.21,-5.97,-0.47,6706421,43238392108,1.43,0.96,-6.54590091,93.45409909,https://r.jina.ai/http://push2his.eastmoney.com/api/qt/stock/kline/get?secid=1.000688&ut=fa5fd1943c7b386f172d6893dbfba10b&fields1=f1%2Cf2%2Cf3%2Cf4%2Cf5%2Cf6&fields2=f51%2Cf52%2Cf53%2Cf54%2Cf55%2Cf56%2Cf57%2Cf58%2Cf59%2Cf60%2Cf61&klt=101&fqt=0&beg=20251201&end=20260717&lmt=1000&_=20260718140000
2026-04-07,CPO概念,BK1128,90.BK1128,6505.53,6506.63,6654.7,6444.5,6502.09,-3.44,-0.05,17288012,130957837501,3.23,2.17,29.87893182,129.87893182,https://r.jina.ai/http://push2his.eastmoney.com/api/qt/stock/kline/get?secid=90.BK1128&ut=fa5fd1943c7b386f172d6893dbfba10b&fields1=f1%2Cf2%2Cf3%2Cf4%2Cf5%2Cf6&fields2=f51%2Cf52%2Cf53%2Cf54%2Cf55%2Cf56%2Cf57%2Cf58%2Cf59%2Cf60%2Cf61&klt=101&fqt=0&beg=20251201&end=20260717&lmt=1000&_=20260718140000
2026-04-07,PCB概念,BK0877,90.BK0877,2969.26,2991.12,3064.72,2991.12,3036.35,67.09,2.26,23434114,79966982090,2.48,2.24,11.45595501,111.45595501,https://r.jina.ai/http://push2his.eastmoney.com/api/qt/stock/kline/get?secid=90.BK0877&ut=fa5fd1943c7b386f172d6893dbfba10b&fields1=f1%2Cf2%2Cf3%2Cf4%2Cf5%2Cf6&fields2=f51%2Cf52%2Cf53%2Cf54%2Cf55%2Cf56%2Cf57%2Cf58%2Cf59%2Cf60%2Cf61&klt=101&fqt=0&beg=20251201&end=20260717&lmt=1000&_=20260718140000
2026-04-07,上证指数,000001.SH,1.000001,3880.1,3884.15,3902.61,3875.68,3890.16,10.06,0.26,473615076,723905837261.2,0.69,0.98,-1.98244323,98.01755677,https://r.jina.ai/http://push2his.eastmoney.com/api/qt/stock/kline/get?secid=1.000001&ut=fa5fd1943c7b386f172d6893dbfba10b&fields1=f1%2Cf2%2Cf3%2Cf4%2Cf5%2Cf6&fields2=f51%2Cf52%2Cf53%2Cf54%2Cf55%2Cf56%2Cf57%2Cf58%2Cf59%2Cf60%2Cf61&klt=101&fqt=0&beg=20251201&end=20260717&lmt=1000&_=20260718140000
2026-04-07,创业板指,399006.SZ,0.399006,3149.6,3162.82,3181.35,3133.78,3160.82,11.22,0.36,152437337,397194455819.38,1.51,2.73,-1.32212777,98.67787223,https://r.jina.ai/http://push2his.eastmoney.com/api/qt/stock/kline/get?secid=0.399006&ut=fa5fd1943c7b386f172d6893dbfba10b&fields1=f1%2Cf2%2Cf3%2Cf4%2Cf5%2Cf6&fields2=f51%2Cf52%2Cf53%2Cf54%2Cf55%2Cf56%2Cf57%2Cf58%2Cf59%2Cf60%2Cf61&klt=101&fqt=0&beg=20251201&end=20260717&lmt=1000&_=20260718140000
2026-04-07,半导体材料设备指数,931743.CSI,2.931743,5381.55,5415.5,5473.25,5389.28,5409.5,27.95,0.52,3068119,20084571116,1.56,1.79,5.05556224,105.05556224,https://r.jina.ai/http://push2his.eastmoney.com/api/qt/stock/kline/get?secid=2.931743&ut=fa5fd1943c7b386f172d6893dbfba10b&fields1=f1%2Cf2%2Cf3%2Cf4%2Cf5%2Cf6&fields2=f51%2Cf52%2Cf53%2Cf54%2Cf55%2Cf56%2Cf57%2Cf58%2Cf59%2Cf60%2Cf61&klt=101&fqt=0&beg=20251201&end=20260717&lmt=1000&_=20260718140000
2026-04-07,存储芯片概念,BK1137,90.BK1137,2123.11,2137.31,2181.34,2137.31,2157.43,34.32,1.62,19506517,80787428882,2.07,2.32,6.89660298,106.89660298,https://r.jina.ai/http://push2his.eastmoney.com/api/qt/stock/kline/get?secid=90.BK1137&ut=fa5fd1943c7b386f172d6893dbfba10b&fields1=f1%2Cf2%2Cf3%2Cf4%2Cf5%2Cf6&fields2=f51%2Cf52%2Cf53%2Cf54%2Cf55%2Cf56%2Cf57%2Cf58%2Cf59%2Cf60%2Cf61&klt=101&fqt=0&beg=20251201&end=20260717&lmt=1000&_=20260718140000
2026-04-07,科创50指数,000688.SH,1.000688,1256.21,1261.71,1286.53,1261.71,1274.01,17.8,1.42,6322349,58642407634,1.98,0.9,-5.2216932,94.7783068,https://r.jina.ai/http://push2his.eastmoney.com/api/qt/stock/kline/get?secid=1.000688&ut=fa5fd1943c7b386f172d6893dbfba10b&fields1=f1%2Cf2%2Cf3%2Cf4%2Cf5%2Cf6&fields2=f51%2Cf52%2Cf53%2Cf54%2Cf55%2Cf56%2Cf57%2Cf58%2Cf59%2Cf60%2Cf61&klt=101&fqt=0&beg=20251201&end=20260717&lmt=1000&_=20260718140000
2026-04-08,CPO概念,BK1128,90.BK1128,6502.09,6749.68,6964.92,6683.26,6964.92,462.83,7.12,25005787,198712314869,4.33,3.14,39.12393858,139.12393858,https://r.jina.ai/http://push2his.eastmoney.com/api/qt/stock/kline/get?secid=90.BK1128&ut=fa5fd1943c7b386f172d6893dbfba10b&fields1=f1%2Cf2%2Cf3%2Cf4%2Cf5%2Cf6&fields2=f51%2Cf52%2Cf53%2Cf54%2Cf55%2Cf56%2Cf57%2Cf58%2Cf59%2Cf60%2Cf61&klt=101&fqt=0&beg=20251201&end=20260717&lmt=1000&_=20260718140000
2026-04-08,PCB概念,BK0877,90.BK0877,3036.35,3122.05,3230.58,3106.44,3230.58,194.23,6.4,36955036,131236436066,4.09,3.54,18.58559756,118.58559756,https://r.jina.ai/http://push2his.eastmoney.com/api/qt/stock/kline/get?secid=90.BK0877&ut=fa5fd1943c7b386f172d6893dbfba10b&fields1=f1%2Cf2%2Cf3%2Cf4%2Cf5%2Cf6&fields2=f51%2Cf52%2Cf53%2Cf54%2Cf55%2Cf56%2Cf57%2Cf58%2Cf59%2Cf60%2Cf61&klt=101&fqt=0&beg=20251201&end=20260717&lmt=1000&_=20260718140000
2026-04-08,上证指数,000001.SH,1.000001,3890.16,3930.25,3995,3926.25,3995,104.84,2.7,644135352,1074211701270.4,1.77,1.33,0.65913466,100.65913466,https://r.jina.ai/http://push2his.eastmoney.com/api/qt/stock/kline/get?secid=1.000001&ut=fa5fd1943c7b386f172d6893dbfba10b&fields1=f1%2Cf2%2Cf3%2Cf4%2Cf5%2Cf6&fields2=f51%2Cf52%2Cf53%2Cf54%2Cf55%2Cf56%2Cf57%2Cf58%2Cf59%2Cf60%2Cf61&klt=101&fqt=0&beg=20251201&end=20260717&lmt=1000&_=20260718140000
2026-04-08,创业板指,399006.SZ,0.399006,3160.82,3257.91,3348.39,3243.78,3347.61,186.79,5.91,233353707,659180845669.87,3.31,4.17,4.50928299,104.50928299,https://r.jina.ai/http://push2his.eastmoney.com/api/qt/stock/kline/get?secid=0.399006&ut=fa5fd1943c7b386f172d6893dbfba10b&fields1=f1%2Cf2%2Cf3%2Cf4%2Cf5%2Cf6&fields2=f51%2Cf52%2Cf53%2Cf54%2Cf55%2Cf56%2Cf57%2Cf58%2Cf59%2Cf60%2Cf61&klt=101&fqt=0&beg=20251201&end=20260717&lmt=1000&_=20260718140000
2026-04-08,半导体材料设备指数,931743.CSI,2.931743,5409.5,5591.64,5818.38,5591.64,5817.79,408.29,7.55,5132442,40732483657,4.19,3,12.98478593,112.98478593,https://r.jina.ai/http://push2his.eastmoney.com/api/qt/stock/kline/get?secid=2.931743&ut=fa5fd1943c7b386f172d6893dbfba10b&fields1=f1%2Cf2%2Cf3%2Cf4%2Cf5%2Cf6&fields2=f51%2Cf52%2Cf53%2Cf54%2Cf55%2Cf56%2Cf57%2Cf58%2Cf59%2Cf60%2Cf61&klt=101&fqt=0&beg=20251201&end=20260717&lmt=1000&_=20260718140000
2026-04-08,存储芯片概念,BK1137,90.BK1137,2157.43,2225.55,2302.63,2219.97,2302.63,145.2,6.73,32243984,161551742803,3.83,3.83,14.09099017,114.09099017,https://r.jina.ai/http://push2his.eastmoney.com/api/qt/stock/kline/get?secid=90.BK1137&ut=fa5fd1943c7b386f172d6893dbfba10b&fields1=f1%2Cf2%2Cf3%2Cf4%2Cf5%2Cf6&fields2=f51%2Cf52%2Cf53%2Cf54%2Cf55%2Cf56%2Cf57%2Cf58%2Cf59%2Cf60%2Cf61&klt=101&fqt=0&beg=20251201&end=20260717&lmt=1000&_=20260718140000
2026-04-08,科创50指数,000688.SH,1.000688,1274.01,1317.28,1352.69,1316.63,1352.69,78.68,6.18,11422568,86413135124,2.83,1.63,0.63160244,100.63160244,https://r.jina.ai/http://push2his.eastmoney.com/api/qt/stock/kline/get?secid=1.000688&ut=fa5fd1943c7b386f172d6893dbfba10b&fields1=f1%2Cf2%2Cf3%2Cf4%2Cf5%2Cf6&fields2=f51%2Cf52%2Cf53%2Cf54%2Cf55%2Cf56%2Cf57%2Cf58%2Cf59%2Cf60%2Cf61&klt=101&fqt=0&beg=20251201&end=20260717&lmt=1000&_=20260718140000
2026-04-09,CPO概念,BK1128,90.BK1128,6964.92,6877.79,7142.34,6877.79,7128.43,163.51,2.35,26268231,197510633601,3.8,3.3,42.39004289,142.39004289,https://r.jina.ai/http://push2his.eastmoney.com/api/qt/stock/kline/get?secid=90.BK1128&ut=fa5fd1943c7b386f172d6893dbfba10b&fields1=f1%2Cf2%2Cf3%2Cf4%2Cf5%2Cf6&fields2=f51%2Cf52%2Cf53%2Cf54%2Cf55%2Cf56%2Cf57%2Cf58%2Cf59%2Cf60%2Cf61&klt=101&fqt=0&beg=20251201&end=20260717&lmt=1000&_=20260718140000
2026-04-09,PCB概念,BK0877,90.BK0877,3230.58,3197.56,3273.58,3195.48,3252.9,22.32,0.69,34757770,133562986575,2.42,3.33,19.40490262,119.40490262,https://r.jina.ai/http://push2his.eastmoney.com/api/qt/stock/kline/get?secid=90.BK0877&ut=fa5fd1943c7b386f172d6893dbfba10b&fields1=f1%2Cf2%2Cf3%2Cf4%2Cf5%2Cf6&fields2=f51%2Cf52%2Cf53%2Cf54%2Cf55%2Cf56%2Cf57%2Cf58%2Cf59%2Cf60%2Cf61&klt=101&fqt=0&beg=20251201&end=20260717&lmt=1000&_=20260718140000
2026-04-09,上证指数,000001.SH,1.000001,3995,3967.63,3979.13,3955.25,3966.17,-28.83,-0.72,541569801,902481840100.8,0.6,1.12,-0.06727406,99.93272594,https://r.jina.ai/http://push2his.eastmoney.com/api/qt/stock/kline/get?secid=1.000001&ut=fa5fd1943c7b386f172d6893dbfba10b&fields1=f1%2Cf2%2Cf3%2Cf4%2Cf5%2Cf6&fields2=f51%2Cf52%2Cf53%2Cf54%2Cf55%2Cf56%2Cf57%2Cf58%2Cf59%2Cf60%2Cf61&klt=101&fqt=0&beg=20251201&end=20260717&lmt=1000&_=20260718140000
2026-04-09,创业板指,399006.SZ,0.399006,3347.61,3316.29,3340.3,3301.65,3323.3,-24.31,-0.73,201677615,574839140206.13,1.15,3.61,3.75034731,103.75034731,https://r.jina.ai/http://push2his.eastmoney.com/api/qt/stock/kline/get?secid=0.399006&ut=fa5fd1943c7b386f172d6893dbfba10b&fields1=f1%2Cf2%2Cf3%2Cf4%2Cf5%2Cf6&fields2=f51%2Cf52%2Cf53%2Cf54%2Cf55%2Cf56%2Cf57%2Cf58%2Cf59%2Cf60%2Cf61&klt=101&fqt=0&beg=20251201&end=20260717&lmt=1000&_=20260718140000
2026-04-09,半导体材料设备指数,931743.CSI,2.931743,5817.79,5737.76,5961.06,5727.78,5873.25,55.46,0.95,4062124,34107626199,4.01,2.37,14.06185062,114.06185062,https://r.jina.ai/http://push2his.eastmoney.com/api/qt/stock/kline/get?secid=2.931743&ut=fa5fd1943c7b386f172d6893dbfba10b&fields1=f1%2Cf2%2Cf3%2Cf4%2Cf5%2Cf6&fields2=f51%2Cf52%2Cf53%2Cf54%2Cf55%2Cf56%2Cf57%2Cf58%2Cf59%2Cf60%2Cf61&klt=101&fqt=0&beg=20251201&end=20260717&lmt=1000&_=20260718140000
2026-04-09,存储芯片概念,BK1137,90.BK1137,2302.63,2271.91,2328.05,2270.38,2304.62,1.99,0.09,28832038,138738519857,2.5,3.42,14.18959093,114.18959093,https://r.jina.ai/http://push2his.eastmoney.com/api/qt/stock/kline/get?secid=90.BK1137&ut=fa5fd1943c7b386f172d6893dbfba10b&fields1=f1%2Cf2%2Cf3%2Cf4%2Cf5%2Cf6&fields2=f51%2Cf52%2Cf53%2Cf54%2Cf55%2Cf56%2Cf57%2Cf58%2Cf59%2Cf60%2Cf61&klt=101&fqt=0&beg=20251201&end=20260717&lmt=1000&_=20260718140000
2026-04-09,科创50指数,000688.SH,1.000688,1352.69,1335.29,1362.91,1333.01,1343.95,-8.74,-0.65,7846510,67718591571,2.21,1.12,-0.01859842,99.98140158,https://r.jina.ai/http://push2his.eastmoney.com/api/qt/stock/kline/get?secid=1.000688&ut=fa5fd1943c7b386f172d6893dbfba10b&fields1=f1%2Cf2%2Cf3%2Cf4%2Cf5%2Cf6&fields2=f51%2Cf52%2Cf53%2Cf54%2Cf55%2Cf56%2Cf57%2Cf58%2Cf59%2Cf60%2Cf61&klt=101&fqt=0&beg=20251201&end=20260717&lmt=1000&_=20260718140000
2026-04-10,CPO概念,BK1128,90.BK1128,7128.43,7180.73,7221.76,7079.16,7162.62,34.19,0.48,29315079,227784800730,2,3.68,43.07298647,143.07298647,https://r.jina.ai/http://push2his.eastmoney.com/api/qt/stock/kline/get?secid=90.BK1128&ut=fa5fd1943c7b386f172d6893dbfba10b&fields1=f1%2Cf2%2Cf3%2Cf4%2Cf5%2Cf6&fields2=f51%2Cf52%2Cf53%2Cf54%2Cf55%2Cf56%2Cf57%2Cf58%2Cf59%2Cf60%2Cf61&klt=101&fqt=0&beg=20251201&end=20260717&lmt=1000&_=20260718140000
2026-04-10,PCB概念,BK0877,90.BK0877,3252.9,3276.88,3319.11,3272.75,3276.11,23.21,0.71,35007755,149025272837,1.43,3.35,20.2568771,120.2568771,https://r.jina.ai/http://push2his.eastmoney.com/api/qt/stock/kline/get?secid=90.BK0877&ut=fa5fd1943c7b386f172d6893dbfba10b&fields1=f1%2Cf2%2Cf3%2Cf4%2Cf5%2Cf6&fields2=f51%2Cf52%2Cf53%2Cf54%2Cf55%2Cf56%2Cf57%2Cf58%2Cf59%2Cf60%2Cf61&klt=101&fqt=0&beg=20251201&end=20260717&lmt=1000&_=20260718140000
2026-04-10,上证指数,000001.SH,1.000001,3966.17,3985.46,4011.02,3979.81,3986.22,20.05,0.51,546415541,955664107213.6,0.79,1.13,0.43791133,100.43791133,https://r.jina.ai/http://push2his.eastmoney.com/api/qt/stock/kline/get?secid=1.000001&ut=fa5fd1943c7b386f172d6893dbfba10b&fields1=f1%2Cf2%2Cf3%2Cf4%2Cf5%2Cf6&fields2=f51%2Cf52%2Cf53%2Cf54%2Cf55%2Cf56%2Cf57%2Cf58%2Cf59%2Cf60%2Cf61&klt=101&fqt=0&beg=20251201&end=20260717&lmt=1000&_=20260718140000
2026-04-10,创业板指,399006.SZ,0.399006,3323.3,3355.07,3470.72,3354.77,3448.79,125.49,3.78,211593352,651563684636.91,3.49,3.78,7.66802886,107.66802886,https://r.jina.ai/http://push2his.eastmoney.com/api/qt/stock/kline/get?secid=0.399006&ut=fa5fd1943c7b386f172d6893dbfba10b&fields1=f1%2Cf2%2Cf3%2Cf4%2Cf5%2Cf6&fields2=f51%2Cf52%2Cf53%2Cf54%2Cf55%2Cf56%2Cf57%2Cf58%2Cf59%2Cf60%2Cf61&klt=101&fqt=0&beg=20251201&end=20260717&lmt=1000&_=20260718140000
2026-04-10,半导体材料设备指数,931743.CSI,2.931743,5873.25,5950.55,6038.69,5936.35,5939.2,65.95,1.12,4277637,33616978716,1.74,2.5,15.34263708,115.34263708,https://r.jina.ai/http://push2his.eastmoney.com/api/qt/stock/kline/get?secid=2.931743&ut=fa5fd1943c7b386f172d6893dbfba10b&fields1=f1%2Cf2%2Cf3%2Cf4%2Cf5%2Cf6&fields2=f51%2Cf52%2Cf53%2Cf54%2Cf55%2Cf56%2Cf57%2Cf58%2Cf59%2Cf60%2Cf61&klt=101&fqt=0&beg=20251201&end=20260717&lmt=1000&_=20260718140000
2026-04-10,存储芯片概念,BK1137,90.BK1137,2304.62,2333.06,2359.95,2333.06,2334.88,30.26,1.31,29821925,155715804231,1.17,3.54,15.68891708,115.68891708,https://r.jina.ai/http://push2his.eastmoney.com/api/qt/stock/kline/get?secid=90.BK1137&ut=fa5fd1943c7b386f172d6893dbfba10b&fields1=f1%2Cf2%2Cf3%2Cf4%2Cf5%2Cf6&fields2=f51%2Cf52%2Cf53%2Cf54%2Cf55%2Cf56%2Cf57%2Cf58%2Cf59%2Cf60%2Cf61&klt=101&fqt=0&beg=20251201&end=20260717&lmt=1000&_=20260718140000
2026-04-10,科创50指数,000688.SH,1.000688,1343.95,1363.58,1382.94,1362.4,1364.49,20.54,1.53,8471659,75598570047,1.53,1.21,1.509448,101.509448,https://r.jina.ai/http://push2his.eastmoney.com/api/qt/stock/kline/get?secid=1.000688&ut=fa5fd1943c7b386f172d6893dbfba10b&fields1=f1%2Cf2%2Cf3%2Cf4%2Cf5%2Cf6&fields2=f51%2Cf52%2Cf53%2Cf54%2Cf55%2Cf56%2Cf57%2Cf58%2Cf59%2Cf60%2Cf61&klt=101&fqt=0&beg=20251201&end=20260717&lmt=1000&_=20260718140000
2026-04-13,CPO概念,BK1128,90.BK1128,7162.62,7090.67,7338.01,7090.67,7318.56,155.94,2.18,26059732,196864733471,3.45,3.27,46.1878804,146.1878804,https://r.jina.ai/http://push2his.eastmoney.com/api/qt/stock/kline/get?secid=90.BK1128&ut=fa5fd1943c7b386f172d6893dbfba10b&fields1=f1%2Cf2%2Cf3%2Cf4%2Cf5%2Cf6&fields2=f51%2Cf52%2Cf53%2Cf54%2Cf55%2Cf56%2Cf57%2Cf58%2Cf59%2Cf60%2Cf61&klt=101&fqt=0&beg=20251201&end=20260717&lmt=1000&_=20260718140000
2026-04-13,PCB概念,BK0877,90.BK0877,3276.11,3247.25,3342.03,3247.25,3340.09,63.98,1.95,35614659,142658904626,2.89,3.41,22.60540477,122.60540477,https://r.jina.ai/http://push2his.eastmoney.com/api/qt/stock/kline/get?secid=90.BK0877&ut=fa5fd1943c7b386f172d6893dbfba10b&fields1=f1%2Cf2%2Cf3%2Cf4%2Cf5%2Cf6&fields2=f51%2Cf52%2Cf53%2Cf54%2Cf55%2Cf56%2Cf57%2Cf58%2Cf59%2Cf60%2Cf61&klt=101&fqt=0&beg=20251201&end=20260717&lmt=1000&_=20260718140000
2026-04-13,上证指数,000001.SH,1.000001,3986.22,3971.2,3991.26,3966.2,3988.56,2.34,0.06,545781768,919436481788,0.63,1.13,0.49687062,100.49687062,https://r.jina.ai/http://push2his.eastmoney.com/api/qt/stock/kline/get?secid=1.000001&ut=fa5fd1943c7b386f172d6893dbfba10b&fields1=f1%2Cf2%2Cf3%2Cf4%2Cf5%2Cf6&fields2=f51%2Cf52%2Cf53%2Cf54%2Cf55%2Cf56%2Cf57%2Cf58%2Cf59%2Cf60%2Cf61&klt=101&fqt=0&beg=20251201&end=20260717&lmt=1000&_=20260718140000
2026-04-13,创业板指,399006.SZ,0.399006,3448.79,3434.32,3492.48,3434.32,3476.44,27.65,0.8,186067773,568699831319.24,1.69,3.33,8.53123624,108.53123624,https://r.jina.ai/http://push2his.eastmoney.com/api/qt/stock/kline/get?secid=0.399006&ut=fa5fd1943c7b386f172d6893dbfba10b&fields1=f1%2Cf2%2Cf3%2Cf4%2Cf5%2Cf6&fields2=f51%2Cf52%2Cf53%2Cf54%2Cf55%2Cf56%2Cf57%2Cf58%2Cf59%2Cf60%2Cf61&klt=101&fqt=0&beg=20251201&end=20260717&lmt=1000&_=20260718140000
2026-04-13,半导体材料设备指数,931743.CSI,2.931743,5939.2,5888.47,5949.25,5853.4,5865.85,-73.35,-1.24,3708416,29402902526,1.61,2.17,13.91813842,113.91813842,https://r.jina.ai/http://push2his.eastmoney.com/api/qt/stock/kline/get?secid=2.931743&ut=fa5fd1943c7b386f172d6893dbfba10b&fields1=f1%2Cf2%2Cf3%2Cf4%2Cf5%2Cf6&fields2=f51%2Cf52%2Cf53%2Cf54%2Cf55%2Cf56%2Cf57%2Cf58%2Cf59%2Cf60%2Cf61&klt=101&fqt=0&beg=20251201&end=20260717&lmt=1000&_=20260718140000
2026-04-13,存储芯片概念,BK1137,90.BK1137,2334.88,2314.31,2366.77,2314.31,2354.76,19.88,0.85,26600585,141892782274,2.25,3.16,16.67393372,116.67393372,https://r.jina.ai/http://push2his.eastmoney.com/api/qt/stock/kline/get?secid=90.BK1137&ut=fa5fd1943c7b386f172d6893dbfba10b&fields1=f1%2Cf2%2Cf3%2Cf4%2Cf5%2Cf6&fields2=f51%2Cf52%2Cf53%2Cf54%2Cf55%2Cf56%2Cf57%2Cf58%2Cf59%2Cf60%2Cf61&klt=101&fqt=0&beg=20251201&end=20260717&lmt=1000&_=20260718140000
2026-04-13,科创50指数,000688.SH,1.000688,1364.49,1358.46,1396,1358.46,1375.29,10.8,0.79,9018894,79738287786,2.75,1.29,2.31289987,102.31289987,https://r.jina.ai/http://push2his.eastmoney.com/api/qt/stock/kline/get?secid=1.000688&ut=fa5fd1943c7b386f172d6893dbfba10b&fields1=f1%2Cf2%2Cf3%2Cf4%2Cf5%2Cf6&fields2=f51%2Cf52%2Cf53%2Cf54%2Cf55%2Cf56%2Cf57%2Cf58%2Cf59%2Cf60%2Cf61&klt=101&fqt=0&beg=20251201&end=20260717&lmt=1000&_=20260718140000
2026-04-14,CPO概念,BK1128,90.BK1128,7318.56,7379.27,7527.26,7338.2,7410.97,92.41,1.26,28171742,214694930939,2.58,3.53,48.03376566,148.03376566,https://r.jina.ai/http://push2his.eastmoney.com/api/qt/stock/kline/get?secid=90.BK1128&ut=fa5fd1943c7b386f172d6893dbfba10b&fields1=f1%2Cf2%2Cf3%2Cf4%2Cf5%2Cf6&fields2=f51%2Cf52%2Cf53%2Cf54%2Cf55%2Cf56%2Cf57%2Cf58%2Cf59%2Cf60%2Cf61&klt=101&fqt=0&beg=20251201&end=20260717&lmt=1000&_=20260718140000
2026-04-14,PCB概念,BK0877,90.BK0877,3340.09,3370.06,3428.57,3354.25,3422.29,82.2,2.46,41315016,170738847399,2.23,3.95,25.62273792,125.62273792,https://r.jina.ai/http://push2his.eastmoney.com/api/qt/stock/kline/get?secid=90.BK0877&ut=fa5fd1943c7b386f172d6893dbfba10b&fields1=f1%2Cf2%2Cf3%2Cf4%2Cf5%2Cf6&fields2=f51%2Cf52%2Cf53%2Cf54%2Cf55%2Cf56%2Cf57%2Cf58%2Cf59%2Cf60%2Cf61&klt=101&fqt=0&beg=20251201&end=20260717&lmt=1000&_=20260718140000
2026-04-14,上证指数,000001.SH,1.000001,3988.56,4006.73,4026.63,3992.41,4026.63,38.07,0.95,570259003,998435132019.7,0.86,1.18,1.45609296,101.45609296,https://r.jina.ai/http://push2his.eastmoney.com/api/qt/stock/kline/get?secid=1.000001&ut=fa5fd1943c7b386f172d6893dbfba10b&fields1=f1%2Cf2%2Cf3%2Cf4%2Cf5%2Cf6&fields2=f51%2Cf52%2Cf53%2Cf54%2Cf55%2Cf56%2Cf57%2Cf58%2Cf59%2Cf60%2Cf61&klt=101&fqt=0&beg=20251201&end=20260717&lmt=1000&_=20260718140000
2026-04-14,创业板指,399006.SZ,0.399006,3476.44,3507.11,3560.3,3493.37,3558.53,82.09,2.36,207676373,660311566333.9,1.93,3.71,11.09401,111.09401,https://r.jina.ai/http://push2his.eastmoney.com/api/qt/stock/kline/get?secid=0.399006&ut=fa5fd1943c7b386f172d6893dbfba10b&fields1=f1%2Cf2%2Cf3%2Cf4%2Cf5%2Cf6&fields2=f51%2Cf52%2Cf53%2Cf54%2Cf55%2Cf56%2Cf57%2Cf58%2Cf59%2Cf60%2Cf61&klt=101&fqt=0&beg=20251201&end=20260717&lmt=1000&_=20260718140000
2026-04-14,半导体材料设备指数,931743.CSI,2.931743,5865.85,5942.7,6120.15,5942.31,6054.13,188.28,3.21,4457583,38544028460,3.03,2.6,17.57464295,117.57464295,https://r.jina.ai/http://push2his.eastmoney.com/api/qt/stock/kline/get?secid=2.931743&ut=fa5fd1943c7b386f172d6893dbfba10b&fields1=f1%2Cf2%2Cf3%2Cf4%2Cf5%2Cf6&fields2=f51%2Cf52%2Cf53%2Cf54%2Cf55%2Cf56%2Cf57%2Cf58%2Cf59%2Cf60%2Cf61&klt=101&fqt=0&beg=20251201&end=20260717&lmt=1000&_=20260718140000
2026-04-14,存储芯片概念,BK1137,90.BK1137,2354.76,2385.18,2432.95,2382.66,2427.86,73.1,3.1,34215741,179579692154,2.14,4.06,20.29590138,120.29590138,https://r.jina.ai/http://push2his.eastmoney.com/api/qt/stock/kline/get?secid=90.BK1137&ut=fa5fd1943c7b386f172d6893dbfba10b&fields1=f1%2Cf2%2Cf3%2Cf4%2Cf5%2Cf6&fields2=f51%2Cf52%2Cf53%2Cf54%2Cf55%2Cf56%2Cf57%2Cf58%2Cf59%2Cf60%2Cf61&klt=101&fqt=0&beg=20251201&end=20260717&lmt=1000&_=20260718140000
2026-04-14,科创50指数,000688.SH,1.000688,1375.29,1398.4,1409.85,1387.42,1405.07,29.78,2.17,9302659,91340078269,1.63,1.33,4.528344,104.528344,https://r.jina.ai/http://push2his.eastmoney.com/api/qt/stock/kline/get?secid=1.000688&ut=fa5fd1943c7b386f172d6893dbfba10b&fields1=f1%2Cf2%2Cf3%2Cf4%2Cf5%2Cf6&fields2=f51%2Cf52%2Cf53%2Cf54%2Cf55%2Cf56%2Cf57%2Cf58%2Cf59%2Cf60%2Cf61&klt=101&fqt=0&beg=20251201&end=20260717&lmt=1000&_=20260718140000
2026-04-15,CPO概念,BK1128,90.BK1128,7410.97,7436.39,7536.82,7328.06,7384.47,-26.5,-0.36,26125778,214565435262,2.82,3.28,47.50442945,147.50442945,https://r.jina.ai/http://push2his.eastmoney.com/api/qt/stock/kline/get?secid=90.BK1128&ut=fa5fd1943c7b386f172d6893dbfba10b&fields1=f1%2Cf2%2Cf3%2Cf4%2Cf5%2Cf6&fields2=f51%2Cf52%2Cf53%2Cf54%2Cf55%2Cf56%2Cf57%2Cf58%2Cf59%2Cf60%2Cf61&klt=101&fqt=0&beg=20251201&end=20260717&lmt=1000&_=20260718140000
2026-04-15,PCB概念,BK0877,90.BK0877,3422.29,3435.92,3458.27,3366.55,3380.43,-41.86,-1.22,38024501,159891131074,2.68,3.64,24.08617386,124.08617386,https://r.jina.ai/http://push2his.eastmoney.com/api/qt/stock/kline/get?secid=90.BK0877&ut=fa5fd1943c7b386f172d6893dbfba10b&fields1=f1%2Cf2%2Cf3%2Cf4%2Cf5%2Cf6&fields2=f51%2Cf52%2Cf53%2Cf54%2Cf55%2Cf56%2Cf57%2Cf58%2Cf59%2Cf60%2Cf61&klt=101&fqt=0&beg=20251201&end=20260717&lmt=1000&_=20260718140000
2026-04-15,上证指数,000001.SH,1.000001,4026.63,4039.47,4050.62,4020.9,4027.21,0.58,0.01,569458589,1028851871452.4,0.74,1.18,1.47070681,101.47070681,https://r.jina.ai/http://push2his.eastmoney.com/api/qt/stock/kline/get?secid=1.000001&ut=fa5fd1943c7b386f172d6893dbfba10b&fields1=f1%2Cf2%2Cf3%2Cf4%2Cf5%2Cf6&fields2=f51%2Cf52%2Cf53%2Cf54%2Cf55%2Cf56%2Cf57%2Cf58%2Cf59%2Cf60%2Cf61&klt=101&fqt=0&beg=20251201&end=20260717&lmt=1000&_=20260718140000
2026-04-15,创业板指,399006.SZ,0.399006,3558.53,3596.08,3599.98,3491.45,3514.96,-43.57,-1.22,209895094,650458530151.7,3.05,3.75,9.73379496,109.73379496,https://r.jina.ai/http://push2his.eastmoney.com/api/qt/stock/kline/get?secid=0.399006&ut=fa5fd1943c7b386f172d6893dbfba10b&fields1=f1%2Cf2%2Cf3%2Cf4%2Cf5%2Cf6&fields2=f51%2Cf52%2Cf53%2Cf54%2Cf55%2Cf56%2Cf57%2Cf58%2Cf59%2Cf60%2Cf61&klt=101&fqt=0&beg=20251201&end=20260717&lmt=1000&_=20260718140000
2026-04-15,半导体材料设备指数,931743.CSI,2.931743,6054.13,6100.23,6122.09,5922.85,5944.8,-109.33,-1.81,4252756,34798412161,3.29,2.48,15.45139226,115.45139226,https://r.jina.ai/http://push2his.eastmoney.com/api/qt/stock/kline/get?secid=2.931743&ut=fa5fd1943c7b386f172d6893dbfba10b&fields1=f1%2Cf2%2Cf3%2Cf4%2Cf5%2Cf6&fields2=f51%2Cf52%2Cf53%2Cf54%2Cf55%2Cf56%2Cf57%2Cf58%2Cf59%2Cf60%2Cf61&klt=101&fqt=0&beg=20251201&end=20260717&lmt=1000&_=20260718140000
2026-04-15,存储芯片概念,BK1137,90.BK1137,2427.86,2442.44,2443.88,2390.2,2399.41,-28.45,-1.17,34175181,175732699939,2.21,4.06,18.88625733,118.88625733,https://r.jina.ai/http://push2his.eastmoney.com/api/qt/stock/kline/get?secid=90.BK1137&ut=fa5fd1943c7b386f172d6893dbfba10b&fields1=f1%2Cf2%2Cf3%2Cf4%2Cf5%2Cf6&fields2=f51%2Cf52%2Cf53%2Cf54%2Cf55%2Cf56%2Cf57%2Cf58%2Cf59%2Cf60%2Cf61&klt=101&fqt=0&beg=20251201&end=20260717&lmt=1000&_=20260718140000
2026-04-15,科创50指数,000688.SH,1.000688,1405.07,1415.39,1433.35,1399.75,1406.32,1.25,0.09,9547663,96267871084,2.39,1.36,4.62133611,104.62133611,https://r.jina.ai/http://push2his.eastmoney.com/api/qt/stock/kline/get?secid=1.000688&ut=fa5fd1943c7b386f172d6893dbfba10b&fields1=f1%2Cf2%2Cf3%2Cf4%2Cf5%2Cf6&fields2=f51%2Cf52%2Cf53%2Cf54%2Cf55%2Cf56%2Cf57%2Cf58%2Cf59%2Cf60%2Cf61&klt=101&fqt=0&beg=20251201&end=20260717&lmt=1000&_=20260718140000
2026-04-16,CPO概念,BK1128,90.BK1128,7384.47,7353.44,7544.81,7303.35,7544.16,159.69,2.16,23349057,190106274486,3.27,2.93,50.69422944,150.69422944,https://r.jina.ai/http://push2his.eastmoney.com/api/qt/stock/kline/get?secid=90.BK1128&ut=fa5fd1943c7b386f172d6893dbfba10b&fields1=f1%2Cf2%2Cf3%2Cf4%2Cf5%2Cf6&fields2=f51%2Cf52%2Cf53%2Cf54%2Cf55%2Cf56%2Cf57%2Cf58%2Cf59%2Cf60%2Cf61&klt=101&fqt=0&beg=20251201&end=20260717&lmt=1000&_=20260718140000
2026-04-16,PCB概念,BK0877,90.BK0877,3380.43,3391.16,3453.49,3366.44,3449.74,69.31,2.05,32907041,138166214972,2.58,3.15,26.63035099,126.63035099,https://r.jina.ai/http://push2his.eastmoney.com/api/qt/stock/kline/get?secid=90.BK0877&ut=fa5fd1943c7b386f172d6893dbfba10b&fields1=f1%2Cf2%2Cf3%2Cf4%2Cf5%2Cf6&fields2=f51%2Cf52%2Cf53%2Cf54%2Cf55%2Cf56%2Cf57%2Cf58%2Cf59%2Cf60%2Cf61&klt=101&fqt=0&beg=20251201&end=20260717&lmt=1000&_=20260718140000
2026-04-16,上证指数,000001.SH,1.000001,4027.21,4030.14,4057.83,4028.91,4055.55,28.34,0.7,545876967,976565489654.5,0.72,1.13,2.18476935,102.18476935,https://r.jina.ai/http://push2his.eastmoney.com/api/qt/stock/kline/get?secid=1.000001&ut=fa5fd1943c7b386f172d6893dbfba10b&fields1=f1%2Cf2%2Cf3%2Cf4%2Cf5%2Cf6&fields2=f51%2Cf52%2Cf53%2Cf54%2Cf55%2Cf56%2Cf57%2Cf58%2Cf59%2Cf60%2Cf61&klt=101&fqt=0&beg=20251201&end=20260717&lmt=1000&_=20260718140000
2026-04-16,创业板指,399006.SZ,0.399006,3514.96,3531.26,3629.42,3518.36,3626.27,111.31,3.17,218759990,666616308445.08,3.16,3.91,13.20879004,113.20879004,https://r.jina.ai/http://push2his.eastmoney.com/api/qt/stock/kline/get?secid=0.399006&ut=fa5fd1943c7b386f172d6893dbfba10b&fields1=f1%2Cf2%2Cf3%2Cf4%2Cf5%2Cf6&fields2=f51%2Cf52%2Cf53%2Cf54%2Cf55%2Cf56%2Cf57%2Cf58%2Cf59%2Cf60%2Cf61&klt=101&fqt=0&beg=20251201&end=20260717&lmt=1000&_=20260718140000
2026-04-16,半导体材料设备指数,931743.CSI,2.931743,5944.8,5960.37,6034.16,5909.36,6029.06,84.26,1.42,4103442,33988816555,2.1,2.4,17.08776931,117.08776931,https://r.jina.ai/http://push2his.eastmoney.com/api/qt/stock/kline/get?secid=2.931743&ut=fa5fd1943c7b386f172d6893dbfba10b&fields1=f1%2Cf2%2Cf3%2Cf4%2Cf5%2Cf6&fields2=f51%2Cf52%2Cf53%2Cf54%2Cf55%2Cf56%2Cf57%2Cf58%2Cf59%2Cf60%2Cf61&klt=101&fqt=0&beg=20251201&end=20260717&lmt=1000&_=20260718140000
2026-04-16,存储芯片概念,BK1137,90.BK1137,2399.41,2399.6,2448.12,2378.56,2444.94,45.53,1.9,27920241,158292927110,2.9,3.32,21.14218329,121.14218329,https://r.jina.ai/http://push2his.eastmoney.com/api/qt/stock/kline/get?secid=90.BK1137&ut=fa5fd1943c7b386f172d6893dbfba10b&fields1=f1%2Cf2%2Cf3%2Cf4%2Cf5%2Cf6&fields2=f51%2Cf52%2Cf53%2Cf54%2Cf55%2Cf56%2Cf57%2Cf58%2Cf59%2Cf60%2Cf61&klt=101&fqt=0&beg=20251201&end=20260717&lmt=1000&_=20260718140000
2026-04-16,科创50指数,000688.SH,1.000688,1406.32,1406.32,1424.17,1402.2,1422.23,15.91,1.13,10005771,86332967075,1.56,1.43,5.80493974,105.80493974,https://r.jina.ai/http://push2his.eastmoney.com/api/qt/stock/kline/get?secid=1.000688&ut=fa5fd1943c7b386f172d6893dbfba10b&fields1=f1%2Cf2%2Cf3%2Cf4%2Cf5%2Cf6&fields2=f51%2Cf52%2Cf53%2Cf54%2Cf55%2Cf56%2Cf57%2Cf58%2Cf59%2Cf60%2Cf61&klt=101&fqt=0&beg=20251201&end=20260717&lmt=1000&_=20260718140000
2026-04-17,CPO概念,BK1128,90.BK1128,7544.16,7621.46,7887.06,7621.46,7878.82,334.66,4.44,25305310,225793970099,3.52,3.18,57.37904668,157.37904668,https://r.jina.ai/http://push2his.eastmoney.com/api/qt/stock/kline/get?secid=90.BK1128&ut=fa5fd1943c7b386f172d6893dbfba10b&fields1=f1%2Cf2%2Cf3%2Cf4%2Cf5%2Cf6&fields2=f51%2Cf52%2Cf53%2Cf54%2Cf55%2Cf56%2Cf57%2Cf58%2Cf59%2Cf60%2Cf61&klt=101&fqt=0&beg=20251201&end=20260717&lmt=1000&_=20260718140000
2026-04-17,PCB概念,BK0877,90.BK0877,3449.74,3447.57,3542.64,3447.04,3534.9,85.16,2.47,39575638,179942281484,2.77,3.79,29.7563375,129.7563375,https://r.jina.ai/http://push2his.eastmoney.com/api/qt/stock/kline/get?secid=90.BK0877&ut=fa5fd1943c7b386f172d6893dbfba10b&fields1=f1%2Cf2%2Cf3%2Cf4%2Cf5%2Cf6&fields2=f51%2Cf52%2Cf53%2Cf54%2Cf55%2Cf56%2Cf57%2Cf58%2Cf59%2Cf60%2Cf61&klt=101&fqt=0&beg=20251201&end=20260717&lmt=1000&_=20260718140000
2026-04-17,上证指数,000001.SH,1.000001,4055.55,4043.38,4058.6,4038.43,4051.43,-4.12,-0.1,548791406,1013520660231.1,0.5,1.13,2.08096068,102.08096068,https://r.jina.ai/http://push2his.eastmoney.com/api/qt/stock/kline/get?secid=1.000001&ut=fa5fd1943c7b386f172d6893dbfba10b&fields1=f1%2Cf2%2Cf3%2Cf4%2Cf5%2Cf6&fields2=f51%2Cf52%2Cf53%2Cf54%2Cf55%2Cf56%2Cf57%2Cf58%2Cf59%2Cf60%2Cf61&klt=101&fqt=0&beg=20251201&end=20260717&lmt=1000&_=20260718140000
2026-04-17,创业板指,399006.SZ,0.399006,3626.27,3643.15,3685.1,3620.33,3678.29,52.02,1.43,219975627,688725213658.36,1.79,3.93,14.83280625,114.83280625,https://r.jina.ai/http://push2his.eastmoney.com/api/qt/stock/kline/get?secid=0.399006&ut=fa5fd1943c7b386f172d6893dbfba10b&fields1=f1%2Cf2%2Cf3%2Cf4%2Cf5%2Cf6&fields2=f51%2Cf52%2Cf53%2Cf54%2Cf55%2Cf56%2Cf57%2Cf58%2Cf59%2Cf60%2Cf61&klt=101&fqt=0&beg=20251201&end=20260717&lmt=1000&_=20260718140000
2026-04-17,半导体材料设备指数,931743.CSI,2.931743,6029.06,5999.21,6079.18,5926.74,6036.86,7.8,0.13,5365285,41426376723,2.53,3.13,17.23924974,117.23924974,https://r.jina.ai/http://push2his.eastmoney.com/api/qt/stock/kline/get?secid=2.931743&ut=fa5fd1943c7b386f172d6893dbfba10b&fields1=f1%2Cf2%2Cf3%2Cf4%2Cf5%2Cf6&fields2=f51%2Cf52%2Cf53%2Cf54%2Cf55%2Cf56%2Cf57%2Cf58%2Cf59%2Cf60%2Cf61&klt=101&fqt=0&beg=20251201&end=20260717&lmt=1000&_=20260718140000
2026-04-17,存储芯片概念,BK1137,90.BK1137,2444.94,2435.62,2489.44,2434.19,2483.45,38.51,1.58,32945733,170981122970,2.26,3.91,23.05028143,123.05028143,https://r.jina.ai/http://push2his.eastmoney.com/api/qt/stock/kline/get?secid=90.BK1137&ut=fa5fd1943c7b386f172d6893dbfba10b&fields1=f1%2Cf2%2Cf3%2Cf4%2Cf5%2Cf6&fields2=f51%2Cf52%2Cf53%2Cf54%2Cf55%2Cf56%2Cf57%2Cf58%2Cf59%2Cf60%2Cf61&klt=101&fqt=0&beg=20251201&end=20260717&lmt=1000&_=20260718140000
2026-04-17,科创50指数,000688.SH,1.000688,1422.23,1414.87,1433.8,1413.58,1423.35,1.12,0.08,9635053,88251590014,1.42,1.37,5.88826068,105.88826068,https://r.jina.ai/http://push2his.eastmoney.com/api/qt/stock/kline/get?secid=1.000688&ut=fa5fd1943c7b386f172d6893dbfba10b&fields1=f1%2Cf2%2Cf3%2Cf4%2Cf5%2Cf6&fields2=f51%2Cf52%2Cf53%2Cf54%2Cf55%2Cf56%2Cf57%2Cf58%2Cf59%2Cf60%2Cf61&klt=101&fqt=0&beg=20251201&end=20260717&lmt=1000&_=20260718140000
2026-04-20,CPO概念,BK1128,90.BK1128,7878.82,7943.03,8059.92,7920.86,7977.74,98.92,1.26,28866136,236943657988,1.76,3.62,59.35496887,159.35496887,https://r.jina.ai/http://push2his.eastmoney.com/api/qt/stock/kline/get?secid=90.BK1128&ut=fa5fd1943c7b386f172d6893dbfba10b&fields1=f1%2Cf2%2Cf3%2Cf4%2Cf5%2Cf6&fields2=f51%2Cf52%2Cf53%2Cf54%2Cf55%2Cf56%2Cf57%2Cf58%2Cf59%2Cf60%2Cf61&klt=101&fqt=0&beg=20251201&end=20260717&lmt=1000&_=20260718140000
2026-04-20,PCB概念,BK0877,90.BK0877,3534.9,3538.37,3570.12,3518.67,3540.55,5.65,0.16,37627648,164564860951,1.46,3.6,29.96373327,129.96373327,https://r.jina.ai/http://push2his.eastmoney.com/api/qt/stock/kline/get?secid=90.BK0877&ut=fa5fd1943c7b386f172d6893dbfba10b&fields1=f1%2Cf2%2Cf3%2Cf4%2Cf5%2Cf6&fields2=f51%2Cf52%2Cf53%2Cf54%2Cf55%2Cf56%2Cf57%2Cf58%2Cf59%2Cf60%2Cf61&klt=101&fqt=0&beg=20251201&end=20260717&lmt=1000&_=20260718140000
2026-04-20,上证指数,000001.SH,1.000001,4051.43,4053.37,4083.19,4051.69,4082.13,30.7,0.76,589841379,1084578006427,0.78,1.22,2.85448645,102.85448645,https://r.jina.ai/http://push2his.eastmoney.com/api/qt/stock/kline/get?secid=1.000001&ut=fa5fd1943c7b386f172d6893dbfba10b&fields1=f1%2Cf2%2Cf3%2Cf4%2Cf5%2Cf6&fields2=f51%2Cf52%2Cf53%2Cf54%2Cf55%2Cf56%2Cf57%2Cf58%2Cf59%2Cf60%2Cf61&klt=101&fqt=0&beg=20251201&end=20260717&lmt=1000&_=20260718140000
2026-04-20,创业板指,399006.SZ,0.399006,3678.29,3657.35,3696.26,3642.81,3677.58,-0.71,-0.02,221537543,702432705026.57,1.45,3.96,14.81064071,114.81064071,https://r.jina.ai/http://push2his.eastmoney.com/api/qt/stock/kline/get?secid=0.399006&ut=fa5fd1943c7b386f172d6893dbfba10b&fields1=f1%2Cf2%2Cf3%2Cf4%2Cf5%2Cf6&fields2=f51%2Cf52%2Cf53%2Cf54%2Cf55%2Cf56%2Cf57%2Cf58%2Cf59%2Cf60%2Cf61&klt=101&fqt=0&beg=20251201&end=20260717&lmt=1000&_=20260718140000
2026-04-20,半导体材料设备指数,931743.CSI,2.931743,6036.86,5984.71,6128.25,5925.98,6093.63,56.77,0.94,6987951,47880720618,3.35,4.08,18.34175539,118.34175539,https://r.jina.ai/http://push2his.eastmoney.com/api/qt/stock/kline/get?secid=2.931743&ut=fa5fd1943c7b386f172d6893dbfba10b&fields1=f1%2Cf2%2Cf3%2Cf4%2Cf5%2Cf6&fields2=f51%2Cf52%2Cf53%2Cf54%2Cf55%2Cf56%2Cf57%2Cf58%2Cf59%2Cf60%2Cf61&klt=101&fqt=0&beg=20251201&end=20260717&lmt=1000&_=20260718140000
2026-04-20,存储芯片概念,BK1137,90.BK1137,2483.45,2483.96,2514.69,2474.67,2505.39,21.94,0.88,34983747,173333953459,1.61,4.15,24.13736721,124.13736721,https://r.jina.ai/http://push2his.eastmoney.com/api/qt/stock/kline/get?secid=90.BK1137&ut=fa5fd1943c7b386f172d6893dbfba10b&fields1=f1%2Cf2%2Cf3%2Cf4%2Cf5%2Cf6&fields2=f51%2Cf52%2Cf53%2Cf54%2Cf55%2Cf56%2Cf57%2Cf58%2Cf59%2Cf60%2Cf61&klt=101&fqt=0&beg=20251201&end=20260717&lmt=1000&_=20260718140000
2026-04-20,科创50指数,000688.SH,1.000688,1423.35,1426.89,1451.39,1426.03,1450.52,27.17,1.91,11275846,88429001088,1.78,1.61,7.90953727,107.90953727,https://r.jina.ai/http://push2his.eastmoney.com/api/qt/stock/kline/get?secid=1.000688&ut=fa5fd1943c7b386f172d6893dbfba10b&fields1=f1%2Cf2%2Cf3%2Cf4%2Cf5%2Cf6&fields2=f51%2Cf52%2Cf53%2Cf54%2Cf55%2Cf56%2Cf57%2Cf58%2Cf59%2Cf60%2Cf61&klt=101&fqt=0&beg=20251201&end=20260717&lmt=1000&_=20260718140000
2026-04-21,CPO概念,BK1128,90.BK1128,7977.74,7860.22,8054.03,7827.84,8037.08,59.34,0.74,31580275,226355663023,2.84,3.96,60.54028249,160.54028249,https://r.jina.ai/http://push2his.eastmoney.com/api/qt/stock/kline/get?secid=90.BK1128&ut=fa5fd1943c7b386f172d6893dbfba10b&fields1=f1%2Cf2%2Cf3%2Cf4%2Cf5%2Cf6&fields2=f51%2Cf52%2Cf53%2Cf54%2Cf55%2Cf56%2Cf57%2Cf58%2Cf59%2Cf60%2Cf61&klt=101&fqt=0&beg=20251201&end=20260717&lmt=1000&_=20260718140000
2026-04-21,PCB概念,BK0877,90.BK0877,3540.55,3520.6,3584.29,3516.49,3582.06,41.51,1.17,39051537,162802938068,1.91,3.74,31.4874498,131.4874498,https://r.jina.ai/http://push2his.eastmoney.com/api/qt/stock/kline/get?secid=90.BK0877&ut=fa5fd1943c7b386f172d6893dbfba10b&fields1=f1%2Cf2%2Cf3%2Cf4%2Cf5%2Cf6&fields2=f51%2Cf52%2Cf53%2Cf54%2Cf55%2Cf56%2Cf57%2Cf58%2Cf59%2Cf60%2Cf61&klt=101&fqt=0&beg=20251201&end=20260717&lmt=1000&_=20260718140000
2026-04-21,上证指数,000001.SH,1.000001,4082.13,4075.85,4086.64,4062.13,4085.08,2.95,0.07,576689450,1033349016214.4,0.6,1.19,2.92881547,102.92881547,https://r.jina.ai/http://push2his.eastmoney.com/api/qt/stock/kline/get?secid=1.000001&ut=fa5fd1943c7b386f172d6893dbfba10b&fields1=f1%2Cf2%2Cf3%2Cf4%2Cf5%2Cf6&fields2=f51%2Cf52%2Cf53%2Cf54%2Cf55%2Cf56%2Cf57%2Cf58%2Cf59%2Cf60%2Cf61&klt=101&fqt=0&beg=20251201&end=20260717&lmt=1000&_=20260718140000
2026-04-21,创业板指,399006.SZ,0.399006,3677.58,3662.26,3695.74,3619.48,3688.94,11.36,0.31,202432589,637778534428.8,2.07,3.62,15.16528939,115.16528939,https://r.jina.ai/http://push2his.eastmoney.com/api/qt/stock/kline/get?secid=0.399006&ut=fa5fd1943c7b386f172d6893dbfba10b&fields1=f1%2Cf2%2Cf3%2Cf4%2Cf5%2Cf6&fields2=f51%2Cf52%2Cf53%2Cf54%2Cf55%2Cf56%2Cf57%2Cf58%2Cf59%2Cf60%2Cf61&klt=101&fqt=0&beg=20251201&end=20260717&lmt=1000&_=20260718140000
2026-04-21,半导体材料设备指数,931743.CSI,2.931743,6093.63,6082.76,6082.76,5948.47,6008.91,-84.72,-1.39,5727107,40003127269,2.2,3.34,16.69644487,116.69644487,https://r.jina.ai/http://push2his.eastmoney.com/api/qt/stock/kline/get?secid=2.931743&ut=fa5fd1943c7b386f172d6893dbfba10b&fields1=f1%2Cf2%2Cf3%2Cf4%2Cf5%2Cf6&fields2=f51%2Cf52%2Cf53%2Cf54%2Cf55%2Cf56%2Cf57%2Cf58%2Cf59%2Cf60%2Cf61&klt=101&fqt=0&beg=20251201&end=20260717&lmt=1000&_=20260718140000
2026-04-21,存储芯片概念,BK1137,90.BK1137,2505.39,2496.04,2501.92,2460.65,2500.54,-4.85,-0.19,29407334,151841405769,1.65,3.49,23.89705882,123.89705882,https://r.jina.ai/http://push2his.eastmoney.com/api/qt/stock/kline/get?secid=90.BK1137&ut=fa5fd1943c7b386f172d6893dbfba10b&fields1=f1%2Cf2%2Cf3%2Cf4%2Cf5%2Cf6&fields2=f51%2Cf52%2Cf53%2Cf54%2Cf55%2Cf56%2Cf57%2Cf58%2Cf59%2Cf60%2Cf61&klt=101&fqt=0&beg=20251201&end=20260717&lmt=1000&_=20260718140000
2026-04-21,科创50指数,000688.SH,1.000688,1450.52,1445.2,1445.54,1415.6,1426.68,-23.84,-1.64,9651570,80219232238,2.06,1.38,6.13599167,106.13599167,https://r.jina.ai/http://push2his.eastmoney.com/api/qt/stock/kline/get?secid=1.000688&ut=fa5fd1943c7b386f172d6893dbfba10b&fields1=f1%2Cf2%2Cf3%2Cf4%2Cf5%2Cf6&fields2=f51%2Cf52%2Cf53%2Cf54%2Cf55%2Cf56%2Cf57%2Cf58%2Cf59%2Cf60%2Cf61&klt=101&fqt=0&beg=20251201&end=20260717&lmt=1000&_=20260718140000
2026-04-22,CPO概念,BK1128,90.BK1128,8037.08,8004.09,8426.72,8004.09,8419.45,382.37,4.76,34378076,274681872400,5.26,4.31,68.17810466,168.17810466,https://r.jina.ai/http://push2his.eastmoney.com/api/qt/stock/kline/get?secid=90.BK1128&ut=fa5fd1943c7b386f172d6893dbfba10b&fields1=f1%2Cf2%2Cf3%2Cf4%2Cf5%2Cf6&fields2=f51%2Cf52%2Cf53%2Cf54%2Cf55%2Cf56%2Cf57%2Cf58%2Cf59%2Cf60%2Cf61&klt=101&fqt=0&beg=20251201&end=20260717&lmt=1000&_=20260718140000
2026-04-22,PCB概念,BK0877,90.BK0877,3582.06,3568.47,3657.94,3567.97,3657.55,75.49,2.11,41577947,173468096312,2.51,3.98,34.25847753,134.25847753,https://r.jina.ai/http://push2his.eastmoney.com/api/qt/stock/kline/get?secid=90.BK0877&ut=fa5fd1943c7b386f172d6893dbfba10b&fields1=f1%2Cf2%2Cf3%2Cf4%2Cf5%2Cf6&fields2=f51%2Cf52%2Cf53%2Cf54%2Cf55%2Cf56%2Cf57%2Cf58%2Cf59%2Cf60%2Cf61&klt=101&fqt=0&beg=20251201&end=20260717&lmt=1000&_=20260718140000
2026-04-22,上证指数,000001.SH,1.000001,4085.08,4074.81,4106.84,4074.68,4106.26,21.18,0.52,582466346,1093625892373.6,0.79,1.2,3.46247266,103.46247266,https://r.jina.ai/http://push2his.eastmoney.com/api/qt/stock/kline/get?secid=1.000001&ut=fa5fd1943c7b386f172d6893dbfba10b&fields1=f1%2Cf2%2Cf3%2Cf4%2Cf5%2Cf6&fields2=f51%2Cf52%2Cf53%2Cf54%2Cf55%2Cf56%2Cf57%2Cf58%2Cf59%2Cf60%2Cf61&klt=101&fqt=0&beg=20251201&end=20260717&lmt=1000&_=20260718140000
2026-04-22,创业板指,399006.SZ,0.399006,3688.94,3660.42,3755.75,3660.09,3752.76,63.82,1.73,214499352,695245039532.37,2.59,3.83,17.15769066,117.15769066,https://r.jina.ai/http://push2his.eastmoney.com/api/qt/stock/kline/get?secid=0.399006&ut=fa5fd1943c7b386f172d6893dbfba10b&fields1=f1%2Cf2%2Cf3%2Cf4%2Cf5%2Cf6&fields2=f51%2Cf52%2Cf53%2Cf54%2Cf55%2Cf56%2Cf57%2Cf58%2Cf59%2Cf60%2Cf61&klt=101&fqt=0&beg=20251201&end=20260717&lmt=1000&_=20260718140000
2026-04-22,半导体材料设备指数,931743.CSI,2.931743,6008.91,5996.48,6202.95,5995.26,6198.96,190.05,3.16,6496428,51012138179,3.46,3.79,20.38732381,120.38732381,https://r.jina.ai/http://push2his.eastmoney.com/api/qt/stock/kline/get?secid=2.931743&ut=fa5fd1943c7b386f172d6893dbfba10b&fields1=f1%2Cf2%2Cf3%2Cf4%2Cf5%2Cf6&fields2=f51%2Cf52%2Cf53%2Cf54%2Cf55%2Cf56%2Cf57%2Cf58%2Cf59%2Cf60%2Cf61&klt=101&fqt=0&beg=20251201&end=20260717&lmt=1000&_=20260718140000
2026-04-22,存储芯片概念,BK1137,90.BK1137,2500.54,2487.88,2553.89,2487.76,2553.88,53.34,2.13,33395123,175628771144,2.64,3.97,26.5399556,126.5399556,https://r.jina.ai/http://push2his.eastmoney.com/api/qt/stock/kline/get?secid=90.BK1137&ut=fa5fd1943c7b386f172d6893dbfba10b&fields1=f1%2Cf2%2Cf3%2Cf4%2Cf5%2Cf6&fields2=f51%2Cf52%2Cf53%2Cf54%2Cf55%2Cf56%2Cf57%2Cf58%2Cf59%2Cf60%2Cf61&klt=101&fqt=0&beg=20251201&end=20260717&lmt=1000&_=20260718140000
2026-04-22,科创50指数,000688.SH,1.000688,1426.68,1420.78,1451.46,1420.24,1451.14,24.46,1.71,9805961,83400639003,2.19,1.4,7.95566136,107.95566136,https://r.jina.ai/http://push2his.eastmoney.com/api/qt/stock/kline/get?secid=1.000688&ut=fa5fd1943c7b386f172d6893dbfba10b&fields1=f1%2Cf2%2Cf3%2Cf4%2Cf5%2Cf6&fields2=f51%2Cf52%2Cf53%2Cf54%2Cf55%2Cf56%2Cf57%2Cf58%2Cf59%2Cf60%2Cf61&klt=101&fqt=0&beg=20251201&end=20260717&lmt=1000&_=20260718140000
2026-04-23,CPO概念,BK1128,90.BK1128,8419.45,8409.06,8479.64,8106.69,8210.39,-209.06,-2.48,38813869,306890710641,4.43,4.87,64.00214131,164.00214131,https://r.jina.ai/http://push2his.eastmoney.com/api/qt/stock/kline/get?secid=90.BK1128&ut=fa5fd1943c7b386f172d6893dbfba10b&fields1=f1%2Cf2%2Cf3%2Cf4%2Cf5%2Cf6&fields2=f51%2Cf52%2Cf53%2Cf54%2Cf55%2Cf56%2Cf57%2Cf58%2Cf59%2Cf60%2Cf61&klt=101&fqt=0&beg=20251201&end=20260717&lmt=1000&_=20260718140000
2026-04-23,PCB概念,BK0877,90.BK0877,3657.55,3659.76,3661.36,3539.61,3571.58,-85.97,-2.35,45957671,195240909627,3.33,4.4,31.10275818,131.10275818,https://r.jina.ai/http://push2his.eastmoney.com/api/qt/stock/kline/get?secid=90.BK0877&ut=fa5fd1943c7b386f172d6893dbfba10b&fields1=f1%2Cf2%2Cf3%2Cf4%2Cf5%2Cf6&fields2=f51%2Cf52%2Cf53%2Cf54%2Cf55%2Cf56%2Cf57%2Cf58%2Cf59%2Cf60%2Cf61&klt=101&fqt=0&beg=20251201&end=20260717&lmt=1000&_=20260718140000
2026-04-23,上证指数,000001.SH,1.000001,4106.26,4110.79,4114.84,4070.46,4093.25,-13.01,-0.32,671166092,1234396207619.2,1.08,1.39,3.13466907,103.13466907,https://r.jina.ai/http://push2his.eastmoney.com/api/qt/stock/kline/get?secid=1.000001&ut=fa5fd1943c7b386f172d6893dbfba10b&fields1=f1%2Cf2%2Cf3%2Cf4%2Cf5%2Cf6&fields2=f51%2Cf52%2Cf53%2Cf54%2Cf55%2Cf56%2Cf57%2Cf58%2Cf59%2Cf60%2Cf61&klt=101&fqt=0&beg=20251201&end=20260717&lmt=1000&_=20260718140000
2026-04-23,创业板指,399006.SZ,0.399006,3752.76,3769.02,3785.23,3681.57,3720.25,-32.51,-0.87,240499020,745895977557.61,2.76,4.3,16.14275858,116.14275858,https://r.jina.ai/http://push2his.eastmoney.com/api/qt/stock/kline/get?secid=0.399006&ut=fa5fd1943c7b386f172d6893dbfba10b&fields1=f1%2Cf2%2Cf3%2Cf4%2Cf5%2Cf6&fields2=f51%2Cf52%2Cf53%2Cf54%2Cf55%2Cf56%2Cf57%2Cf58%2Cf59%2Cf60%2Cf61&klt=101&fqt=0&beg=20251201&end=20260717&lmt=1000&_=20260718140000
2026-04-23,半导体材料设备指数,931743.CSI,2.931743,6198.96,6224.27,6241.44,6058.5,6130.21,-68.75,-1.11,6576814,45814541571,2.95,3.84,19.05215976,119.05215976,https://r.jina.ai/http://push2his.eastmoney.com/api/qt/stock/kline/get?secid=2.931743&ut=fa5fd1943c7b386f172d6893dbfba10b&fields1=f1%2Cf2%2Cf3%2Cf4%2Cf5%2Cf6&fields2=f51%2Cf52%2Cf53%2Cf54%2Cf55%2Cf56%2Cf57%2Cf58%2Cf59%2Cf60%2Cf61&klt=101&fqt=0&beg=20251201&end=20260717&lmt=1000&_=20260718140000
2026-04-23,存储芯片概念,BK1137,90.BK1137,2553.88,2569.61,2572.39,2479.18,2497.49,-56.39,-2.21,33298050,190357688035,3.65,3.95,23.74593705,123.74593705,https://r.jina.ai/http://push2his.eastmoney.com/api/qt/stock/kline/get?secid=90.BK1137&ut=fa5fd1943c7b386f172d6893dbfba10b&fields1=f1%2Cf2%2Cf3%2Cf4%2Cf5%2Cf6&fields2=f51%2Cf52%2Cf53%2Cf54%2Cf55%2Cf56%2Cf57%2Cf58%2Cf59%2Cf60%2Cf61&klt=101&fqt=0&beg=20251201&end=20260717&lmt=1000&_=20260718140000
2026-04-23,科创50指数,000688.SH,1.000688,1451.14,1466.12,1467.7,1419.01,1432.59,-18.55,-1.28,11446540,96366136986,3.36,1.63,6.57565838,106.57565838,https://r.jina.ai/http://push2his.eastmoney.com/api/qt/stock/kline/get?secid=1.000688&ut=fa5fd1943c7b386f172d6893dbfba10b&fields1=f1%2Cf2%2Cf3%2Cf4%2Cf5%2Cf6&fields2=f51%2Cf52%2Cf53%2Cf54%2Cf55%2Cf56%2Cf57%2Cf58%2Cf59%2Cf60%2Cf61&klt=101&fqt=0&beg=20251201&end=20260717&lmt=1000&_=20260718140000
2026-04-24,CPO概念,BK1128,90.BK1128,8210.39,8129.68,8259.37,7917,8032.83,-177.56,-2.16,35034873,317197942826,4.17,4.4,60.45538894,160.45538894,https://r.jina.ai/http://push2his.eastmoney.com/api/qt/stock/kline/get?secid=90.BK1128&ut=fa5fd1943c7b386f172d6893dbfba10b&fields1=f1%2Cf2%2Cf3%2Cf4%2Cf5%2Cf6&fields2=f51%2Cf52%2Cf53%2Cf54%2Cf55%2Cf56%2Cf57%2Cf58%2Cf59%2Cf60%2Cf61&klt=101&fqt=0&beg=20251201&end=20260717&lmt=1000&_=20260718140000
2026-04-24,PCB概念,BK0877,90.BK0877,3571.58,3551.29,3579.09,3504.19,3544.49,-27.09,-0.76,34965918,167121303995,2.1,3.35,30.1083597,130.1083597,https://r.jina.ai/http://push2his.eastmoney.com/api/qt/stock/kline/get?secid=90.BK0877&ut=fa5fd1943c7b386f172d6893dbfba10b&fields1=f1%2Cf2%2Cf3%2Cf4%2Cf5%2Cf6&fields2=f51%2Cf52%2Cf53%2Cf54%2Cf55%2Cf56%2Cf57%2Cf58%2Cf59%2Cf60%2Cf61&klt=101&fqt=0&beg=20251201&end=20260717&lmt=1000&_=20260718140000
2026-04-24,上证指数,000001.SH,1.000001,4093.25,4081.03,4092.61,4061.15,4079.9,-13.35,-0.33,605031798,1143000195131,0.77,1.25,2.79829875,102.79829875,https://r.jina.ai/http://push2his.eastmoney.com/api/qt/stock/kline/get?secid=1.000001&ut=fa5fd1943c7b386f172d6893dbfba10b&fields1=f1%2Cf2%2Cf3%2Cf4%2Cf5%2Cf6&fields2=f51%2Cf52%2Cf53%2Cf54%2Cf55%2Cf56%2Cf57%2Cf58%2Cf59%2Cf60%2Cf61&klt=101&fqt=0&beg=20251201&end=20260717&lmt=1000&_=20260718140000
2026-04-24,创业板指,399006.SZ,0.399006,3720.25,3682.5,3699.94,3625,3667.79,-52.46,-1.41,233839006,733178548406.73,2.01,4.18,14.50500598,114.50500598,https://r.jina.ai/http://push2his.eastmoney.com/api/qt/stock/kline/get?secid=0.399006&ut=fa5fd1943c7b386f172d6893dbfba10b&fields1=f1%2Cf2%2Cf3%2Cf4%2Cf5%2Cf6&fields2=f51%2Cf52%2Cf53%2Cf54%2Cf55%2Cf56%2Cf57%2Cf58%2Cf59%2Cf60%2Cf61&klt=101&fqt=0&beg=20251201&end=20260717&lmt=1000&_=20260718140000
2026-04-24,半导体材料设备指数,931743.CSI,2.931743,6130.21,6139.79,6232.48,6094.91,6177.55,47.34,0.77,6150429,47092019290,2.24,3.59,19.97152945,119.97152945,https://r.jina.ai/http://push2his.eastmoney.com/api/qt/stock/kline/get?secid=2.931743&ut=fa5fd1943c7b386f172d6893dbfba10b&fields1=f1%2Cf2%2Cf3%2Cf4%2Cf5%2Cf6&fields2=f51%2Cf52%2Cf53%2Cf54%2Cf55%2Cf56%2Cf57%2Cf58%2Cf59%2Cf60%2Cf61&klt=101&fqt=0&beg=20251201&end=20260717&lmt=1000&_=20260718140000
2026-04-24,存储芯片概念,BK1137,90.BK1137,2497.49,2492.33,2520.58,2469.06,2495.5,-1.99,-0.08,31125064,188140363307,2.06,3.7,23.64733629,123.64733629,https://r.jina.ai/http://push2his.eastmoney.com/api/qt/stock/kline/get?secid=90.BK1137&ut=fa5fd1943c7b386f172d6893dbfba10b&fields1=f1%2Cf2%2Cf3%2Cf4%2Cf5%2Cf6&fields2=f51%2Cf52%2Cf53%2Cf54%2Cf55%2Cf56%2Cf57%2Cf58%2Cf59%2Cf60%2Cf61&klt=101&fqt=0&beg=20251201&end=20260717&lmt=1000&_=20260718140000
2026-04-24,科创50指数,000688.SH,1.000688,1432.59,1443.04,1472.96,1417.21,1453.69,21.1,1.47,11413406,112276766239,3.89,1.63,8.14536527,108.14536527,https://r.jina.ai/http://push2his.eastmoney.com/api/qt/stock/kline/get?secid=1.000688&ut=fa5fd1943c7b386f172d6893dbfba10b&fields1=f1%2Cf2%2Cf3%2Cf4%2Cf5%2Cf6&fields2=f51%2Cf52%2Cf53%2Cf54%2Cf55%2Cf56%2Cf57%2Cf58%2Cf59%2Cf60%2Cf61&klt=101&fqt=0&beg=20251201&end=20260717&lmt=1000&_=20260718140000
2026-04-27,CPO概念,BK1128,90.BK1128,8032.83,8129.25,8285.64,8085.56,8217.01,184.18,2.29,36110819,279206936795,2.49,4.53,64.13437549,164.13437549,https://r.jina.ai/http://push2his.eastmoney.com/api/qt/stock/kline/get?secid=90.BK1128&ut=fa5fd1943c7b386f172d6893dbfba10b&fields1=f1%2Cf2%2Cf3%2Cf4%2Cf5%2Cf6&fields2=f51%2Cf52%2Cf53%2Cf54%2Cf55%2Cf56%2Cf57%2Cf58%2Cf59%2Cf60%2Cf61&klt=101&fqt=0&beg=20251201&end=20260717&lmt=1000&_=20260718140000
2026-04-27,PCB概念,BK0877,90.BK0877,3544.49,3551.36,3655.11,3551.36,3643.36,98.87,2.79,42591784,171736256909,2.93,4.07,33.73760214,133.73760214,https://r.jina.ai/http://push2his.eastmoney.com/api/qt/stock/kline/get?secid=90.BK0877&ut=fa5fd1943c7b386f172d6893dbfba10b&fields1=f1%2Cf2%2Cf3%2Cf4%2Cf5%2Cf6&fields2=f51%2Cf52%2Cf53%2Cf54%2Cf55%2Cf56%2Cf57%2Cf58%2Cf59%2Cf60%2Cf61&klt=101&fqt=0&beg=20251201&end=20260717&lmt=1000&_=20260718140000
2026-04-27,上证指数,000001.SH,1.000001,4079.9,4074.81,4092.83,4071.08,4086.34,6.44,0.16,589950867,1136051921709.8,0.53,1.22,2.96056278,102.96056278,https://r.jina.ai/http://push2his.eastmoney.com/api/qt/stock/kline/get?secid=1.000001&ut=fa5fd1943c7b386f172d6893dbfba10b&fields1=f1%2Cf2%2Cf3%2Cf4%2Cf5%2Cf6&fields2=f51%2Cf52%2Cf53%2Cf54%2Cf55%2Cf56%2Cf57%2Cf58%2Cf59%2Cf60%2Cf61&klt=101&fqt=0&beg=20251201&end=20260717&lmt=1000&_=20260718140000
2026-04-27,创业板指,399006.SZ,0.399006,3667.79,3677.89,3686.94,3640.11,3648.79,-19,-0.52,222383339,677951742164.69,1.28,3.98,13.91184358,113.91184358,https://r.jina.ai/http://push2his.eastmoney.com/api/qt/stock/kline/get?secid=0.399006&ut=fa5fd1943c7b386f172d6893dbfba10b&fields1=f1%2Cf2%2Cf3%2Cf4%2Cf5%2Cf6&fields2=f51%2Cf52%2Cf53%2Cf54%2Cf55%2Cf56%2Cf57%2Cf58%2Cf59%2Cf60%2Cf61&klt=101&fqt=0&beg=20251201&end=20260717&lmt=1000&_=20260718140000
2026-04-27,半导体材料设备指数,931743.CSI,2.931743,6177.55,6258.07,6634.75,6217.07,6560.82,383.27,6.2,8455131,75353753434,6.76,4.94,27.41485052,127.41485052,https://r.jina.ai/http://push2his.eastmoney.com/api/qt/stock/kline/get?secid=2.931743&ut=fa5fd1943c7b386f172d6893dbfba10b&fields1=f1%2Cf2%2Cf3%2Cf4%2Cf5%2Cf6&fields2=f51%2Cf52%2Cf53%2Cf54%2Cf55%2Cf56%2Cf57%2Cf58%2Cf59%2Cf60%2Cf61&klt=101&fqt=0&beg=20251201&end=20260717&lmt=1000&_=20260718140000
2026-04-27,存储芯片概念,BK1137,90.BK1137,2495.5,2513.76,2577.69,2510.66,2563.68,68.18,2.73,34395686,217757413087,2.69,4.08,27.02552719,127.02552719,https://r.jina.ai/http://push2his.eastmoney.com/api/qt/stock/kline/get?secid=90.BK1137&ut=fa5fd1943c7b386f172d6893dbfba10b&fields1=f1%2Cf2%2Cf3%2Cf4%2Cf5%2Cf6&fields2=f51%2Cf52%2Cf53%2Cf54%2Cf55%2Cf56%2Cf57%2Cf58%2Cf59%2Cf60%2Cf61&klt=101&fqt=0&beg=20251201&end=20260717&lmt=1000&_=20260718140000
2026-04-27,科创50指数,000688.SH,1.000688,1453.69,1478.31,1515.28,1466.66,1508.38,54.69,3.76,13560538,123536460986,3.34,1.93,12.21395626,112.21395626,https://r.jina.ai/http://push2his.eastmoney.com/api/qt/stock/kline/get?secid=1.000688&ut=fa5fd1943c7b386f172d6893dbfba10b&fields1=f1%2Cf2%2Cf3%2Cf4%2Cf5%2Cf6&fields2=f51%2Cf52%2Cf53%2Cf54%2Cf55%2Cf56%2Cf57%2Cf58%2Cf59%2Cf60%2Cf61&klt=101&fqt=0&beg=20251201&end=20260717&lmt=1000&_=20260718140000
2026-04-28,CPO概念,BK1128,90.BK1128,8217.01,8208.39,8219.63,8029.57,8082.56,-134.45,-1.64,31465831,241409859394,2.31,3.95,61.44874328,161.44874328,https://r.jina.ai/http://push2his.eastmoney.com/api/qt/stock/kline/get?secid=90.BK1128&ut=fa5fd1943c7b386f172d6893dbfba10b&fields1=f1%2Cf2%2Cf3%2Cf4%2Cf5%2Cf6&fields2=f51%2Cf52%2Cf53%2Cf54%2Cf55%2Cf56%2Cf57%2Cf58%2Cf59%2Cf60%2Cf61&klt=101&fqt=0&beg=20251201&end=20260717&lmt=1000&_=20260718140000
2026-04-28,PCB概念,BK0877,90.BK0877,3643.36,3632.21,3660.08,3594.63,3615.21,-28.15,-0.77,43056601,165400847063,1.8,4.12,32.70429401,132.70429401,https://r.jina.ai/http://push2his.eastmoney.com/api/qt/stock/kline/get?secid=90.BK0877&ut=fa5fd1943c7b386f172d6893dbfba10b&fields1=f1%2Cf2%2Cf3%2Cf4%2Cf5%2Cf6&fields2=f51%2Cf52%2Cf53%2Cf54%2Cf55%2Cf56%2Cf57%2Cf58%2Cf59%2Cf60%2Cf61&klt=101&fqt=0&beg=20251201&end=20260717&lmt=1000&_=20260718140000
2026-04-28,上证指数,000001.SH,1.000001,4086.34,4076.14,4090.2,4062.87,4078.64,-7.7,-0.19,600507498,1113955561935.5,0.67,1.24,2.76655144,102.76655144,https://r.jina.ai/http://push2his.eastmoney.com/api/qt/stock/kline/get?secid=1.000001&ut=fa5fd1943c7b386f172d6893dbfba10b&fields1=f1%2Cf2%2Cf3%2Cf4%2Cf5%2Cf6&fields2=f51%2Cf52%2Cf53%2Cf54%2Cf55%2Cf56%2Cf57%2Cf58%2Cf59%2Cf60%2Cf61&klt=101&fqt=0&beg=20251201&end=20260717&lmt=1000&_=20260718140000
2026-04-28,创业板指,399006.SZ,0.399006,3648.79,3623.49,3636.93,3580.39,3596.71,-52.08,-1.43,224411102,668388699959.32,1.55,4.01,12.28595423,112.28595423,https://r.jina.ai/http://push2his.eastmoney.com/api/qt/stock/kline/get?secid=0.399006&ut=fa5fd1943c7b386f172d6893dbfba10b&fields1=f1%2Cf2%2Cf3%2Cf4%2Cf5%2Cf6&fields2=f51%2Cf52%2Cf53%2Cf54%2Cf55%2Cf56%2Cf57%2Cf58%2Cf59%2Cf60%2Cf61&klt=101&fqt=0&beg=20251201&end=20260717&lmt=1000&_=20260718140000
2026-04-28,半导体材料设备指数,931743.CSI,2.931743,6560.82,6490.81,6724.99,6421.66,6557.77,-3.05,-0.05,8257632,65433600007,4.62,4.82,27.35561779,127.35561779,https://r.jina.ai/http://push2his.eastmoney.com/api/qt/stock/kline/get?secid=2.931743&ut=fa5fd1943c7b386f172d6893dbfba10b&fields1=f1%2Cf2%2Cf3%2Cf4%2Cf5%2Cf6&fields2=f51%2Cf52%2Cf53%2Cf54%2Cf55%2Cf56%2Cf57%2Cf58%2Cf59%2Cf60%2Cf61&klt=101&fqt=0&beg=20251201&end=20260717&lmt=1000&_=20260718140000
2026-04-28,存储芯片概念,BK1137,90.BK1137,2563.68,2547.01,2578.01,2515.68,2529.39,-34.29,-1.34,33219122,211037542303,2.43,3.94,25.32652212,125.32652212,https://r.jina.ai/http://push2his.eastmoney.com/api/qt/stock/kline/get?secid=90.BK1137&ut=fa5fd1943c7b386f172d6893dbfba10b&fields1=f1%2Cf2%2Cf3%2Cf4%2Cf5%2Cf6&fields2=f51%2Cf52%2Cf53%2Cf54%2Cf55%2Cf56%2Cf57%2Cf58%2Cf59%2Cf60%2Cf61&klt=101&fqt=0&beg=20251201&end=20260717&lmt=1000&_=20260718140000
2026-04-28,科创50指数,000688.SH,1.000688,1508.38,1497.32,1525.34,1479.67,1488.66,-19.72,-1.31,11925508,101929725105,3.03,1.7,10.74691266,110.74691266,https://r.jina.ai/http://push2his.eastmoney.com/api/qt/stock/kline/get?secid=1.000688&ut=fa5fd1943c7b386f172d6893dbfba10b&fields1=f1%2Cf2%2Cf3%2Cf4%2Cf5%2Cf6&fields2=f51%2Cf52%2Cf53%2Cf54%2Cf55%2Cf56%2Cf57%2Cf58%2Cf59%2Cf60%2Cf61&klt=101&fqt=0&beg=20251201&end=20260717&lmt=1000&_=20260718140000
2026-04-29,CPO概念,BK1128,90.BK1128,8082.56,7947.58,8191.92,7947.58,8122.29,39.73,0.49,28162935,216021196709,3.02,3.53,62.2423481,162.2423481,https://r.jina.ai/http://push2his.eastmoney.com/api/qt/stock/kline/get?secid=90.BK1128&ut=fa5fd1943c7b386f172d6893dbfba10b&fields1=f1%2Cf2%2Cf3%2Cf4%2Cf5%2Cf6&fields2=f51%2Cf52%2Cf53%2Cf54%2Cf55%2Cf56%2Cf57%2Cf58%2Cf59%2Cf60%2Cf61&klt=101&fqt=0&beg=20251201&end=20260717&lmt=1000&_=20260718140000
2026-04-29,PCB概念,BK0877,90.BK0877,3615.21,3589.74,3697.62,3589.74,3682.76,67.55,1.87,40972004,177491352505,2.98,3.92,35.18386644,135.18386644,https://r.jina.ai/http://push2his.eastmoney.com/api/qt/stock/kline/get?secid=90.BK0877&ut=fa5fd1943c7b386f172d6893dbfba10b&fields1=f1%2Cf2%2Cf3%2Cf4%2Cf5%2Cf6&fields2=f51%2Cf52%2Cf53%2Cf54%2Cf55%2Cf56%2Cf57%2Cf58%2Cf59%2Cf60%2Cf61&klt=101&fqt=0&beg=20251201&end=20260717&lmt=1000&_=20260718140000
2026-04-29,上证指数,000001.SH,1.000001,4078.64,4061.82,4112.15,4061.82,4107.51,28.87,0.71,614221451,1126615371064.6,1.23,1.27,3.49396801,103.49396801,https://r.jina.ai/http://push2his.eastmoney.com/api/qt/stock/kline/get?secid=1.000001&ut=fa5fd1943c7b386f172d6893dbfba10b&fields1=f1%2Cf2%2Cf3%2Cf4%2Cf5%2Cf6&fields2=f51%2Cf52%2Cf53%2Cf54%2Cf55%2Cf56%2Cf57%2Cf58%2Cf59%2Cf60%2Cf61&klt=101&fqt=0&beg=20251201&end=20260717&lmt=1000&_=20260718140000
2026-04-29,创业板指,399006.SZ,0.399006,3596.71,3578.42,3692.21,3578.42,3687.17,90.46,2.52,220640423,682729592377.48,3.16,3.94,15.11003162,115.11003162,https://r.jina.ai/http://push2his.eastmoney.com/api/qt/stock/kline/get?secid=0.399006&ut=fa5fd1943c7b386f172d6893dbfba10b&fields1=f1%2Cf2%2Cf3%2Cf4%2Cf5%2Cf6&fields2=f51%2Cf52%2Cf53%2Cf54%2Cf55%2Cf56%2Cf57%2Cf58%2Cf59%2Cf60%2Cf61&klt=101&fqt=0&beg=20251201&end=20260717&lmt=1000&_=20260718140000
2026-04-29,半导体材料设备指数,931743.CSI,2.931743,6557.77,6471.74,6542.31,6331.41,6533.56,-24.21,-0.37,6539243,52945911568,3.22,3.82,26.88544584,126.88544584,https://r.jina.ai/http://push2his.eastmoney.com/api/qt/stock/kline/get?secid=2.931743&ut=fa5fd1943c7b386f172d6893dbfba10b&fields1=f1%2Cf2%2Cf3%2Cf4%2Cf5%2Cf6&fields2=f51%2Cf52%2Cf53%2Cf54%2Cf55%2Cf56%2Cf57%2Cf58%2Cf59%2Cf60%2Cf61&klt=101&fqt=0&beg=20251201&end=20260717&lmt=1000&_=20260718140000
2026-04-29,存储芯片概念,BK1137,90.BK1137,2529.39,2504.57,2563.17,2489.19,2555.4,26.01,1.03,31520834,200139407483,2.92,3.74,26.61526875,126.61526875,https://r.jina.ai/http://push2his.eastmoney.com/api/qt/stock/kline/get?secid=90.BK1137&ut=fa5fd1943c7b386f172d6893dbfba10b&fields1=f1%2Cf2%2Cf3%2Cf4%2Cf5%2Cf6&fields2=f51%2Cf52%2Cf53%2Cf54%2Cf55%2Cf56%2Cf57%2Cf58%2Cf59%2Cf60%2Cf61&klt=101&fqt=0&beg=20251201&end=20260717&lmt=1000&_=20260718140000
2026-04-29,科创50指数,000688.SH,1.000688,1488.66,1474.12,1495.01,1451.71,1493.5,4.84,0.33,11457221,96264961874,2.91,1.63,11.10697813,111.10697813,https://r.jina.ai/http://push2his.eastmoney.com/api/qt/stock/kline/get?secid=1.000688&ut=fa5fd1943c7b386f172d6893dbfba10b&fields1=f1%2Cf2%2Cf3%2Cf4%2Cf5%2Cf6&fields2=f51%2Cf52%2Cf53%2Cf54%2Cf55%2Cf56%2Cf57%2Cf58%2Cf59%2Cf60%2Cf61&klt=101&fqt=0&beg=20251201&end=20260717&lmt=1000&_=20260718140000
2026-04-30,CPO概念,BK1128,90.BK1128,8122.29,8208.16,8226.45,8026.84,8147.89,25.6,0.32,31482002,227410405047,2.46,3.95,62.75370685,162.75370685,https://r.jina.ai/http://push2his.eastmoney.com/api/qt/stock/kline/get?secid=90.BK1128&ut=fa5fd1943c7b386f172d6893dbfba10b&fields1=f1%2Cf2%2Cf3%2Cf4%2Cf5%2Cf6&fields2=f51%2Cf52%2Cf53%2Cf54%2Cf55%2Cf56%2Cf57%2Cf58%2Cf59%2Cf60%2Cf61&klt=101&fqt=0&beg=20251201&end=20260717&lmt=1000&_=20260718140000
2026-04-30,PCB概念,BK0877,90.BK0877,3682.76,3699.93,3726.1,3671.3,3704.25,21.49,0.58,38690692,169673899657,1.49,3.7,35.97270451,135.97270451,https://r.jina.ai/http://push2his.eastmoney.com/api/qt/stock/kline/get?secid=90.BK0877&ut=fa5fd1943c7b386f172d6893dbfba10b&fields1=f1%2Cf2%2Cf3%2Cf4%2Cf5%2Cf6&fields2=f51%2Cf52%2Cf53%2Cf54%2Cf55%2Cf56%2Cf57%2Cf58%2Cf59%2Cf60%2Cf61&klt=101&fqt=0&beg=20251201&end=20260717&lmt=1000&_=20260718140000
2026-04-30,上证指数,000001.SH,1.000001,4107.51,4107.3,4118.76,4100.97,4112.16,4.65,0.11,656912728,1276194739057.5,0.43,1.36,3.61113071,103.61113071,https://r.jina.ai/http://push2his.eastmoney.com/api/qt/stock/kline/get?secid=1.000001&ut=fa5fd1943c7b386f172d6893dbfba10b&fields1=f1%2Cf2%2Cf3%2Cf4%2Cf5%2Cf6&fields2=f51%2Cf52%2Cf53%2Cf54%2Cf55%2Cf56%2Cf57%2Cf58%2Cf59%2Cf60%2Cf61&klt=101&fqt=0&beg=20251201&end=20260717&lmt=1000&_=20260718140000
2026-04-30,创业板指,399006.SZ,0.399006,3687.17,3704.11,3718.4,3660.22,3677.15,-10.02,-0.27,207981816,641724142143,1.58,3.72,14.79721651,114.79721651,https://r.jina.ai/http://push2his.eastmoney.com/api/qt/stock/kline/get?secid=0.399006&ut=fa5fd1943c7b386f172d6893dbfba10b&fields1=f1%2Cf2%2Cf3%2Cf4%2Cf5%2Cf6&fields2=f51%2Cf52%2Cf53%2Cf54%2Cf55%2Cf56%2Cf57%2Cf58%2Cf59%2Cf60%2Cf61&klt=101&fqt=0&beg=20251201&end=20260717&lmt=1000&_=20260718140000
2026-04-30,半导体材料设备指数,931743.CSI,2.931743,6533.56,6534.63,6813.23,6482.05,6750.61,217.05,3.32,7878696,63953750966,5.07,4.6,31.10068011,131.10068011,https://r.jina.ai/http://push2his.eastmoney.com/api/qt/stock/kline/get?secid=2.931743&ut=fa5fd1943c7b386f172d6893dbfba10b&fields1=f1%2Cf2%2Cf3%2Cf4%2Cf5%2Cf6&fields2=f51%2Cf52%2Cf53%2Cf54%2Cf55%2Cf56%2Cf57%2Cf58%2Cf59%2Cf60%2Cf61&klt=101&fqt=0&beg=20251201&end=20260717&lmt=1000&_=20260718140000
2026-04-30,存储芯片概念,BK1137,90.BK1137,2555.4,2557.59,2604.8,2543.28,2593.19,37.79,1.48,36243431,228766592642,2.41,4.3,28.48769225,128.48769225,https://r.jina.ai/http://push2his.eastmoney.com/api/qt/stock/kline/get?secid=90.BK1137&ut=fa5fd1943c7b386f172d6893dbfba10b&fields1=f1%2Cf2%2Cf3%2Cf4%2Cf5%2Cf6&fields2=f51%2Cf52%2Cf53%2Cf54%2Cf55%2Cf56%2Cf57%2Cf58%2Cf59%2Cf60%2Cf61&klt=101&fqt=0&beg=20251201&end=20260717&lmt=1000&_=20260718140000
2026-04-30,科创50指数,000688.SH,1.000688,1493.5,1511.39,1580.52,1511.39,1571.07,77.57,5.19,15109612,143368848802,4.63,2.16,16.87769677,116.87769677,https://r.jina.ai/http://push2his.eastmoney.com/api/qt/stock/kline/get?secid=1.000688&ut=fa5fd1943c7b386f172d6893dbfba10b&fields1=f1%2Cf2%2Cf3%2Cf4%2Cf5%2Cf6&fields2=f51%2Cf52%2Cf53%2Cf54%2Cf55%2Cf56%2Cf57%2Cf58%2Cf59%2Cf60%2Cf61&klt=101&fqt=0&beg=20251201&end=20260717&lmt=1000&_=20260718140000
2026-05-06,CPO概念,BK1128,90.BK1128,8147.89,8313.45,8516.79,8275.04,8390.1,242.21,2.97,35234465,277144024935,2.97,4.42,67.59183983,167.59183983,https://r.jina.ai/http://push2his.eastmoney.com/api/qt/stock/kline/get?secid=90.BK1128&ut=fa5fd1943c7b386f172d6893dbfba10b&fields1=f1%2Cf2%2Cf3%2Cf4%2Cf5%2Cf6&fields2=f51%2Cf52%2Cf53%2Cf54%2Cf55%2Cf56%2Cf57%2Cf58%2Cf59%2Cf60%2Cf61&klt=101&fqt=0&beg=20251201&end=20260717&lmt=1000&_=20260718140000
2026-05-06,PCB概念,BK0877,90.BK0877,3704.25,3753.17,3850.12,3753.17,3831.42,127.17,3.43,45434208,203941157732,2.62,4.35,40.64076116,140.64076116,https://r.jina.ai/http://push2his.eastmoney.com/api/qt/stock/kline/get?secid=90.BK0877&ut=fa5fd1943c7b386f172d6893dbfba10b&fields1=f1%2Cf2%2Cf3%2Cf4%2Cf5%2Cf6&fields2=f51%2Cf52%2Cf53%2Cf54%2Cf55%2Cf56%2Cf57%2Cf58%2Cf59%2Cf60%2Cf61&klt=101&fqt=0&beg=20251201&end=20260717&lmt=1000&_=20260718140000
2026-05-06,上证指数,000001.SH,1.000001,4112.16,4135.45,4166.15,4129.91,4160.17,48.01,1.17,701177480,1465903193400,0.88,1.45,4.82080406,104.82080406,https://r.jina.ai/http://push2his.eastmoney.com/api/qt/stock/kline/get?secid=1.000001&ut=fa5fd1943c7b386f172d6893dbfba10b&fields1=f1%2Cf2%2Cf3%2Cf4%2Cf5%2Cf6&fields2=f51%2Cf52%2Cf53%2Cf54%2Cf55%2Cf56%2Cf57%2Cf58%2Cf59%2Cf60%2Cf61&klt=101&fqt=0&beg=20251201&end=20260717&lmt=1000&_=20260718140000
2026-05-06,创业板指,399006.SZ,0.399006,3677.15,3760.67,3815.07,3724.53,3778.16,101.01,2.75,256344199,842269292824.3,2.46,4.58,17.95065513,117.95065513,https://r.jina.ai/http://push2his.eastmoney.com/api/qt/stock/kline/get?secid=0.399006&ut=fa5fd1943c7b386f172d6893dbfba10b&fields1=f1%2Cf2%2Cf3%2Cf4%2Cf5%2Cf6&fields2=f51%2Cf52%2Cf53%2Cf54%2Cf55%2Cf56%2Cf57%2Cf58%2Cf59%2Cf60%2Cf61&klt=101&fqt=0&beg=20251201&end=20260717&lmt=1000&_=20260718140000
2026-05-06,半导体材料设备指数,931743.CSI,2.931743,6750.61,6969.46,7209.32,6900.55,6904.18,153.57,2.27,10308181,79300010690,4.57,6.02,34.08309673,134.08309673,https://r.jina.ai/http://push2his.eastmoney.com/api/qt/stock/kline/get?secid=2.931743&ut=fa5fd1943c7b386f172d6893dbfba10b&fields1=f1%2Cf2%2Cf3%2Cf4%2Cf5%2Cf6&fields2=f51%2Cf52%2Cf53%2Cf54%2Cf55%2Cf56%2Cf57%2Cf58%2Cf59%2Cf60%2Cf61&klt=101&fqt=0&beg=20251201&end=20260717&lmt=1000&_=20260718140000
2026-05-06,存储芯片概念,BK1137,90.BK1137,2593.19,2674.1,2764.46,2674.1,2726.71,133.52,5.15,47948936,302397215040,3.48,5.69,35.10335738,135.10335738,https://r.jina.ai/http://push2his.eastmoney.com/api/qt/stock/kline/get?secid=90.BK1137&ut=fa5fd1943c7b386f172d6893dbfba10b&fields1=f1%2Cf2%2Cf3%2Cf4%2Cf5%2Cf6&fields2=f51%2Cf52%2Cf53%2Cf54%2Cf55%2Cf56%2Cf57%2Cf58%2Cf59%2Cf60%2Cf61&klt=101&fqt=0&beg=20251201&end=20260717&lmt=1000&_=20260718140000
2026-05-06,科创50指数,000688.SH,1.000688,1571.07,1634.31,1715.08,1631.65,1656.95,85.88,5.47,18301048,202263525062,5.31,2.61,23.26662699,123.26662699,https://r.jina.ai/http://push2his.eastmoney.com/api/qt/stock/kline/get?secid=1.000688&ut=fa5fd1943c7b386f172d6893dbfba10b&fields1=f1%2Cf2%2Cf3%2Cf4%2Cf5%2Cf6&fields2=f51%2Cf52%2Cf53%2Cf54%2Cf55%2Cf56%2Cf57%2Cf58%2Cf59%2Cf60%2Cf61&klt=101&fqt=0&beg=20251201&end=20260717&lmt=1000&_=20260718140000
2026-05-07,CPO概念,BK1128,90.BK1128,8390.1,8490.95,8831.51,8379.84,8831.32,441.22,5.26,37833701,300436125749,5.38,4.75,76.40518789,176.40518789,https://r.jina.ai/http://push2his.eastmoney.com/api/qt/stock/kline/get?secid=90.BK1128&ut=fa5fd1943c7b386f172d6893dbfba10b&fields1=f1%2Cf2%2Cf3%2Cf4%2Cf5%2Cf6&fields2=f51%2Cf52%2Cf53%2Cf54%2Cf55%2Cf56%2Cf57%2Cf58%2Cf59%2Cf60%2Cf61&klt=101&fqt=0&beg=20251201&end=20260717&lmt=1000&_=20260718140000
2026-05-07,PCB概念,BK0877,90.BK0877,3831.42,3845.91,3963.77,3815.69,3963.77,132.35,3.45,46155736,201979748921,3.86,4.42,45.49896119,145.49896119,https://r.jina.ai/http://push2his.eastmoney.com/api/qt/stock/kline/get?secid=90.BK0877&ut=fa5fd1943c7b386f172d6893dbfba10b&fields1=f1%2Cf2%2Cf3%2Cf4%2Cf5%2Cf6&fields2=f51%2Cf52%2Cf53%2Cf54%2Cf55%2Cf56%2Cf57%2Cf58%2Cf59%2Cf60%2Cf61&klt=101&fqt=0&beg=20251201&end=20260717&lmt=1000&_=20260718140000
2026-05-07,上证指数,000001.SH,1.000001,4160.17,4168.45,4180.21,4163.14,4180.09,19.92,0.48,685574249,1359099509978.5,0.41,1.42,5.32271394,105.32271394,https://r.jina.ai/http://push2his.eastmoney.com/api/qt/stock/kline/get?secid=1.000001&ut=fa5fd1943c7b386f172d6893dbfba10b&fields1=f1%2Cf2%2Cf3%2Cf4%2Cf5%2Cf6&fields2=f51%2Cf52%2Cf53%2Cf54%2Cf55%2Cf56%2Cf57%2Cf58%2Cf59%2Cf60%2Cf61&klt=101&fqt=0&beg=20251201&end=20260717&lmt=1000&_=20260718140000
2026-05-07,创业板指,399006.SZ,0.399006,3778.16,3807.99,3840.06,3761.23,3833.06,54.9,1.45,258151806,843381507019.15,2.09,4.61,19.66458227,119.66458227,https://r.jina.ai/http://push2his.eastmoney.com/api/qt/stock/kline/get?secid=0.399006&ut=fa5fd1943c7b386f172d6893dbfba10b&fields1=f1%2Cf2%2Cf3%2Cf4%2Cf5%2Cf6&fields2=f51%2Cf52%2Cf53%2Cf54%2Cf55%2Cf56%2Cf57%2Cf58%2Cf59%2Cf60%2Cf61&klt=101&fqt=0&beg=20251201&end=20260717&lmt=1000&_=20260718140000
2026-05-07,半导体材料设备指数,931743.CSI,2.931743,6904.18,6963.22,7071.57,6845.26,7060.48,156.3,2.26,7953348,60036625929,3.28,4.64,37.11853149,137.11853149,https://r.jina.ai/http://push2his.eastmoney.com/api/qt/stock/kline/get?secid=2.931743&ut=fa5fd1943c7b386f172d6893dbfba10b&fields1=f1%2Cf2%2Cf3%2Cf4%2Cf5%2Cf6&fields2=f51%2Cf52%2Cf53%2Cf54%2Cf55%2Cf56%2Cf57%2Cf58%2Cf59%2Cf60%2Cf61&klt=101&fqt=0&beg=20251201&end=20260717&lmt=1000&_=20260718140000
2026-05-07,存储芯片概念,BK1137,90.BK1137,2726.71,2743.31,2815.09,2725.92,2811.49,84.78,3.11,52059381,292138203768,3.27,6.18,39.30404709,139.30404709,https://r.jina.ai/http://push2his.eastmoney.com/api/qt/stock/kline/get?secid=90.BK1137&ut=fa5fd1943c7b386f172d6893dbfba10b&fields1=f1%2Cf2%2Cf3%2Cf4%2Cf5%2Cf6&fields2=f51%2Cf52%2Cf53%2Cf54%2Cf55%2Cf56%2Cf57%2Cf58%2Cf59%2Cf60%2Cf61&klt=101&fqt=0&beg=20251201&end=20260717&lmt=1000&_=20260718140000
2026-05-07,科创50指数,000688.SH,1.000688,1656.95,1663.16,1682.22,1646.94,1678.89,21.94,1.32,13930063,147148539118,2.13,1.99,24.89882458,124.89882458,https://r.jina.ai/http://push2his.eastmoney.com/api/qt/stock/kline/get?secid=1.000688&ut=fa5fd1943c7b386f172d6893dbfba10b&fields1=f1%2Cf2%2Cf3%2Cf4%2Cf5%2Cf6&fields2=f51%2Cf52%2Cf53%2Cf54%2Cf55%2Cf56%2Cf57%2Cf58%2Cf59%2Cf60%2Cf61&klt=101&fqt=0&beg=20251201&end=20260717&lmt=1000&_=20260718140000
2026-05-08,CPO概念,BK1128,90.BK1128,8831.32,8690.75,9078.31,8672.79,9072.54,241.22,2.73,35404750,264699272283,4.59,4.44,81.22354567,181.22354567,https://r.jina.ai/http://push2his.eastmoney.com/api/qt/stock/kline/get?secid=90.BK1128&ut=fa5fd1943c7b386f172d6893dbfba10b&fields1=f1%2Cf2%2Cf3%2Cf4%2Cf5%2Cf6&fields2=f51%2Cf52%2Cf53%2Cf54%2Cf55%2Cf56%2Cf57%2Cf58%2Cf59%2Cf60%2Cf61&klt=101&fqt=0&beg=20251201&end=20260717&lmt=1000&_=20260718140000
2026-05-08,PCB概念,BK0877,90.BK0877,3963.77,3930.12,4007.55,3918.72,4001.55,37.78,0.95,42529667,194945142443,2.24,4.07,46.8857598,146.8857598,https://r.jina.ai/http://push2his.eastmoney.com/api/qt/stock/kline/get?secid=90.BK0877&ut=fa5fd1943c7b386f172d6893dbfba10b&fields1=f1%2Cf2%2Cf3%2Cf4%2Cf5%2Cf6&fields2=f51%2Cf52%2Cf53%2Cf54%2Cf55%2Cf56%2Cf57%2Cf58%2Cf59%2Cf60%2Cf61&klt=101&fqt=0&beg=20251201&end=20260717&lmt=1000&_=20260718140000
2026-05-08,上证指数,000001.SH,1.000001,4180.09,4163.85,4183.06,4154.25,4179.95,-0.14,0,697019094,1331673066130.8,0.69,1.44,5.31918646,105.31918646,https://r.jina.ai/http://push2his.eastmoney.com/api/qt/stock/kline/get?secid=1.000001&ut=fa5fd1943c7b386f172d6893dbfba10b&fields1=f1%2Cf2%2Cf3%2Cf4%2Cf5%2Cf6&fields2=f51%2Cf52%2Cf53%2Cf54%2Cf55%2Cf56%2Cf57%2Cf58%2Cf59%2Cf60%2Cf61&klt=101&fqt=0&beg=20251201&end=20260717&lmt=1000&_=20260718140000
2026-05-08,创业板指,399006.SZ,0.399006,3833.06,3792.04,3840.16,3787.17,3796.13,-36.93,-0.96,249242927,787340109163.27,1.38,4.46,18.51166188,118.51166188,https://r.jina.ai/http://push2his.eastmoney.com/api/qt/stock/kline/get?secid=0.399006&ut=fa5fd1943c7b386f172d6893dbfba10b&fields1=f1%2Cf2%2Cf3%2Cf4%2Cf5%2Cf6&fields2=f51%2Cf52%2Cf53%2Cf54%2Cf55%2Cf56%2Cf57%2Cf58%2Cf59%2Cf60%2Cf61&klt=101&fqt=0&beg=20251201&end=20260717&lmt=1000&_=20260718140000
2026-05-08,半导体材料设备指数,931743.CSI,2.931743,7060.48,6939.48,7055.31,6849.94,6912.08,-148.4,-2.1,8094531,58031991206,2.91,4.73,34.23651921,134.23651921,https://r.jina.ai/http://push2his.eastmoney.com/api/qt/stock/kline/get?secid=2.931743&ut=fa5fd1943c7b386f172d6893dbfba10b&fields1=f1%2Cf2%2Cf3%2Cf4%2Cf5%2Cf6&fields2=f51%2Cf52%2Cf53%2Cf54%2Cf55%2Cf56%2Cf57%2Cf58%2Cf59%2Cf60%2Cf61&klt=101&fqt=0&beg=20251201&end=20260717&lmt=1000&_=20260718140000
2026-05-08,存储芯片概念,BK1137,90.BK1137,2811.49,2774.16,2821.01,2769.8,2813.4,1.91,0.07,46606507,244321983924,1.82,5.53,39.398684,139.398684,https://r.jina.ai/http://push2his.eastmoney.com/api/qt/stock/kline/get?secid=90.BK1137&ut=fa5fd1943c7b386f172d6893dbfba10b&fields1=f1%2Cf2%2Cf3%2Cf4%2Cf5%2Cf6&fields2=f51%2Cf52%2Cf53%2Cf54%2Cf55%2Cf56%2Cf57%2Cf58%2Cf59%2Cf60%2Cf61&klt=101&fqt=0&beg=20251201&end=20260717&lmt=1000&_=20260718140000
2026-05-08,科创50指数,000688.SH,1.000688,1678.89,1653.31,1655.57,1625.61,1640.46,-38.43,-2.29,15005074,134384676003,1.78,2.14,22.03987502,122.03987502,https://r.jina.ai/http://push2his.eastmoney.com/api/qt/stock/kline/get?secid=1.000688&ut=fa5fd1943c7b386f172d6893dbfba10b&fields1=f1%2Cf2%2Cf3%2Cf4%2Cf5%2Cf6&fields2=f51%2Cf52%2Cf53%2Cf54%2Cf55%2Cf56%2Cf57%2Cf58%2Cf59%2Cf60%2Cf61&klt=101&fqt=0&beg=20251201&end=20260717&lmt=1000&_=20260718140000
2026-05-11,CPO概念,BK1128,90.BK1128,9072.54,9293.08,9434.04,9130.52,9391.26,318.72,3.51,42534293,340778814220,3.35,5.34,87.58996219,187.58996219,https://r.jina.ai/http://push2his.eastmoney.com/api/qt/stock/kline/get?secid=90.BK1128&ut=fa5fd1943c7b386f172d6893dbfba10b&fields1=f1%2Cf2%2Cf3%2Cf4%2Cf5%2Cf6&fields2=f51%2Cf52%2Cf53%2Cf54%2Cf55%2Cf56%2Cf57%2Cf58%2Cf59%2Cf60%2Cf61&klt=101&fqt=0&beg=20251201&end=20260717&lmt=1000&_=20260718140000
2026-05-11,PCB概念,BK0877,90.BK0877,4001.55,4037.8,4107.72,4003.46,4101.46,99.91,2.5,49460186,224804407106,2.61,4.73,50.55317774,150.55317774,https://r.jina.ai/http://push2his.eastmoney.com/api/qt/stock/kline/get?secid=90.BK0877&ut=fa5fd1943c7b386f172d6893dbfba10b&fields1=f1%2Cf2%2Cf3%2Cf4%2Cf5%2Cf6&fields2=f51%2Cf52%2Cf53%2Cf54%2Cf55%2Cf56%2Cf57%2Cf58%2Cf59%2Cf60%2Cf61&klt=101&fqt=0&beg=20251201&end=20260717&lmt=1000&_=20260718140000
2026-05-11,上证指数,000001.SH,1.000001,4179.95,4201.35,4229.58,4186.08,4225.02,45.07,1.08,762736287,1584366746239.2,1.04,1.58,6.45478276,106.45478276,https://r.jina.ai/http://push2his.eastmoney.com/api/qt/stock/kline/get?secid=1.000001&ut=fa5fd1943c7b386f172d6893dbfba10b&fields1=f1%2Cf2%2Cf3%2Cf4%2Cf5%2Cf6&fields2=f51%2Cf52%2Cf53%2Cf54%2Cf55%2Cf56%2Cf57%2Cf58%2Cf59%2Cf60%2Cf61&klt=101&fqt=0&beg=20251201&end=20260717&lmt=1000&_=20260718140000
2026-05-11,创业板指,399006.SZ,0.399006,3796.13,3829.61,3937.87,3797.5,3928.97,132.84,3.5,279245670,931590731570.89,3.7,4.99,22.65880362,122.65880362,https://r.jina.ai/http://push2his.eastmoney.com/api/qt/stock/kline/get?secid=0.399006&ut=fa5fd1943c7b386f172d6893dbfba10b&fields1=f1%2Cf2%2Cf3%2Cf4%2Cf5%2Cf6&fields2=f51%2Cf52%2Cf53%2Cf54%2Cf55%2Cf56%2Cf57%2Cf58%2Cf59%2Cf60%2Cf61&klt=101&fqt=0&beg=20251201&end=20260717&lmt=1000&_=20260718140000
2026-05-11,半导体材料设备指数,931743.CSI,2.931743,6912.08,7056.27,7478.71,7029.66,7389.64,477.56,6.91,11669445,91874076738,6.5,6.81,43.51100564,143.51100564,https://r.jina.ai/http://push2his.eastmoney.com/api/qt/stock/kline/get?secid=2.931743&ut=fa5fd1943c7b386f172d6893dbfba10b&fields1=f1%2Cf2%2Cf3%2Cf4%2Cf5%2Cf6&fields2=f51%2Cf52%2Cf53%2Cf54%2Cf55%2Cf56%2Cf57%2Cf58%2Cf59%2Cf60%2Cf61&klt=101&fqt=0&beg=20251201&end=20260717&lmt=1000&_=20260718140000
2026-05-11,存储芯片概念,BK1137,90.BK1137,2813.4,2890.13,2986.12,2887.37,2963.49,150.09,5.33,56545487,349053292764,3.51,6.71,46.8353615,146.8353615,https://r.jina.ai/http://push2his.eastmoney.com/api/qt/stock/kline/get?secid=90.BK1137&ut=fa5fd1943c7b386f172d6893dbfba10b&fields1=f1%2Cf2%2Cf3%2Cf4%2Cf5%2Cf6&fields2=f51%2Cf52%2Cf53%2Cf54%2Cf55%2Cf56%2Cf57%2Cf58%2Cf59%2Cf60%2Cf61&klt=101&fqt=0&beg=20251201&end=20260717&lmt=1000&_=20260718140000
2026-05-11,科创50指数,000688.SH,1.000688,1640.46,1687.64,1727.3,1669.73,1716.69,76.23,4.65,18294058,183091745808,3.51,2.61,27.71090612,127.71090612,https://r.jina.ai/http://push2his.eastmoney.com/api/qt/stock/kline/get?secid=1.000688&ut=fa5fd1943c7b386f172d6893dbfba10b&fields1=f1%2Cf2%2Cf3%2Cf4%2Cf5%2Cf6&fields2=f51%2Cf52%2Cf53%2Cf54%2Cf55%2Cf56%2Cf57%2Cf58%2Cf59%2Cf60%2Cf61&klt=101&fqt=0&beg=20251201&end=20260717&lmt=1000&_=20260718140000
2026-05-12,CPO概念,BK1128,90.BK1128,9391.26,9536.27,9597.36,9351.83,9463.17,71.91,0.77,41029200,340158872869,2.61,5.15,89.02636094,189.02636094,https://r.jina.ai/http://push2his.eastmoney.com/api/qt/stock/kline/get?secid=90.BK1128&ut=fa5fd1943c7b386f172d6893dbfba10b&fields1=f1%2Cf2%2Cf3%2Cf4%2Cf5%2Cf6&fields2=f51%2Cf52%2Cf53%2Cf54%2Cf55%2Cf56%2Cf57%2Cf58%2Cf59%2Cf60%2Cf61&klt=101&fqt=0&beg=20251201&end=20260717&lmt=1000&_=20260718140000
2026-05-12,PCB概念,BK0877,90.BK0877,4101.46,4112.36,4129.88,4047.1,4124.26,22.8,0.56,52011337,224813014929,2.02,4.98,51.39010227,151.39010227,https://r.jina.ai/http://push2his.eastmoney.com/api/qt/stock/kline/get?secid=90.BK0877&ut=fa5fd1943c7b386f172d6893dbfba10b&fields1=f1%2Cf2%2Cf3%2Cf4%2Cf5%2Cf6&fields2=f51%2Cf52%2Cf53%2Cf54%2Cf55%2Cf56%2Cf57%2Cf58%2Cf59%2Cf60%2Cf61&klt=101&fqt=0&beg=20251201&end=20260717&lmt=1000&_=20260718140000
2026-05-12,上证指数,000001.SH,1.000001,4225.02,4229.28,4230.18,4199.34,4214.49,-10.53,-0.25,718984002,1465272590579.1,0.73,1.49,6.18946594,106.18946594,https://r.jina.ai/http://push2his.eastmoney.com/api/qt/stock/kline/get?secid=1.000001&ut=fa5fd1943c7b386f172d6893dbfba10b&fields1=f1%2Cf2%2Cf3%2Cf4%2Cf5%2Cf6&fields2=f51%2Cf52%2Cf53%2Cf54%2Cf55%2Cf56%2Cf57%2Cf58%2Cf59%2Cf60%2Cf61&klt=101&fqt=0&beg=20251201&end=20260717&lmt=1000&_=20260718140000
2026-05-12,创业板指,399006.SZ,0.399006,3928.97,3947.14,3954.99,3897.82,3934.88,5.91,0.15,260039131,845613430581.35,1.46,4.65,22.84330835,122.84330835,https://r.jina.ai/http://push2his.eastmoney.com/api/qt/stock/kline/get?secid=0.399006&ut=fa5fd1943c7b386f172d6893dbfba10b&fields1=f1%2Cf2%2Cf3%2Cf4%2Cf5%2Cf6&fields2=f51%2Cf52%2Cf53%2Cf54%2Cf55%2Cf56%2Cf57%2Cf58%2Cf59%2Cf60%2Cf61&klt=101&fqt=0&beg=20251201&end=20260717&lmt=1000&_=20260718140000
2026-05-12,半导体材料设备指数,931743.CSI,2.931743,7389.64,7384.23,7614.87,7260.04,7550.15,160.51,2.17,9898615,80271502073,4.8,5.78,46.628201,146.628201,https://r.jina.ai/http://push2his.eastmoney.com/api/qt/stock/kline/get?secid=2.931743&ut=fa5fd1943c7b386f172d6893dbfba10b&fields1=f1%2Cf2%2Cf3%2Cf4%2Cf5%2Cf6&fields2=f51%2Cf52%2Cf53%2Cf54%2Cf55%2Cf56%2Cf57%2Cf58%2Cf59%2Cf60%2Cf61&klt=101&fqt=0&beg=20251201&end=20260717&lmt=1000&_=20260718140000
2026-05-12,存储芯片概念,BK1137,90.BK1137,2963.49,2960.76,2972.26,2913.91,2959.08,-4.41,-0.15,49214516,300608518844,1.97,5.84,46.61685429,146.61685429,https://r.jina.ai/http://push2his.eastmoney.com/api/qt/stock/kline/get?secid=90.BK1137&ut=fa5fd1943c7b386f172d6893dbfba10b&fields1=f1%2Cf2%2Cf3%2Cf4%2Cf5%2Cf6&fields2=f51%2Cf52%2Cf53%2Cf54%2Cf55%2Cf56%2Cf57%2Cf58%2Cf59%2Cf60%2Cf61&klt=101&fqt=0&beg=20251201&end=20260717&lmt=1000&_=20260718140000
2026-05-12,科创50指数,000688.SH,1.000688,1716.69,1708.21,1747.17,1687.96,1723.78,7.09,0.41,16927089,163162220282,3.45,2.41,28.23835739,128.23835739,https://r.jina.ai/http://push2his.eastmoney.com/api/qt/stock/kline/get?secid=1.000688&ut=fa5fd1943c7b386f172d6893dbfba10b&fields1=f1%2Cf2%2Cf3%2Cf4%2Cf5%2Cf6&fields2=f51%2Cf52%2Cf53%2Cf54%2Cf55%2Cf56%2Cf57%2Cf58%2Cf59%2Cf60%2Cf61&klt=101&fqt=0&beg=20251201&end=20260717&lmt=1000&_=20260718140000
2026-05-13,CPO概念,BK1128,90.BK1128,9463.17,9326.42,9770.75,9326.42,9770.57,307.4,3.25,39953675,333366582675,4.7,5.01,95.16666101,195.16666101,https://r.jina.ai/http://push2his.eastmoney.com/api/qt/stock/kline/get?secid=90.BK1128&ut=fa5fd1943c7b386f172d6893dbfba10b&fields1=f1%2Cf2%2Cf3%2Cf4%2Cf5%2Cf6&fields2=f51%2Cf52%2Cf53%2Cf54%2Cf55%2Cf56%2Cf57%2Cf58%2Cf59%2Cf60%2Cf61&klt=101&fqt=0&beg=20251201&end=20260717&lmt=1000&_=20260718140000
2026-05-13,PCB概念,BK0877,90.BK0877,4124.26,4074.07,4241.37,4074.07,4240.57,116.31,2.82,49991127,228446068579,4.06,4.78,55.65951855,155.65951855,https://r.jina.ai/http://push2his.eastmoney.com/api/qt/stock/kline/get?secid=90.BK0877&ut=fa5fd1943c7b386f172d6893dbfba10b&fields1=f1%2Cf2%2Cf3%2Cf4%2Cf5%2Cf6&fields2=f51%2Cf52%2Cf53%2Cf54%2Cf55%2Cf56%2Cf57%2Cf58%2Cf59%2Cf60%2Cf61&klt=101&fqt=0&beg=20251201&end=20260717&lmt=1000&_=20260718140000
2026-05-13,上证指数,000001.SH,1.000001,4214.49,4192.31,4245.07,4192.31,4242.57,28.08,0.67,705018739,1447463947685.1,1.25,1.46,6.89697745,106.89697745,https://r.jina.ai/http://push2his.eastmoney.com/api/qt/stock/kline/get?secid=1.000001&ut=fa5fd1943c7b386f172d6893dbfba10b&fields1=f1%2Cf2%2Cf3%2Cf4%2Cf5%2Cf6&fields2=f51%2Cf52%2Cf53%2Cf54%2Cf55%2Cf56%2Cf57%2Cf58%2Cf59%2Cf60%2Cf61&klt=101&fqt=0&beg=20251201&end=20260717&lmt=1000&_=20260718140000
2026-05-13,创业板指,399006.SZ,0.399006,3934.88,3900.74,4041.99,3893.8,4038.33,103.45,2.63,259133454,866979827777.07,3.77,4.63,26.07292151,126.07292151,https://r.jina.ai/http://push2his.eastmoney.com/api/qt/stock/kline/get?secid=0.399006&ut=fa5fd1943c7b386f172d6893dbfba10b&fields1=f1%2Cf2%2Cf3%2Cf4%2Cf5%2Cf6&fields2=f51%2Cf52%2Cf53%2Cf54%2Cf55%2Cf56%2Cf57%2Cf58%2Cf59%2Cf60%2Cf61&klt=101&fqt=0&beg=20251201&end=20260717&lmt=1000&_=20260718140000
2026-05-13,半导体材料设备指数,931743.CSI,2.931743,7550.15,7392.46,7878.62,7368.73,7841.78,291.63,3.86,9926705,86364362017,6.75,5.8,52.29182122,152.29182122,https://r.jina.ai/http://push2his.eastmoney.com/api/qt/stock/kline/get?secid=2.931743&ut=fa5fd1943c7b386f172d6893dbfba10b&fields1=f1%2Cf2%2Cf3%2Cf4%2Cf5%2Cf6&fields2=f51%2Cf52%2Cf53%2Cf54%2Cf55%2Cf56%2Cf57%2Cf58%2Cf59%2Cf60%2Cf61&klt=101&fqt=0&beg=20251201&end=20260717&lmt=1000&_=20260718140000
2026-05-13,存储芯片概念,BK1137,90.BK1137,2959.08,2912.84,3076.94,2912.48,3072.43,113.35,3.83,54907074,334424640584,5.56,6.52,52.23313382,152.23313382,https://r.jina.ai/http://push2his.eastmoney.com/api/qt/stock/kline/get?secid=90.BK1137&ut=fa5fd1943c7b386f172d6893dbfba10b&fields1=f1%2Cf2%2Cf3%2Cf4%2Cf5%2Cf6&fields2=f51%2Cf52%2Cf53%2Cf54%2Cf55%2Cf56%2Cf57%2Cf58%2Cf59%2Cf60%2Cf61&klt=101&fqt=0&beg=20251201&end=20260717&lmt=1000&_=20260718140000
2026-05-13,科创50指数,000688.SH,1.000688,1723.78,1684.37,1771.49,1677.54,1770.15,46.37,2.69,17773247,158688703274,5.45,2.54,31.68799286,131.68799286,https://r.jina.ai/http://push2his.eastmoney.com/api/qt/stock/kline/get?secid=1.000688&ut=fa5fd1943c7b386f172d6893dbfba10b&fields1=f1%2Cf2%2Cf3%2Cf4%2Cf5%2Cf6&fields2=f51%2Cf52%2Cf53%2Cf54%2Cf55%2Cf56%2Cf57%2Cf58%2Cf59%2Cf60%2Cf61&klt=101&fqt=0&beg=20251201&end=20260717&lmt=1000&_=20260718140000
2026-05-14,CPO概念,BK1128,90.BK1128,9770.57,9921.6,9930.12,9621.55,9621.55,-149.02,-1.53,39330010,342053383085,3.16,4.94,92.18999375,192.18999375,https://r.jina.ai/http://push2his.eastmoney.com/api/qt/stock/kline/get?secid=90.BK1128&ut=fa5fd1943c7b386f172d6893dbfba10b&fields1=f1%2Cf2%2Cf3%2Cf4%2Cf5%2Cf6&fields2=f51%2Cf52%2Cf53%2Cf54%2Cf55%2Cf56%2Cf57%2Cf58%2Cf59%2Cf60%2Cf61&klt=101&fqt=0&beg=20251201&end=20260717&lmt=1000&_=20260718140000
2026-05-14,PCB概念,BK0877,90.BK0877,4240.57,4255.5,4255.96,4136.98,4146.99,-93.58,-2.21,47960229,231550838071,2.81,4.59,52.22445728,152.22445728,https://r.jina.ai/http://push2his.eastmoney.com/api/qt/stock/kline/get?secid=90.BK0877&ut=fa5fd1943c7b386f172d6893dbfba10b&fields1=f1%2Cf2%2Cf3%2Cf4%2Cf5%2Cf6&fields2=f51%2Cf52%2Cf53%2Cf54%2Cf55%2Cf56%2Cf57%2Cf58%2Cf59%2Cf60%2Cf61&klt=101&fqt=0&beg=20251201&end=20260717&lmt=1000&_=20260718140000
2026-05-14,上证指数,000001.SH,1.000001,4242.57,4256.16,4258.86,4177.92,4177.92,-64.65,-1.52,764235004,1498116800621.6,1.91,1.58,5.26803802,105.26803802,https://r.jina.ai/http://push2his.eastmoney.com/api/qt/stock/kline/get?secid=1.000001&ut=fa5fd1943c7b386f172d6893dbfba10b&fields1=f1%2Cf2%2Cf3%2Cf4%2Cf5%2Cf6&fields2=f51%2Cf52%2Cf53%2Cf54%2Cf55%2Cf56%2Cf57%2Cf58%2Cf59%2Cf60%2Cf61&klt=101&fqt=0&beg=20251201&end=20260717&lmt=1000&_=20260718140000
2026-05-14,创业板指,399006.SZ,0.399006,4038.33,4087.85,4090.42,3937.6,3951.14,-87.19,-2.16,262200776,893930747716.14,3.78,4.69,23.35093048,123.35093048,https://r.jina.ai/http://push2his.eastmoney.com/api/qt/stock/kline/get?secid=0.399006&ut=fa5fd1943c7b386f172d6893dbfba10b&fields1=f1%2Cf2%2Cf3%2Cf4%2Cf5%2Cf6&fields2=f51%2Cf52%2Cf53%2Cf54%2Cf55%2Cf56%2Cf57%2Cf58%2Cf59%2Cf60%2Cf61&klt=101&fqt=0&beg=20251201&end=20260717&lmt=1000&_=20260718140000
2026-05-14,半导体材料设备指数,931743.CSI,2.931743,7841.78,7893.2,7910.51,7641.3,7678.68,-163.1,-2.08,10354044,85867988225,3.43,6.05,49.12432659,149.12432659,https://r.jina.ai/http://push2his.eastmoney.com/api/qt/stock/kline/get?secid=2.931743&ut=fa5fd1943c7b386f172d6893dbfba10b&fields1=f1%2Cf2%2Cf3%2Cf4%2Cf5%2Cf6&fields2=f51%2Cf52%2Cf53%2Cf54%2Cf55%2Cf56%2Cf57%2Cf58%2Cf59%2Cf60%2Cf61&klt=101&fqt=0&beg=20251201&end=20260717&lmt=1000&_=20260718140000
2026-05-14,存储芯片概念,BK1137,90.BK1137,3072.43,3089.53,3091.66,3019.5,3021.19,-51.24,-1.67,52280640,333503864297,2.35,6.21,49.69428809,149.69428809,https://r.jina.ai/http://push2his.eastmoney.com/api/qt/stock/kline/get?secid=90.BK1137&ut=fa5fd1943c7b386f172d6893dbfba10b&fields1=f1%2Cf2%2Cf3%2Cf4%2Cf5%2Cf6&fields2=f51%2Cf52%2Cf53%2Cf54%2Cf55%2Cf56%2Cf57%2Cf58%2Cf59%2Cf60%2Cf61&klt=101&fqt=0&beg=20251201&end=20260717&lmt=1000&_=20260718140000
2026-05-14,科创50指数,000688.SH,1.000688,1770.15,1792.34,1800.61,1723.7,1725.09,-45.06,-2.55,21071023,170925244425,4.34,3.01,28.33581312,128.33581312,https://r.jina.ai/http://push2his.eastmoney.com/api/qt/stock/kline/get?secid=1.000688&ut=fa5fd1943c7b386f172d6893dbfba10b&fields1=f1%2Cf2%2Cf3%2Cf4%2Cf5%2Cf6&fields2=f51%2Cf52%2Cf53%2Cf54%2Cf55%2Cf56%2Cf57%2Cf58%2Cf59%2Cf60%2Cf61&klt=101&fqt=0&beg=20251201&end=20260717&lmt=1000&_=20260718140000
2026-05-15,CPO概念,BK1128,90.BK1128,9621.55,9662.09,9833.5,9290.15,9439.49,-182.06,-1.89,39846931,331472803741,5.65,5,88.55335409,188.55335409,https://r.jina.ai/http://push2his.eastmoney.com/api/qt/stock/kline/get?secid=90.BK1128&ut=fa5fd1943c7b386f172d6893dbfba10b&fields1=f1%2Cf2%2Cf3%2Cf4%2Cf5%2Cf6&fields2=f51%2Cf52%2Cf53%2Cf54%2Cf55%2Cf56%2Cf57%2Cf58%2Cf59%2Cf60%2Cf61&klt=101&fqt=0&beg=20251201&end=20260717&lmt=1000&_=20260718140000
2026-05-15,PCB概念,BK0877,90.BK0877,4146.99,4154.08,4193.45,4047.97,4095.09,-51.9,-1.25,48035726,215582496128,3.51,4.6,50.31935278,150.31935278,https://r.jina.ai/http://push2his.eastmoney.com/api/qt/stock/kline/get?secid=90.BK0877&ut=fa5fd1943c7b386f172d6893dbfba10b&fields1=f1%2Cf2%2Cf3%2Cf4%2Cf5%2Cf6&fields2=f51%2Cf52%2Cf53%2Cf54%2Cf55%2Cf56%2Cf57%2Cf58%2Cf59%2Cf60%2Cf61&klt=101&fqt=0&beg=20251201&end=20260717&lmt=1000&_=20260718140000
2026-05-15,上证指数,000001.SH,1.000001,4177.92,4174.18,4191.81,4114.09,4135.39,-42.53,-1.02,733162357,1519240026458.7,1.86,1.52,4.19644027,104.19644027,https://r.jina.ai/http://push2his.eastmoney.com/api/qt/stock/kline/get?secid=1.000001&ut=fa5fd1943c7b386f172d6893dbfba10b&fields1=f1%2Cf2%2Cf3%2Cf4%2Cf5%2Cf6&fields2=f51%2Cf52%2Cf53%2Cf54%2Cf55%2Cf56%2Cf57%2Cf58%2Cf59%2Cf60%2Cf61&klt=101&fqt=0&beg=20251201&end=20260717&lmt=1000&_=20260718140000
2026-05-15,创业板指,399006.SZ,0.399006,3951.14,3957.74,4002.73,3870.37,3929.06,-22.08,-0.56,256835649,882598831814.92,3.35,4.59,22.66161334,122.66161334,https://r.jina.ai/http://push2his.eastmoney.com/api/qt/stock/kline/get?secid=0.399006&ut=fa5fd1943c7b386f172d6893dbfba10b&fields1=f1%2Cf2%2Cf3%2Cf4%2Cf5%2Cf6&fields2=f51%2Cf52%2Cf53%2Cf54%2Cf55%2Cf56%2Cf57%2Cf58%2Cf59%2Cf60%2Cf61&klt=101&fqt=0&beg=20251201&end=20260717&lmt=1000&_=20260718140000
2026-05-15,半导体材料设备指数,931743.CSI,2.931743,7678.68,7761.24,8383.15,7473.84,8015.54,336.86,4.39,12484449,122571303883,11.84,7.29,55.66633911,155.66633911,https://r.jina.ai/http://push2his.eastmoney.com/api/qt/stock/kline/get?secid=2.931743&ut=fa5fd1943c7b386f172d6893dbfba10b&fields1=f1%2Cf2%2Cf3%2Cf4%2Cf5%2Cf6&fields2=f51%2Cf52%2Cf53%2Cf54%2Cf55%2Cf56%2Cf57%2Cf58%2Cf59%2Cf60%2Cf61&klt=101&fqt=0&beg=20251201&end=20260717&lmt=1000&_=20260718140000
2026-05-15,存储芯片概念,BK1137,90.BK1137,3021.19,3033.71,3091,2948.92,3006.42,-14.77,-0.49,54080233,367455582481,4.7,6.42,48.96246234,148.96246234,https://r.jina.ai/http://push2his.eastmoney.com/api/qt/stock/kline/get?secid=90.BK1137&ut=fa5fd1943c7b386f172d6893dbfba10b&fields1=f1%2Cf2%2Cf3%2Cf4%2Cf5%2Cf6&fields2=f51%2Cf52%2Cf53%2Cf54%2Cf55%2Cf56%2Cf57%2Cf58%2Cf59%2Cf60%2Cf61&klt=101&fqt=0&beg=20251201&end=20260717&lmt=1000&_=20260718140000
2026-05-15,科创50指数,000688.SH,1.000688,1725.09,1724.36,1769.8,1669.99,1696.26,-28.83,-1.67,21601214,191146069966,5.79,3.08,26.191043,126.191043,https://r.jina.ai/http://push2his.eastmoney.com/api/qt/stock/kline/get?secid=1.000688&ut=fa5fd1943c7b386f172d6893dbfba10b&fields1=f1%2Cf2%2Cf3%2Cf4%2Cf5%2Cf6&fields2=f51%2Cf52%2Cf53%2Cf54%2Cf55%2Cf56%2Cf57%2Cf58%2Cf59%2Cf60%2Cf61&klt=101&fqt=0&beg=20251201&end=20260717&lmt=1000&_=20260718140000
2026-05-18,CPO概念,BK1128,90.BK1128,9439.49,9352.45,9682.25,9352.45,9560.83,121.34,1.29,33469948,275124076542,3.49,4.2,90.9771147,190.9771147,https://r.jina.ai/http://push2his.eastmoney.com/api/qt/stock/kline/get?secid=90.BK1128&ut=fa5fd1943c7b386f172d6893dbfba10b&fields1=f1%2Cf2%2Cf3%2Cf4%2Cf5%2Cf6&fields2=f51%2Cf52%2Cf53%2Cf54%2Cf55%2Cf56%2Cf57%2Cf58%2Cf59%2Cf60%2Cf61&klt=101&fqt=0&beg=20251201&end=20260717&lmt=1000&_=20260718140000
2026-05-18,PCB概念,BK0877,90.BK0877,4095.09,4072.3,4171.4,4044.17,4159.54,64.45,1.57,39844690,185281306472,3.11,3.81,52.68513284,152.68513284,https://r.jina.ai/http://push2his.eastmoney.com/api/qt/stock/kline/get?secid=90.BK0877&ut=fa5fd1943c7b386f172d6893dbfba10b&fields1=f1%2Cf2%2Cf3%2Cf4%2Cf5%2Cf6&fields2=f51%2Cf52%2Cf53%2Cf54%2Cf55%2Cf56%2Cf57%2Cf58%2Cf59%2Cf60%2Cf61&klt=101&fqt=0&beg=20251201&end=20260717&lmt=1000&_=20260718140000
2026-05-18,上证指数,000001.SH,1.000001,4135.39,4120.14,4145.66,4108.6,4131.53,-3.86,-0.09,627233137,1315084195447.2,0.9,1.3,4.09918263,104.09918263,https://r.jina.ai/http://push2his.eastmoney.com/api/qt/stock/kline/get?secid=1.000001&ut=fa5fd1943c7b386f172d6893dbfba10b&fields1=f1%2Cf2%2Cf3%2Cf4%2Cf5%2Cf6&fields2=f51%2Cf52%2Cf53%2Cf54%2Cf55%2Cf56%2Cf57%2Cf58%2Cf59%2Cf60%2Cf61&klt=101&fqt=0&beg=20251201&end=20260717&lmt=1000&_=20260718140000
2026-05-18,创业板指,399006.SZ,0.399006,3929.06,3895.07,3961.16,3883.4,3914.88,-14.18,-0.36,227942306,762830888184.27,1.98,4.07,22.21892688,122.21892688,https://r.jina.ai/http://push2his.eastmoney.com/api/qt/stock/kline/get?secid=0.399006&ut=fa5fd1943c7b386f172d6893dbfba10b&fields1=f1%2Cf2%2Cf3%2Cf4%2Cf5%2Cf6&fields2=f51%2Cf52%2Cf53%2Cf54%2Cf55%2Cf56%2Cf57%2Cf58%2Cf59%2Cf60%2Cf61&klt=101&fqt=0&beg=20251201&end=20260717&lmt=1000&_=20260718140000
2026-05-18,半导体材料设备指数,931743.CSI,2.931743,8015.54,8071.31,8343.44,7984.33,8087.59,72.05,0.9,12140381,104782849410,4.48,7.09,57.06559103,157.06559103,https://r.jina.ai/http://push2his.eastmoney.com/api/qt/stock/kline/get?secid=2.931743&ut=fa5fd1943c7b386f172d6893dbfba10b&fields1=f1%2Cf2%2Cf3%2Cf4%2Cf5%2Cf6&fields2=f51%2Cf52%2Cf53%2Cf54%2Cf55%2Cf56%2Cf57%2Cf58%2Cf59%2Cf60%2Cf61&klt=101&fqt=0&beg=20251201&end=20260717&lmt=1000&_=20260718140000
2026-05-18,存储芯片概念,BK1137,90.BK1137,3006.42,3019.41,3117.34,3013.2,3073.65,67.23,2.24,51412395,329103039672,3.46,6.1,52.29358253,152.29358253,https://r.jina.ai/http://push2his.eastmoney.com/api/qt/stock/kline/get?secid=90.BK1137&ut=fa5fd1943c7b386f172d6893dbfba10b&fields1=f1%2Cf2%2Cf3%2Cf4%2Cf5%2Cf6&fields2=f51%2Cf52%2Cf53%2Cf54%2Cf55%2Cf56%2Cf57%2Cf58%2Cf59%2Cf60%2Cf61&klt=101&fqt=0&beg=20251201&end=20260717&lmt=1000&_=20260718140000
2026-05-18,科创50指数,000688.SH,1.000688,1696.26,1690.38,1748.1,1684.9,1709.96,13.7,0.81,15913956,152427297016,3.73,2.27,27.21023657,127.21023657,https://r.jina.ai/http://push2his.eastmoney.com/api/qt/stock/kline/get?secid=1.000688&ut=fa5fd1943c7b386f172d6893dbfba10b&fields1=f1%2Cf2%2Cf3%2Cf4%2Cf5%2Cf6&fields2=f51%2Cf52%2Cf53%2Cf54%2Cf55%2Cf56%2Cf57%2Cf58%2Cf59%2Cf60%2Cf61&klt=101&fqt=0&beg=20251201&end=20260717&lmt=1000&_=20260718140000
2026-05-19,CPO概念,BK1128,90.BK1128,9560.83,9437.07,9646.33,9124.85,9633.38,72.55,0.76,35312513,294352704542,5.45,4.43,92.42629742,192.42629742,https://r.jina.ai/http://push2his.eastmoney.com/api/qt/stock/kline/get?secid=90.BK1128&ut=fa5fd1943c7b386f172d6893dbfba10b&fields1=f1%2Cf2%2Cf3%2Cf4%2Cf5%2Cf6&fields2=f51%2Cf52%2Cf53%2Cf54%2Cf55%2Cf56%2Cf57%2Cf58%2Cf59%2Cf60%2Cf61&klt=101&fqt=0&beg=20251201&end=20260717&lmt=1000&_=20260718140000
2026-05-19,PCB概念,BK0877,90.BK0877,4159.54,4142.64,4229.41,4071.01,4229.41,69.87,1.68,41364700,194318251604,3.81,3.96,55.24986602,155.24986602,https://r.jina.ai/http://push2his.eastmoney.com/api/qt/stock/kline/get?secid=90.BK0877&ut=fa5fd1943c7b386f172d6893dbfba10b&fields1=f1%2Cf2%2Cf3%2Cf4%2Cf5%2Cf6&fields2=f51%2Cf52%2Cf53%2Cf54%2Cf55%2Cf56%2Cf57%2Cf58%2Cf59%2Cf60%2Cf61&klt=101&fqt=0&beg=20251201&end=20260717&lmt=1000&_=20260718140000
2026-05-19,上证指数,000001.SH,1.000001,4131.53,4122.96,4170.29,4107.99,4169.54,38.01,0.92,617611067,1306522478007.3,1.51,1.28,5.0568932,105.0568932,https://r.jina.ai/http://push2his.eastmoney.com/api/qt/stock/kline/get?secid=1.000001&ut=fa5fd1943c7b386f172d6893dbfba10b&fields1=f1%2Cf2%2Cf3%2Cf4%2Cf5%2Cf6&fields2=f51%2Cf52%2Cf53%2Cf54%2Cf55%2Cf56%2Cf57%2Cf58%2Cf59%2Cf60%2Cf61&klt=101&fqt=0&beg=20251201&end=20260717&lmt=1000&_=20260718140000
2026-05-19,创业板指,399006.SZ,0.399006,3914.88,3894,3918.31,3808.47,3908.44,-6.44,-0.16,234560065,768493743821.77,2.81,4.19,22.01787604,122.01787604,https://r.jina.ai/http://push2his.eastmoney.com/api/qt/stock/kline/get?secid=0.399006&ut=fa5fd1943c7b386f172d6893dbfba10b&fields1=f1%2Cf2%2Cf3%2Cf4%2Cf5%2Cf6&fields2=f51%2Cf52%2Cf53%2Cf54%2Cf55%2Cf56%2Cf57%2Cf58%2Cf59%2Cf60%2Cf61&klt=101&fqt=0&beg=20251201&end=20260717&lmt=1000&_=20260718140000
2026-05-19,半导体材料设备指数,931743.CSI,2.931743,8087.59,8001.73,8508.24,7880.41,8505.78,418.19,5.17,13081461,107211539579,7.76,7.64,65.18707833,165.18707833,https://r.jina.ai/http://push2his.eastmoney.com/api/qt/stock/kline/get?secid=2.931743&ut=fa5fd1943c7b386f172d6893dbfba10b&fields1=f1%2Cf2%2Cf3%2Cf4%2Cf5%2Cf6&fields2=f51%2Cf52%2Cf53%2Cf54%2Cf55%2Cf56%2Cf57%2Cf58%2Cf59%2Cf60%2Cf61&klt=101&fqt=0&beg=20251201&end=20260717&lmt=1000&_=20260718140000
2026-05-19,存储芯片概念,BK1137,90.BK1137,3073.65,3038.16,3132.71,3002.87,3132.25,58.6,1.91,52535531,323880977636,4.22,6.24,55.19710243,155.19710243,https://r.jina.ai/http://push2his.eastmoney.com/api/qt/stock/kline/get?secid=90.BK1137&ut=fa5fd1943c7b386f172d6893dbfba10b&fields1=f1%2Cf2%2Cf3%2Cf4%2Cf5%2Cf6&fields2=f51%2Cf52%2Cf53%2Cf54%2Cf55%2Cf56%2Cf57%2Cf58%2Cf59%2Cf60%2Cf61&klt=101&fqt=0&beg=20251201&end=20260717&lmt=1000&_=20260718140000
2026-05-19,科创50指数,000688.SH,1.000688,1709.96,1697.4,1776.26,1670.36,1775.13,65.17,3.81,17104368,169324578817,6.19,2.44,32.05847344,132.05847344,https://r.jina.ai/http://push2his.eastmoney.com/api/qt/stock/kline/get?secid=1.000688&ut=fa5fd1943c7b386f172d6893dbfba10b&fields1=f1%2Cf2%2Cf3%2Cf4%2Cf5%2Cf6&fields2=f51%2Cf52%2Cf53%2Cf54%2Cf55%2Cf56%2Cf57%2Cf58%2Cf59%2Cf60%2Cf61&klt=101&fqt=0&beg=20251201&end=20260717&lmt=1000&_=20260718140000
2026-05-20,CPO概念,BK1128,90.BK1128,9633.38,9570.5,9770.16,9520.27,9755.83,122.45,1.27,37320164,300494646054,2.59,4.68,94.87223022,194.87223022,https://r.jina.ai/http://push2his.eastmoney.com/api/qt/stock/kline/get?secid=90.BK1128&ut=fa5fd1943c7b386f172d6893dbfba10b&fields1=f1%2Cf2%2Cf3%2Cf4%2Cf5%2Cf6&fields2=f51%2Cf52%2Cf53%2Cf54%2Cf55%2Cf56%2Cf57%2Cf58%2Cf59%2Cf60%2Cf61&klt=101&fqt=0&beg=20251201&end=20260717&lmt=1000&_=20260718140000
2026-05-20,PCB概念,BK0877,90.BK0877,4229.41,4216.07,4273.42,4179.59,4269.64,40.23,0.95,42182703,194385134722,2.22,4.04,56.72659731,156.72659731,https://r.jina.ai/http://push2his.eastmoney.com/api/qt/stock/kline/get?secid=90.BK0877&ut=fa5fd1943c7b386f172d6893dbfba10b&fields1=f1%2Cf2%2Cf3%2Cf4%2Cf5%2Cf6&fields2=f51%2Cf52%2Cf53%2Cf54%2Cf55%2Cf56%2Cf57%2Cf58%2Cf59%2Cf60%2Cf61&klt=101&fqt=0&beg=20251201&end=20260717&lmt=1000&_=20260718140000
2026-05-20,上证指数,000001.SH,1.000001,4169.54,4152.7,4169.85,4139.97,4162.18,-7.36,-0.18,624152035,1358926939220.2,0.72,1.29,4.87144858,104.87144858,https://r.jina.ai/http://push2his.eastmoney.com/api/qt/stock/kline/get?secid=1.000001&ut=fa5fd1943c7b386f172d6893dbfba10b&fields1=f1%2Cf2%2Cf3%2Cf4%2Cf5%2Cf6&fields2=f51%2Cf52%2Cf53%2Cf54%2Cf55%2Cf56%2Cf57%2Cf58%2Cf59%2Cf60%2Cf61&klt=101&fqt=0&beg=20251201&end=20260717&lmt=1000&_=20260718140000
2026-05-20,创业板指,399006.SZ,0.399006,3908.44,3889.68,3947.22,3887.15,3921.79,13.35,0.34,232712977,761853676049.54,1.54,4.16,22.43465067,122.43465067,https://r.jina.ai/http://push2his.eastmoney.com/api/qt/stock/kline/get?secid=0.399006&ut=fa5fd1943c7b386f172d6893dbfba10b&fields1=f1%2Cf2%2Cf3%2Cf4%2Cf5%2Cf6&fields2=f51%2Cf52%2Cf53%2Cf54%2Cf55%2Cf56%2Cf57%2Cf58%2Cf59%2Cf60%2Cf61&klt=101&fqt=0&beg=20251201&end=20260717&lmt=1000&_=20260718140000
2026-05-20,半导体材料设备指数,931743.CSI,2.931743,8505.78,8514.7,9038.82,8509.29,8993.45,487.67,5.73,14432512,123446479319,6.23,8.43,74.6579067,174.6579067,https://r.jina.ai/http://push2his.eastmoney.com/api/qt/stock/kline/get?secid=2.931743&ut=fa5fd1943c7b386f172d6893dbfba10b&fields1=f1%2Cf2%2Cf3%2Cf4%2Cf5%2Cf6&fields2=f51%2Cf52%2Cf53%2Cf54%2Cf55%2Cf56%2Cf57%2Cf58%2Cf59%2Cf60%2Cf61&klt=101&fqt=0&beg=20251201&end=20260717&lmt=1000&_=20260718140000
2026-05-20,存储芯片概念,BK1137,90.BK1137,3132.25,3129.12,3224.89,3127.42,3222.16,89.91,2.87,60123136,372738021307,3.11,7.14,59.651974,159.651974,https://r.jina.ai/http://push2his.eastmoney.com/api/qt/stock/kline/get?secid=90.BK1137&ut=fa5fd1943c7b386f172d6893dbfba10b&fields1=f1%2Cf2%2Cf3%2Cf4%2Cf5%2Cf6&fields2=f51%2Cf52%2Cf53%2Cf54%2Cf55%2Cf56%2Cf57%2Cf58%2Cf59%2Cf60%2Cf61&klt=101&fqt=0&beg=20251201&end=20260717&lmt=1000&_=20260718140000
2026-05-20,科创50指数,000688.SH,1.000688,1775.13,1764.21,1835.22,1764.21,1832.02,56.89,3.2,18452542,190386612651,4,2.63,36.29073055,136.29073055,https://r.jina.ai/http://push2his.eastmoney.com/api/qt/stock/kline/get?secid=1.000688&ut=fa5fd1943c7b386f172d6893dbfba10b&fields1=f1%2Cf2%2Cf3%2Cf4%2Cf5%2Cf6&fields2=f51%2Cf52%2Cf53%2Cf54%2Cf55%2Cf56%2Cf57%2Cf58%2Cf59%2Cf60%2Cf61&klt=101&fqt=0&beg=20251201&end=20260717&lmt=1000&_=20260718140000
2026-05-21,CPO概念,BK1128,90.BK1128,9755.83,9852.84,9877.32,9195.43,9218.14,-537.69,-5.51,40338804,313709459042,6.99,5.06,84.1318986,184.1318986,https://r.jina.ai/http://push2his.eastmoney.com/api/qt/stock/kline/get?secid=90.BK1128&ut=fa5fd1943c7b386f172d6893dbfba10b&fields1=f1%2Cf2%2Cf3%2Cf4%2Cf5%2Cf6&fields2=f51%2Cf52%2Cf53%2Cf54%2Cf55%2Cf56%2Cf57%2Cf58%2Cf59%2Cf60%2Cf61&klt=101&fqt=0&beg=20251201&end=20260717&lmt=1000&_=20260718140000
2026-05-21,PCB概念,BK0877,90.BK0877,4269.64,4315.35,4379.83,4116.13,4123.71,-145.93,-3.42,53510901,250809887558,6.18,5.12,51.3699133,151.3699133,https://r.jina.ai/http://push2his.eastmoney.com/api/qt/stock/kline/get?secid=90.BK0877&ut=fa5fd1943c7b386f172d6893dbfba10b&fields1=f1%2Cf2%2Cf3%2Cf4%2Cf5%2Cf6&fields2=f51%2Cf52%2Cf53%2Cf54%2Cf55%2Cf56%2Cf57%2Cf58%2Cf59%2Cf60%2Cf61&klt=101&fqt=0&beg=20251201&end=20260717&lmt=1000&_=20260718140000
2026-05-21,上证指数,000001.SH,1.000001,4162.18,4174.38,4199.53,4074.22,4077.28,-84.9,-2.04,727218701,1595726694714.8,3.01,1.5,2.7322845,102.7322845,https://r.jina.ai/http://push2his.eastmoney.com/api/qt/stock/kline/get?secid=1.000001&ut=fa5fd1943c7b386f172d6893dbfba10b&fields1=f1%2Cf2%2Cf3%2Cf4%2Cf5%2Cf6&fields2=f51%2Cf52%2Cf53%2Cf54%2Cf55%2Cf56%2Cf57%2Cf58%2Cf59%2Cf60%2Cf61&klt=101&fqt=0&beg=20251201&end=20260717&lmt=1000&_=20260718140000
2026-05-21,创业板指,399006.SZ,0.399006,3921.79,3962.3,4017.81,3827.52,3829.78,-92.01,-2.35,276039794,902160288034.97,4.85,4.93,19.56218371,119.56218371,https://r.jina.ai/http://push2his.eastmoney.com/api/qt/stock/kline/get?secid=0.399006&ut=fa5fd1943c7b386f172d6893dbfba10b&fields1=f1%2Cf2%2Cf3%2Cf4%2Cf5%2Cf6&fields2=f51%2Cf52%2Cf53%2Cf54%2Cf55%2Cf56%2Cf57%2Cf58%2Cf59%2Cf60%2Cf61&klt=101&fqt=0&beg=20251201&end=20260717&lmt=1000&_=20260718140000
2026-05-21,半导体材料设备指数,931743.CSI,2.931743,8993.45,9062.44,9409.67,8506.84,8525.11,-468.34,-5.21,15406617,147353696331,10.04,9,65.56247791,165.56247791,https://r.jina.ai/http://push2his.eastmoney.com/api/qt/stock/kline/get?secid=2.931743&ut=fa5fd1943c7b386f172d6893dbfba10b&fields1=f1%2Cf2%2Cf3%2Cf4%2Cf5%2Cf6&fields2=f51%2Cf52%2Cf53%2Cf54%2Cf55%2Cf56%2Cf57%2Cf58%2Cf59%2Cf60%2Cf61&klt=101&fqt=0&beg=20251201&end=20260717&lmt=1000&_=20260718140000
2026-05-21,存储芯片概念,BK1137,90.BK1137,3222.16,3257.06,3277.03,3048.18,3055.53,-166.63,-5.17,65759938,430779647960,7.1,7.81,51.39577057,151.39577057,https://r.jina.ai/http://push2his.eastmoney.com/api/qt/stock/kline/get?secid=90.BK1137&ut=fa5fd1943c7b386f172d6893dbfba10b&fields1=f1%2Cf2%2Cf3%2Cf4%2Cf5%2Cf6&fields2=f51%2Cf52%2Cf53%2Cf54%2Cf55%2Cf56%2Cf57%2Cf58%2Cf59%2Cf60%2Cf61&klt=101&fqt=0&beg=20251201&end=20260717&lmt=1000&_=20260718140000
2026-05-21,科创50指数,000688.SH,1.000688,1832.02,1866.29,1892.6,1759.94,1764.17,-67.85,-3.7,21274038,216374427915,7.24,3.03,31.24311858,131.24311858,https://r.jina.ai/http://push2his.eastmoney.com/api/qt/stock/kline/get?secid=1.000688&ut=fa5fd1943c7b386f172d6893dbfba10b&fields1=f1%2Cf2%2Cf3%2Cf4%2Cf5%2Cf6&fields2=f51%2Cf52%2Cf53%2Cf54%2Cf55%2Cf56%2Cf57%2Cf58%2Cf59%2Cf60%2Cf61&klt=101&fqt=0&beg=20251201&end=20260717&lmt=1000&_=20260718140000
2026-05-22,CPO概念,BK1128,90.BK1128,9218.14,9361.79,9681.72,9303.07,9664.25,446.11,4.84,33986690,277821641423,4.11,4.26,93.04292417,193.04292417,https://r.jina.ai/http://push2his.eastmoney.com/api/qt/stock/kline/get?secid=90.BK1128&ut=fa5fd1943c7b386f172d6893dbfba10b&fields1=f1%2Cf2%2Cf3%2Cf4%2Cf5%2Cf6&fields2=f51%2Cf52%2Cf53%2Cf54%2Cf55%2Cf56%2Cf57%2Cf58%2Cf59%2Cf60%2Cf61&klt=101&fqt=0&beg=20251201&end=20260717&lmt=1000&_=20260718140000
2026-05-22,PCB概念,BK0877,90.BK0877,4123.71,4176.49,4419.35,4176.49,4412.9,289.19,7.01,54153337,261461503366,5.89,5.18,61.98527306,161.98527306,https://r.jina.ai/http://push2his.eastmoney.com/api/qt/stock/kline/get?secid=90.BK0877&ut=fa5fd1943c7b386f172d6893dbfba10b&fields1=f1%2Cf2%2Cf3%2Cf4%2Cf5%2Cf6&fields2=f51%2Cf52%2Cf53%2Cf54%2Cf55%2Cf56%2Cf57%2Cf58%2Cf59%2Cf60%2Cf61&klt=101&fqt=0&beg=20251201&end=20260717&lmt=1000&_=20260718140000
2026-05-22,上证指数,000001.SH,1.000001,4077.28,4096.17,4120.09,4067.75,4112.9,35.62,0.87,589459644,1285847521737.2,1.28,1.22,3.62977595,103.62977595,https://r.jina.ai/http://push2his.eastmoney.com/api/qt/stock/kline/get?secid=1.000001&ut=fa5fd1943c7b386f172d6893dbfba10b&fields1=f1%2Cf2%2Cf3%2Cf4%2Cf5%2Cf6&fields2=f51%2Cf52%2Cf53%2Cf54%2Cf55%2Cf56%2Cf57%2Cf58%2Cf59%2Cf60%2Cf61&klt=101&fqt=0&beg=20251201&end=20260717&lmt=1000&_=20260718140000
2026-05-22,创业板指,399006.SZ,0.399006,3829.78,3875.81,3948.99,3856.21,3938.5,108.72,2.84,221842489,791995856122.52,2.42,3.97,22.95632139,122.95632139,https://r.jina.ai/http://push2his.eastmoney.com/api/qt/stock/kline/get?secid=0.399006&ut=fa5fd1943c7b386f172d6893dbfba10b&fields1=f1%2Cf2%2Cf3%2Cf4%2Cf5%2Cf6&fields2=f51%2Cf52%2Cf53%2Cf54%2Cf55%2Cf56%2Cf57%2Cf58%2Cf59%2Cf60%2Cf61&klt=101&fqt=0&beg=20251201&end=20260717&lmt=1000&_=20260718140000
2026-05-22,半导体材料设备指数,931743.CSI,2.931743,8525.11,8589.94,8663.37,8282.32,8611.27,86.16,1.01,11387300,108034272430,4.47,6.65,67.23575404,167.23575404,https://r.jina.ai/http://push2his.eastmoney.com/api/qt/stock/kline/get?secid=2.931743&ut=fa5fd1943c7b386f172d6893dbfba10b&fields1=f1%2Cf2%2Cf3%2Cf4%2Cf5%2Cf6&fields2=f51%2Cf52%2Cf53%2Cf54%2Cf55%2Cf56%2Cf57%2Cf58%2Cf59%2Cf60%2Cf61&klt=101&fqt=0&beg=20251201&end=20260717&lmt=1000&_=20260718140000
2026-05-22,存储芯片概念,BK1137,90.BK1137,3055.53,3088.36,3151.12,3054.83,3147.32,91.79,3,51184203,355284182286,3.15,6.08,55.94379261,155.94379261,https://r.jina.ai/http://push2his.eastmoney.com/api/qt/stock/kline/get?secid=90.BK1137&ut=fa5fd1943c7b386f172d6893dbfba10b&fields1=f1%2Cf2%2Cf3%2Cf4%2Cf5%2Cf6&fields2=f51%2Cf52%2Cf53%2Cf54%2Cf55%2Cf56%2Cf57%2Cf58%2Cf59%2Cf60%2Cf61&klt=101&fqt=0&beg=20251201&end=20260717&lmt=1000&_=20260718140000
2026-05-22,科创50指数,000688.SH,1.000688,1764.17,1790.74,1797.65,1747.14,1790.77,26.6,1.51,17603919,162025307223,2.86,2.51,33.22199078,133.22199078,https://r.jina.ai/http://push2his.eastmoney.com/api/qt/stock/kline/get?secid=1.000688&ut=fa5fd1943c7b386f172d6893dbfba10b&fields1=f1%2Cf2%2Cf3%2Cf4%2Cf5%2Cf6&fields2=f51%2Cf52%2Cf53%2Cf54%2Cf55%2Cf56%2Cf57%2Cf58%2Cf59%2Cf60%2Cf61&klt=101&fqt=0&beg=20251201&end=20260717&lmt=1000&_=20260718140000
2026-05-25,CPO概念,BK1128,90.BK1128,9664.25,9767.57,10008.28,9618.8,10005.95,341.7,3.54,37506657,326582772811,4.03,4.71,99.86836507,199.86836507,https://r.jina.ai/http://push2his.eastmoney.com/api/qt/stock/kline/get?secid=90.BK1128&ut=fa5fd1943c7b386f172d6893dbfba10b&fields1=f1%2Cf2%2Cf3%2Cf4%2Cf5%2Cf6&fields2=f51%2Cf52%2Cf53%2Cf54%2Cf55%2Cf56%2Cf57%2Cf58%2Cf59%2Cf60%2Cf61&klt=101&fqt=0&beg=20251201&end=20260717&lmt=1000&_=20260718140000
2026-05-25,PCB概念,BK0877,90.BK0877,4412.9,4490.15,4524.1,4429.04,4524.1,111.2,2.52,57580926,284404812852,2.15,5.51,66.06711547,166.06711547,https://r.jina.ai/http://push2his.eastmoney.com/api/qt/stock/kline/get?secid=90.BK0877&ut=fa5fd1943c7b386f172d6893dbfba10b&fields1=f1%2Cf2%2Cf3%2Cf4%2Cf5%2Cf6&fields2=f51%2Cf52%2Cf53%2Cf54%2Cf55%2Cf56%2Cf57%2Cf58%2Cf59%2Cf60%2Cf61&klt=101&fqt=0&beg=20251201&end=20260717&lmt=1000&_=20260718140000
2026-05-25,上证指数,000001.SH,1.000001,4112.9,4126.34,4153.88,4119.8,4152.57,39.67,0.96,615930861,1445655378392.4,0.83,1.27,4.62931234,104.62931234,https://r.jina.ai/http://push2his.eastmoney.com/api/qt/stock/kline/get?secid=1.000001&ut=fa5fd1943c7b386f172d6893dbfba10b&fields1=f1%2Cf2%2Cf3%2Cf4%2Cf5%2Cf6&fields2=f51%2Cf52%2Cf53%2Cf54%2Cf55%2Cf56%2Cf57%2Cf58%2Cf59%2Cf60%2Cf61&klt=101&fqt=0&beg=20251201&end=20260717&lmt=1000&_=20260718140000
2026-05-25,创业板指,399006.SZ,0.399006,3938.5,3974.97,4022.74,3905.69,4021.16,82.66,2.1,240534780,884036421908.69,2.97,4.3,25.53689002,125.53689002,https://r.jina.ai/http://push2his.eastmoney.com/api/qt/stock/kline/get?secid=0.399006&ut=fa5fd1943c7b386f172d6893dbfba10b&fields1=f1%2Cf2%2Cf3%2Cf4%2Cf5%2Cf6&fields2=f51%2Cf52%2Cf53%2Cf54%2Cf55%2Cf56%2Cf57%2Cf58%2Cf59%2Cf60%2Cf61&klt=101&fqt=0&beg=20251201&end=20260717&lmt=1000&_=20260718140000
2026-05-25,半导体材料设备指数,931743.CSI,2.931743,8611.27,8511.72,9241.03,8283.61,9089.06,477.79,5.55,13003757,128550201875,11.12,7.59,76.5147072,176.5147072,https://r.jina.ai/http://push2his.eastmoney.com/api/qt/stock/kline/get?secid=2.931743&ut=fa5fd1943c7b386f172d6893dbfba10b&fields1=f1%2Cf2%2Cf3%2Cf4%2Cf5%2Cf6&fields2=f51%2Cf52%2Cf53%2Cf54%2Cf55%2Cf56%2Cf57%2Cf58%2Cf59%2Cf60%2Cf61&klt=101&fqt=0&beg=20251201&end=20260717&lmt=1000&_=20260718140000
2026-05-25,存储芯片概念,BK1137,90.BK1137,3147.32,3161,3295.21,3123.99,3284.74,137.42,4.37,58309427,432738850959,5.44,6.92,62.75269542,162.75269542,https://r.jina.ai/http://push2his.eastmoney.com/api/qt/stock/kline/get?secid=90.BK1137&ut=fa5fd1943c7b386f172d6893dbfba10b&fields1=f1%2Cf2%2Cf3%2Cf4%2Cf5%2Cf6&fields2=f51%2Cf52%2Cf53%2Cf54%2Cf55%2Cf56%2Cf57%2Cf58%2Cf59%2Cf60%2Cf61&klt=101&fqt=0&beg=20251201&end=20260717&lmt=1000&_=20260718140000
2026-05-25,科创50指数,000688.SH,1.000688,1790.77,1791.67,1899.97,1774.19,1896.04,105.27,5.88,21497937,221953931473,7.02,3.07,41.05341467,141.05341467,https://r.jina.ai/http://push2his.eastmoney.com/api/qt/stock/kline/get?secid=1.000688&ut=fa5fd1943c7b386f172d6893dbfba10b&fields1=f1%2Cf2%2Cf3%2Cf4%2Cf5%2Cf6&fields2=f51%2Cf52%2Cf53%2Cf54%2Cf55%2Cf56%2Cf57%2Cf58%2Cf59%2Cf60%2Cf61&klt=101&fqt=0&beg=20251201&end=20260717&lmt=1000&_=20260718140000
2026-05-26,CPO概念,BK1128,90.BK1128,10005.95,9932.15,9938.8,9606.44,9796.59,-209.36,-2.09,42507629,334402688738,3.32,5.33,95.68640924,195.68640924,https://r.jina.ai/http://push2his.eastmoney.com/api/qt/stock/kline/get?secid=90.BK1128&ut=fa5fd1943c7b386f172d6893dbfba10b&fields1=f1%2Cf2%2Cf3%2Cf4%2Cf5%2Cf6&fields2=f51%2Cf52%2Cf53%2Cf54%2Cf55%2Cf56%2Cf57%2Cf58%2Cf59%2Cf60%2Cf61&klt=101&fqt=0&beg=20251201&end=20260717&lmt=1000&_=20260718140000
2026-05-26,PCB概念,BK0877,90.BK0877,4524.1,4492.19,4529.28,4417.89,4525.53,1.43,0.03,63557786,305336045735,2.46,6.08,66.11960679,166.11960679,https://r.jina.ai/http://push2his.eastmoney.com/api/qt/stock/kline/get?secid=90.BK0877&ut=fa5fd1943c7b386f172d6893dbfba10b&fields1=f1%2Cf2%2Cf3%2Cf4%2Cf5%2Cf6&fields2=f51%2Cf52%2Cf53%2Cf54%2Cf55%2Cf56%2Cf57%2Cf58%2Cf59%2Cf60%2Cf61&klt=101&fqt=0&beg=20251201&end=20260717&lmt=1000&_=20260718140000
2026-05-26,上证指数,000001.SH,1.000001,4152.57,4137.32,4150.29,4104.46,4145.37,-7.2,-0.17,654777756,1461685377747.7,1.1,1.35,4.44789913,104.44789913,https://r.jina.ai/http://push2his.eastmoney.com/api/qt/stock/kline/get?secid=1.000001&ut=fa5fd1943c7b386f172d6893dbfba10b&fields1=f1%2Cf2%2Cf3%2Cf4%2Cf5%2Cf6&fields2=f51%2Cf52%2Cf53%2Cf54%2Cf55%2Cf56%2Cf57%2Cf58%2Cf59%2Cf60%2Cf61&klt=101&fqt=0&beg=20251201&end=20260717&lmt=1000&_=20260718140000
2026-05-26,创业板指,399006.SZ,0.399006,4021.16,4003.13,4057.37,3985.51,4043.07,21.91,0.54,237035136,842366690267.45,1.79,4.24,26.22089992,126.22089992,https://r.jina.ai/http://push2his.eastmoney.com/api/qt/stock/kline/get?secid=0.399006&ut=fa5fd1943c7b386f172d6893dbfba10b&fields1=f1%2Cf2%2Cf3%2Cf4%2Cf5%2Cf6&fields2=f51%2Cf52%2Cf53%2Cf54%2Cf55%2Cf56%2Cf57%2Cf58%2Cf59%2Cf60%2Cf61&klt=101&fqt=0&beg=20251201&end=20260717&lmt=1000&_=20260718140000
2026-05-26,半导体材料设备指数,931743.CSI,2.931743,9089.06,8998.73,8998.73,8567.49,8818.18,-270.88,-2.98,10753260,105778183968,4.74,6.28,71.25406375,171.25406375,https://r.jina.ai/http://push2his.eastmoney.com/api/qt/stock/kline/get?secid=2.931743&ut=fa5fd1943c7b386f172d6893dbfba10b&fields1=f1%2Cf2%2Cf3%2Cf4%2Cf5%2Cf6&fields2=f51%2Cf52%2Cf53%2Cf54%2Cf55%2Cf56%2Cf57%2Cf58%2Cf59%2Cf60%2Cf61&klt=101&fqt=0&beg=20251201&end=20260717&lmt=1000&_=20260718140000
2026-05-26,存储芯片概念,BK1137,90.BK1137,3284.74,3274.77,3274.77,3138.54,3212.59,-72.15,-2.2,61587969,426782140350,4.15,7.31,59.17779848,159.17779848,https://r.jina.ai/http://push2his.eastmoney.com/api/qt/stock/kline/get?secid=90.BK1137&ut=fa5fd1943c7b386f172d6893dbfba10b&fields1=f1%2Cf2%2Cf3%2Cf4%2Cf5%2Cf6&fields2=f51%2Cf52%2Cf53%2Cf54%2Cf55%2Cf56%2Cf57%2Cf58%2Cf59%2Cf60%2Cf61&klt=101&fqt=0&beg=20251201&end=20260717&lmt=1000&_=20260718140000
2026-05-26,科创50指数,000688.SH,1.000688,1896.04,1877.39,1880.65,1824.32,1867.71,-28.33,-1.49,19408885,193152885293,2.97,2.77,38.94584139,138.94584139,https://r.jina.ai/http://push2his.eastmoney.com/api/qt/stock/kline/get?secid=1.000688&ut=fa5fd1943c7b386f172d6893dbfba10b&fields1=f1%2Cf2%2Cf3%2Cf4%2Cf5%2Cf6&fields2=f51%2Cf52%2Cf53%2Cf54%2Cf55%2Cf56%2Cf57%2Cf58%2Cf59%2Cf60%2Cf61&klt=101&fqt=0&beg=20251201&end=20260717&lmt=1000&_=20260718140000
2026-05-27,CPO概念,BK1128,90.BK1128,9796.59,9775.7,9952.09,9549.93,9620.55,-176.04,-1.8,47259239,346490177457,4.11,5.93,92.1700188,192.1700188,https://r.jina.ai/http://push2his.eastmoney.com/api/qt/stock/kline/get?secid=90.BK1128&ut=fa5fd1943c7b386f172d6893dbfba10b&fields1=f1%2Cf2%2Cf3%2Cf4%2Cf5%2Cf6&fields2=f51%2Cf52%2Cf53%2Cf54%2Cf55%2Cf56%2Cf57%2Cf58%2Cf59%2Cf60%2Cf61&klt=101&fqt=0&beg=20251201&end=20260717&lmt=1000&_=20260718140000
2026-05-27,PCB概念,BK0877,90.BK0877,4525.53,4520.07,4544.61,4385.52,4432.51,-93.02,-2.06,57307265,285535145603,3.52,5.48,62.70510157,162.70510157,https://r.jina.ai/http://push2his.eastmoney.com/api/qt/stock/kline/get?secid=90.BK0877&ut=fa5fd1943c7b386f172d6893dbfba10b&fields1=f1%2Cf2%2Cf3%2Cf4%2Cf5%2Cf6&fields2=f51%2Cf52%2Cf53%2Cf54%2Cf55%2Cf56%2Cf57%2Cf58%2Cf59%2Cf60%2Cf61&klt=101&fqt=0&beg=20251201&end=20260717&lmt=1000&_=20260718140000
2026-05-27,上证指数,000001.SH,1.000001,4145.37,4138.81,4153.56,4077.62,4093.73,-51.64,-1.25,660467399,1473449050997.9,1.83,1.37,3.14676329,103.14676329,https://r.jina.ai/http://push2his.eastmoney.com/api/qt/stock/kline/get?secid=1.000001&ut=fa5fd1943c7b386f172d6893dbfba10b&fields1=f1%2Cf2%2Cf3%2Cf4%2Cf5%2Cf6&fields2=f51%2Cf52%2Cf53%2Cf54%2Cf55%2Cf56%2Cf57%2Cf58%2Cf59%2Cf60%2Cf61&klt=101&fqt=0&beg=20251201&end=20260717&lmt=1000&_=20260718140000
2026-05-27,创业板指,399006.SZ,0.399006,4043.07,4053.68,4148.23,4015.65,4045.77,2.7,0.07,232890885,839664812553.11,3.28,4.16,26.30519142,126.30519142,https://r.jina.ai/http://push2his.eastmoney.com/api/qt/stock/kline/get?secid=0.399006&ut=fa5fd1943c7b386f172d6893dbfba10b&fields1=f1%2Cf2%2Cf3%2Cf4%2Cf5%2Cf6&fields2=f51%2Cf52%2Cf53%2Cf54%2Cf55%2Cf56%2Cf57%2Cf58%2Cf59%2Cf60%2Cf61&klt=101&fqt=0&beg=20251201&end=20260717&lmt=1000&_=20260718140000
2026-05-27,半导体材料设备指数,931743.CSI,2.931743,8818.18,8836.43,8990.42,8469.45,8501.62,-316.56,-3.59,11199660,106684935441,5.91,6.54,65.10628877,165.10628877,https://r.jina.ai/http://push2his.eastmoney.com/api/qt/stock/kline/get?secid=2.931743&ut=fa5fd1943c7b386f172d6893dbfba10b&fields1=f1%2Cf2%2Cf3%2Cf4%2Cf5%2Cf6&fields2=f51%2Cf52%2Cf53%2Cf54%2Cf55%2Cf56%2Cf57%2Cf58%2Cf59%2Cf60%2Cf61&klt=101&fqt=0&beg=20251201&end=20260717&lmt=1000&_=20260718140000
2026-05-27,存储芯片概念,BK1137,90.BK1137,3212.59,3248.27,3277.49,3137.79,3152.3,-60.29,-1.88,69723731,457444824723,4.35,8.28,56.19054225,156.19054225,https://r.jina.ai/http://push2his.eastmoney.com/api/qt/stock/kline/get?secid=90.BK1137&ut=fa5fd1943c7b386f172d6893dbfba10b&fields1=f1%2Cf2%2Cf3%2Cf4%2Cf5%2Cf6&fields2=f51%2Cf52%2Cf53%2Cf54%2Cf55%2Cf56%2Cf57%2Cf58%2Cf59%2Cf60%2Cf61&klt=101&fqt=0&beg=20251201&end=20260717&lmt=1000&_=20260718140000
2026-05-27,科创50指数,000688.SH,1.000688,1867.71,1875.42,1901.97,1809.7,1815.45,-52.26,-2.8,21609699,192835609775,4.94,3.08,35.05802708,135.05802708,https://r.jina.ai/http://push2his.eastmoney.com/api/qt/stock/kline/get?secid=1.000688&ut=fa5fd1943c7b386f172d6893dbfba10b&fields1=f1%2Cf2%2Cf3%2Cf4%2Cf5%2Cf6&fields2=f51%2Cf52%2Cf53%2Cf54%2Cf55%2Cf56%2Cf57%2Cf58%2Cf59%2Cf60%2Cf61&klt=101&fqt=0&beg=20251201&end=20260717&lmt=1000&_=20260718140000
2026-05-28,CPO概念,BK1128,90.BK1128,9620.55,9561.22,10031.66,9449.6,9994.05,373.5,3.88,43938216,332317802946,6.05,5.51,99.63066315,199.63066315,https://r.jina.ai/http://push2his.eastmoney.com/api/qt/stock/kline/get?secid=90.BK1128&ut=fa5fd1943c7b386f172d6893dbfba10b&fields1=f1%2Cf2%2Cf3%2Cf4%2Cf5%2Cf6&fields2=f51%2Cf52%2Cf53%2Cf54%2Cf55%2Cf56%2Cf57%2Cf58%2Cf59%2Cf60%2Cf61&klt=101&fqt=0&beg=20251201&end=20260717&lmt=1000&_=20260718140000
2026-05-28,PCB概念,BK0877,90.BK0877,4432.51,4396.7,4604.05,4396.7,4593.58,161.07,3.63,56258745,271532878369,4.68,5.38,68.61753283,168.61753283,https://r.jina.ai/http://push2his.eastmoney.com/api/qt/stock/kline/get?secid=90.BK0877&ut=fa5fd1943c7b386f172d6893dbfba10b&fields1=f1%2Cf2%2Cf3%2Cf4%2Cf5%2Cf6&fields2=f51%2Cf52%2Cf53%2Cf54%2Cf55%2Cf56%2Cf57%2Cf58%2Cf59%2Cf60%2Cf61&klt=101&fqt=0&beg=20251201&end=20260717&lmt=1000&_=20260718140000
2026-05-28,上证指数,000001.SH,1.000001,4093.73,4080.3,4110.78,4055.83,4098.64,4.91,0.12,621179950,1361325732878.4,1.34,1.28,3.27047702,103.27047702,https://r.jina.ai/http://push2his.eastmoney.com/api/qt/stock/kline/get?secid=1.000001&ut=fa5fd1943c7b386f172d6893dbfba10b&fields1=f1%2Cf2%2Cf3%2Cf4%2Cf5%2Cf6&fields2=f51%2Cf52%2Cf53%2Cf54%2Cf55%2Cf56%2Cf57%2Cf58%2Cf59%2Cf60%2Cf61&klt=101&fqt=0&beg=20251201&end=20260717&lmt=1000&_=20260718140000
2026-05-28,创业板指,399006.SZ,0.399006,4045.77,4042.08,4135.38,3971.72,4125.07,79.3,1.96,215603170,773326778436.31,4.05,3.85,28.78086396,128.78086396,https://r.jina.ai/http://push2his.eastmoney.com/api/qt/stock/kline/get?secid=0.399006&ut=fa5fd1943c7b386f172d6893dbfba10b&fields1=f1%2Cf2%2Cf3%2Cf4%2Cf5%2Cf6&fields2=f51%2Cf52%2Cf53%2Cf54%2Cf55%2Cf56%2Cf57%2Cf58%2Cf59%2Cf60%2Cf61&klt=101&fqt=0&beg=20251201&end=20260717&lmt=1000&_=20260718140000
2026-05-28,半导体材料设备指数,931743.CSI,2.931743,8501.62,8445.87,8660.46,8339.61,8621.91,120.29,1.41,12112094,99151410004,3.77,7.07,67.44238889,167.44238889,https://r.jina.ai/http://push2his.eastmoney.com/api/qt/stock/kline/get?secid=2.931743&ut=fa5fd1943c7b386f172d6893dbfba10b&fields1=f1%2Cf2%2Cf3%2Cf4%2Cf5%2Cf6&fields2=f51%2Cf52%2Cf53%2Cf54%2Cf55%2Cf56%2Cf57%2Cf58%2Cf59%2Cf60%2Cf61&klt=101&fqt=0&beg=20251201&end=20260717&lmt=1000&_=20260718140000
2026-05-28,存储芯片概念,BK1137,90.BK1137,3152.3,3124.65,3241.52,3099.79,3231.31,79.01,2.51,61659609,384955749663,4.5,7.32,60.10533931,160.10533931,https://r.jina.ai/http://push2his.eastmoney.com/api/qt/stock/kline/get?secid=90.BK1137&ut=fa5fd1943c7b386f172d6893dbfba10b&fields1=f1%2Cf2%2Cf3%2Cf4%2Cf5%2Cf6&fields2=f51%2Cf52%2Cf53%2Cf54%2Cf55%2Cf56%2Cf57%2Cf58%2Cf59%2Cf60%2Cf61&klt=101&fqt=0&beg=20251201&end=20260717&lmt=1000&_=20260718140000
2026-05-28,科创50指数,000688.SH,1.000688,1815.45,1805.11,1854.52,1796.04,1844.25,28.8,1.59,21540080,177051079006,3.22,3.07,37.20056539,137.20056539,https://r.jina.ai/http://push2his.eastmoney.com/api/qt/stock/kline/get?secid=1.000688&ut=fa5fd1943c7b386f172d6893dbfba10b&fields1=f1%2Cf2%2Cf3%2Cf4%2Cf5%2Cf6&fields2=f51%2Cf52%2Cf53%2Cf54%2Cf55%2Cf56%2Cf57%2Cf58%2Cf59%2Cf60%2Cf61&klt=101&fqt=0&beg=20251201&end=20260717&lmt=1000&_=20260718140000
2026-05-29,CPO概念,BK1128,90.BK1128,9994.05,10089.56,10141.47,9568.53,9669.71,-324.34,-3.25,49496170,386421298014,5.73,6.21,93.15198741,193.15198741,https://r.jina.ai/http://push2his.eastmoney.com/api/qt/stock/kline/get?secid=90.BK1128&ut=fa5fd1943c7b386f172d6893dbfba10b&fields1=f1%2Cf2%2Cf3%2Cf4%2Cf5%2Cf6&fields2=f51%2Cf52%2Cf53%2Cf54%2Cf55%2Cf56%2Cf57%2Cf58%2Cf59%2Cf60%2Cf61&klt=101&fqt=0&beg=20251201&end=20260717&lmt=1000&_=20260718140000
2026-05-29,PCB概念,BK0877,90.BK0877,4593.58,4606.38,4652,4394.9,4433.52,-160.06,-3.48,63636754,296935821594,5.6,6.09,62.74217586,162.74217586,https://r.jina.ai/http://push2his.eastmoney.com/api/qt/stock/kline/get?secid=90.BK0877&ut=fa5fd1943c7b386f172d6893dbfba10b&fields1=f1%2Cf2%2Cf3%2Cf4%2Cf5%2Cf6&fields2=f51%2Cf52%2Cf53%2Cf54%2Cf55%2Cf56%2Cf57%2Cf58%2Cf59%2Cf60%2Cf61&klt=101&fqt=0&beg=20251201&end=20260717&lmt=1000&_=20260718140000
2026-05-29,上证指数,000001.SH,1.000001,4098.64,4110.52,4112.96,4055.89,4068.57,-30.07,-0.73,731597710,1532067352981.8,1.39,1.51,2.51282491,102.51282491,https://r.jina.ai/http://push2his.eastmoney.com/api/qt/stock/kline/get?secid=1.000001&ut=fa5fd1943c7b386f172d6893dbfba10b&fields1=f1%2Cf2%2Cf3%2Cf4%2Cf5%2Cf6&fields2=f51%2Cf52%2Cf53%2Cf54%2Cf55%2Cf56%2Cf57%2Cf58%2Cf59%2Cf60%2Cf61&klt=101&fqt=0&beg=20251201&end=20260717&lmt=1000&_=20260718140000
2026-05-29,创业板指,399006.SZ,0.399006,4125.07,4141.91,4158.69,4010.12,4037.95,-87.12,-2.11,242059262,855661852309.05,3.6,4.33,26.06105826,126.06105826,https://r.jina.ai/http://push2his.eastmoney.com/api/qt/stock/kline/get?secid=0.399006&ut=fa5fd1943c7b386f172d6893dbfba10b&fields1=f1%2Cf2%2Cf3%2Cf4%2Cf5%2Cf6&fields2=f51%2Cf52%2Cf53%2Cf54%2Cf55%2Cf56%2Cf57%2Cf58%2Cf59%2Cf60%2Cf61&klt=101&fqt=0&beg=20251201&end=20260717&lmt=1000&_=20260718140000
2026-05-29,半导体材料设备指数,931743.CSI,2.931743,8621.91,8654.55,8662.28,8007.55,8132.09,-489.82,-5.68,12303862,99965497702,7.59,7.19,57.9298063,157.9298063,https://r.jina.ai/http://push2his.eastmoney.com/api/qt/stock/kline/get?secid=2.931743&ut=fa5fd1943c7b386f172d6893dbfba10b&fields1=f1%2Cf2%2Cf3%2Cf4%2Cf5%2Cf6&fields2=f51%2Cf52%2Cf53%2Cf54%2Cf55%2Cf56%2Cf57%2Cf58%2Cf59%2Cf60%2Cf61&klt=101&fqt=0&beg=20251201&end=20260717&lmt=1000&_=20260718140000
2026-05-29,存储芯片概念,BK1137,90.BK1137,3231.31,3248.89,3252.61,3032.19,3061.9,-169.41,-5.24,62151994,396955617721,6.82,7.38,51.7113921,151.7113921,https://r.jina.ai/http://push2his.eastmoney.com/api/qt/stock/kline/get?secid=90.BK1137&ut=fa5fd1943c7b386f172d6893dbfba10b&fields1=f1%2Cf2%2Cf3%2Cf4%2Cf5%2Cf6&fields2=f51%2Cf52%2Cf53%2Cf54%2Cf55%2Cf56%2Cf57%2Cf58%2Cf59%2Cf60%2Cf61&klt=101&fqt=0&beg=20251201&end=20260717&lmt=1000&_=20260718140000
2026-05-29,科创50指数,000688.SH,1.000688,1844.25,1850.27,1855.26,1727.62,1751.32,-92.93,-5.04,23431374,182139564470,6.92,3.34,30.28715965,130.28715965,https://r.jina.ai/http://push2his.eastmoney.com/api/qt/stock/kline/get?secid=1.000688&ut=fa5fd1943c7b386f172d6893dbfba10b&fields1=f1%2Cf2%2Cf3%2Cf4%2Cf5%2Cf6&fields2=f51%2Cf52%2Cf53%2Cf54%2Cf55%2Cf56%2Cf57%2Cf58%2Cf59%2Cf60%2Cf61&klt=101&fqt=0&beg=20251201&end=20260717&lmt=1000&_=20260718140000
2026-06-01,CPO概念,BK1128,90.BK1128,9669.71,9638.7,9708.91,9232.34,9244.49,-425.22,-4.4,39868514,310775588957,4.93,5,84.65823857,184.65823857,https://r.jina.ai/http://push2his.eastmoney.com/api/qt/stock/kline/get?secid=90.BK1128&ut=fa5fd1943c7b386f172d6893dbfba10b&fields1=f1%2Cf2%2Cf3%2Cf4%2Cf5%2Cf6&fields2=f51%2Cf52%2Cf53%2Cf54%2Cf55%2Cf56%2Cf57%2Cf58%2Cf59%2Cf60%2Cf61&klt=101&fqt=0&beg=20251201&end=20260717&lmt=1000&_=20260718140000
2026-06-01,PCB概念,BK0877,90.BK0877,4433.52,4420.13,4472.34,4304.52,4313.04,-120.48,-2.72,55862832,271942827516,3.79,5.34,58.31969048,158.31969048,https://r.jina.ai/http://push2his.eastmoney.com/api/qt/stock/kline/get?secid=90.BK0877&ut=fa5fd1943c7b386f172d6893dbfba10b&fields1=f1%2Cf2%2Cf3%2Cf4%2Cf5%2Cf6&fields2=f51%2Cf52%2Cf53%2Cf54%2Cf55%2Cf56%2Cf57%2Cf58%2Cf59%2Cf60%2Cf61&klt=101&fqt=0&beg=20251201&end=20260717&lmt=1000&_=20260718140000
2026-06-01,上证指数,000001.SH,1.000001,4068.57,4067.16,4093.04,4045.69,4057.74,-10.83,-0.27,676025806,1319801913950.9,1.16,1.4,2.2399492,102.2399492,https://r.jina.ai/http://push2his.eastmoney.com/api/qt/stock/kline/get?secid=1.000001&ut=fa5fd1943c7b386f172d6893dbfba10b&fields1=f1%2Cf2%2Cf3%2Cf4%2Cf5%2Cf6&fields2=f51%2Cf52%2Cf53%2Cf54%2Cf55%2Cf56%2Cf57%2Cf58%2Cf59%2Cf60%2Cf61&klt=101&fqt=0&beg=20251201&end=20260717&lmt=1000&_=20260718140000
2026-06-01,创业板指,399006.SZ,0.399006,4037.95,4057.39,4081.42,3942.68,3950.94,-87.01,-2.15,220530339,734554750936.17,3.44,3.94,23.34468667,123.34468667,https://r.jina.ai/http://push2his.eastmoney.com/api/qt/stock/kline/get?secid=0.399006&ut=fa5fd1943c7b386f172d6893dbfba10b&fields1=f1%2Cf2%2Cf3%2Cf4%2Cf5%2Cf6&fields2=f51%2Cf52%2Cf53%2Cf54%2Cf55%2Cf56%2Cf57%2Cf58%2Cf59%2Cf60%2Cf61&klt=101&fqt=0&beg=20251201&end=20260717&lmt=1000&_=20260718140000
2026-06-01,半导体材料设备指数,931743.CSI,2.931743,8132.09,8075.8,8127.93,7683.79,7700.49,-431.6,-5.31,8803480,80147958014,5.46,5.14,49.54788918,149.54788918,https://r.jina.ai/http://push2his.eastmoney.com/api/qt/stock/kline/get?secid=2.931743&ut=fa5fd1943c7b386f172d6893dbfba10b&fields1=f1%2Cf2%2Cf3%2Cf4%2Cf5%2Cf6&fields2=f51%2Cf52%2Cf53%2Cf54%2Cf55%2Cf56%2Cf57%2Cf58%2Cf59%2Cf60%2Cf61&klt=101&fqt=0&beg=20251201&end=20260717&lmt=1000&_=20260718140000
2026-06-01,存储芯片概念,BK1137,90.BK1137,3061.9,3060.42,3088.93,2955.11,2958.13,-103.77,-3.39,50994173,334355558936,4.37,6.05,46.56978357,146.56978357,https://r.jina.ai/http://push2his.eastmoney.com/api/qt/stock/kline/get?secid=90.BK1137&ut=fa5fd1943c7b386f172d6893dbfba10b&fields1=f1%2Cf2%2Cf3%2Cf4%2Cf5%2Cf6&fields2=f51%2Cf52%2Cf53%2Cf54%2Cf55%2Cf56%2Cf57%2Cf58%2Cf59%2Cf60%2Cf61&klt=101&fqt=0&beg=20251201&end=20260717&lmt=1000&_=20260718140000
2026-06-01,科创50指数,000688.SH,1.000688,1751.32,1751.23,1753.02,1662.82,1663.69,-87.63,-5,16941834,149900665084,5.15,2.42,23.76804047,123.76804047,https://r.jina.ai/http://push2his.eastmoney.com/api/qt/stock/kline/get?secid=1.000688&ut=fa5fd1943c7b386f172d6893dbfba10b&fields1=f1%2Cf2%2Cf3%2Cf4%2Cf5%2Cf6&fields2=f51%2Cf52%2Cf53%2Cf54%2Cf55%2Cf56%2Cf57%2Cf58%2Cf59%2Cf60%2Cf61&klt=101&fqt=0&beg=20251201&end=20260717&lmt=1000&_=20260718140000
2026-06-02,CPO概念,BK1128,90.BK1128,9244.49,9322.45,9719.24,9185.23,9680.8,436.31,4.72,40415287,335274975341,5.78,5.07,93.37350962,193.37350962,https://r.jina.ai/http://push2his.eastmoney.com/api/qt/stock/kline/get?secid=90.BK1128&ut=fa5fd1943c7b386f172d6893dbfba10b&fields1=f1%2Cf2%2Cf3%2Cf4%2Cf5%2Cf6&fields2=f51%2Cf52%2Cf53%2Cf54%2Cf55%2Cf56%2Cf57%2Cf58%2Cf59%2Cf60%2Cf61&klt=101&fqt=0&beg=20251201&end=20260717&lmt=1000&_=20260718140000
2026-06-02,PCB概念,BK0877,90.BK0877,4313.04,4307.4,4426.4,4229.52,4413.39,100.35,2.33,53101896,256444525584,4.56,5.08,62.0032596,162.0032596,https://r.jina.ai/http://push2his.eastmoney.com/api/qt/stock/kline/get?secid=90.BK0877&ut=fa5fd1943c7b386f172d6893dbfba10b&fields1=f1%2Cf2%2Cf3%2Cf4%2Cf5%2Cf6&fields2=f51%2Cf52%2Cf53%2Cf54%2Cf55%2Cf56%2Cf57%2Cf58%2Cf59%2Cf60%2Cf61&klt=101&fqt=0&beg=20251201&end=20260717&lmt=1000&_=20260718140000
2026-06-02,上证指数,000001.SH,1.000001,4057.74,4061.46,4089.57,4032.58,4075.1,17.36,0.43,642244656,1280966176160.9,1.4,1.33,2.67735661,102.67735661,https://r.jina.ai/http://push2his.eastmoney.com/api/qt/stock/kline/get?secid=1.000001&ut=fa5fd1943c7b386f172d6893dbfba10b&fields1=f1%2Cf2%2Cf3%2Cf4%2Cf5%2Cf6&fields2=f51%2Cf52%2Cf53%2Cf54%2Cf55%2Cf56%2Cf57%2Cf58%2Cf59%2Cf60%2Cf61&klt=101&fqt=0&beg=20251201&end=20260717&lmt=1000&_=20260718140000
2026-06-02,创业板指,399006.SZ,0.399006,3950.94,3987.41,4083.92,3946.11,4055.87,104.93,2.66,213338428,719949090250.64,3.49,3.81,26.62050406,126.62050406,https://r.jina.ai/http://push2his.eastmoney.com/api/qt/stock/kline/get?secid=0.399006&ut=fa5fd1943c7b386f172d6893dbfba10b&fields1=f1%2Cf2%2Cf3%2Cf4%2Cf5%2Cf6&fields2=f51%2Cf52%2Cf53%2Cf54%2Cf55%2Cf56%2Cf57%2Cf58%2Cf59%2Cf60%2Cf61&klt=101&fqt=0&beg=20251201&end=20260717&lmt=1000&_=20260718140000
2026-06-02,半导体材料设备指数,931743.CSI,2.931743,7700.49,7755.12,7970.12,7621.44,7839.98,139.49,1.81,8224161,74863254323,4.53,4.8,52.2568642,152.2568642,https://r.jina.ai/http://push2his.eastmoney.com/api/qt/stock/kline/get?secid=2.931743&ut=fa5fd1943c7b386f172d6893dbfba10b&fields1=f1%2Cf2%2Cf3%2Cf4%2Cf5%2Cf6&fields2=f51%2Cf52%2Cf53%2Cf54%2Cf55%2Cf56%2Cf57%2Cf58%2Cf59%2Cf60%2Cf61&klt=101&fqt=0&beg=20251201&end=20260717&lmt=1000&_=20260718140000
2026-06-02,存储芯片概念,BK1137,90.BK1137,2958.13,2968.64,3034.1,2898.23,2997.35,39.22,1.33,49461602,303343918402,4.59,5.87,48.51306088,148.51306088,https://r.jina.ai/http://push2his.eastmoney.com/api/qt/stock/kline/get?secid=90.BK1137&ut=fa5fd1943c7b386f172d6893dbfba10b&fields1=f1%2Cf2%2Cf3%2Cf4%2Cf5%2Cf6&fields2=f51%2Cf52%2Cf53%2Cf54%2Cf55%2Cf56%2Cf57%2Cf58%2Cf59%2Cf60%2Cf61&klt=101&fqt=0&beg=20251201&end=20260717&lmt=1000&_=20260718140000
2026-06-02,科创50指数,000688.SH,1.000688,1663.69,1676.31,1710.98,1641.17,1690.56,26.87,1.62,15576220,133709243864,4.2,2.22,25.76699896,125.76699896,https://r.jina.ai/http://push2his.eastmoney.com/api/qt/stock/kline/get?secid=1.000688&ut=fa5fd1943c7b386f172d6893dbfba10b&fields1=f1%2Cf2%2Cf3%2Cf4%2Cf5%2Cf6&fields2=f51%2Cf52%2Cf53%2Cf54%2Cf55%2Cf56%2Cf57%2Cf58%2Cf59%2Cf60%2Cf61&klt=101&fqt=0&beg=20251201&end=20260717&lmt=1000&_=20260718140000
2026-06-03,CPO概念,BK1128,90.BK1128,9680.8,9903.91,10341.69,9830.51,10019.1,338.3,3.49,49057441,418466521546,5.28,6.16,100.13103568,200.13103568,https://r.jina.ai/http://push2his.eastmoney.com/api/qt/stock/kline/get?secid=90.BK1128&ut=fa5fd1943c7b386f172d6893dbfba10b&fields1=f1%2Cf2%2Cf3%2Cf4%2Cf5%2Cf6&fields2=f51%2Cf52%2Cf53%2Cf54%2Cf55%2Cf56%2Cf57%2Cf58%2Cf59%2Cf60%2Cf61&klt=101&fqt=0&beg=20251201&end=20260717&lmt=1000&_=20260718140000
2026-06-03,PCB概念,BK0877,90.BK0877,4413.39,4409.34,4532.51,4363.09,4430.46,17.07,0.39,64661042,307033814448,3.84,6.19,62.62985178,162.62985178,https://r.jina.ai/http://push2his.eastmoney.com/api/qt/stock/kline/get?secid=90.BK0877&ut=fa5fd1943c7b386f172d6893dbfba10b&fields1=f1%2Cf2%2Cf3%2Cf4%2Cf5%2Cf6&fields2=f51%2Cf52%2Cf53%2Cf54%2Cf55%2Cf56%2Cf57%2Cf58%2Cf59%2Cf60%2Cf61&klt=101&fqt=0&beg=20251201&end=20260717&lmt=1000&_=20260718140000
2026-06-03,上证指数,000001.SH,1.000001,4075.1,4068.34,4107.05,4059.91,4083.97,8.87,0.22,668452583,1429755844607.8,1.16,1.38,2.9008476,102.9008476,https://r.jina.ai/http://push2his.eastmoney.com/api/qt/stock/kline/get?secid=1.000001&ut=fa5fd1943c7b386f172d6893dbfba10b&fields1=f1%2Cf2%2Cf3%2Cf4%2Cf5%2Cf6&fields2=f51%2Cf52%2Cf53%2Cf54%2Cf55%2Cf56%2Cf57%2Cf58%2Cf59%2Cf60%2Cf61&klt=101&fqt=0&beg=20251201&end=20260717&lmt=1000&_=20260718140000
2026-06-03,创业板指,399006.SZ,0.399006,4055.87,4089.02,4218.33,4063.2,4122.99,67.12,1.65,228810025,809214409169.05,3.82,4.09,28.71592828,128.71592828,https://r.jina.ai/http://push2his.eastmoney.com/api/qt/stock/kline/get?secid=0.399006&ut=fa5fd1943c7b386f172d6893dbfba10b&fields1=f1%2Cf2%2Cf3%2Cf4%2Cf5%2Cf6&fields2=f51%2Cf52%2Cf53%2Cf54%2Cf55%2Cf56%2Cf57%2Cf58%2Cf59%2Cf60%2Cf61&klt=101&fqt=0&beg=20251201&end=20260717&lmt=1000&_=20260718140000
2026-06-03,半导体材料设备指数,931743.CSI,2.931743,7839.98,7862.77,8283.87,7862.77,8043.02,203.04,2.59,9955530,92479700082,5.37,5.81,56.20001631,156.20001631,https://r.jina.ai/http://push2his.eastmoney.com/api/qt/stock/kline/get?secid=2.931743&ut=fa5fd1943c7b386f172d6893dbfba10b&fields1=f1%2Cf2%2Cf3%2Cf4%2Cf5%2Cf6&fields2=f51%2Cf52%2Cf53%2Cf54%2Cf55%2Cf56%2Cf57%2Cf58%2Cf59%2Cf60%2Cf61&klt=101&fqt=0&beg=20251201&end=20260717&lmt=1000&_=20260718140000
2026-06-03,存储芯片概念,BK1137,90.BK1137,2997.35,3001.28,3123.22,3001.28,3047.68,50.33,1.68,57326337,367451136281,4.07,6.81,51.00681782,151.00681782,https://r.jina.ai/http://push2his.eastmoney.com/api/qt/stock/kline/get?secid=90.BK1137&ut=fa5fd1943c7b386f172d6893dbfba10b&fields1=f1%2Cf2%2Cf3%2Cf4%2Cf5%2Cf6&fields2=f51%2Cf52%2Cf53%2Cf54%2Cf55%2Cf56%2Cf57%2Cf58%2Cf59%2Cf60%2Cf61&klt=101&fqt=0&beg=20251201&end=20260717&lmt=1000&_=20260718140000
2026-06-03,科创50指数,000688.SH,1.000688,1690.56,1697.66,1776.2,1697.36,1726.18,35.62,2.11,16825554,166311010814,4.66,2.4,28.41690225,128.41690225,https://r.jina.ai/http://push2his.eastmoney.com/api/qt/stock/kline/get?secid=1.000688&ut=fa5fd1943c7b386f172d6893dbfba10b&fields1=f1%2Cf2%2Cf3%2Cf4%2Cf5%2Cf6&fields2=f51%2Cf52%2Cf53%2Cf54%2Cf55%2Cf56%2Cf57%2Cf58%2Cf59%2Cf60%2Cf61&klt=101&fqt=0&beg=20251201&end=20260717&lmt=1000&_=20260718140000
2026-06-04,CPO概念,BK1128,90.BK1128,10019.1,9795.8,10081.52,9795.8,10024.63,5.53,0.06,38003838,307745940666,2.85,4.77,100.24149716,200.24149716,https://r.jina.ai/http://push2his.eastmoney.com/api/qt/stock/kline/get?secid=90.BK1128&ut=fa5fd1943c7b386f172d6893dbfba10b&fields1=f1%2Cf2%2Cf3%2Cf4%2Cf5%2Cf6&fields2=f51%2Cf52%2Cf53%2Cf54%2Cf55%2Cf56%2Cf57%2Cf58%2Cf59%2Cf60%2Cf61&klt=101&fqt=0&beg=20251201&end=20260717&lmt=1000&_=20260718140000
2026-06-04,PCB概念,BK0877,90.BK0877,4430.46,4357.53,4517.93,4357.53,4504.28,73.82,1.67,57473147,269971412800,3.62,5.5,65.33957845,165.33957845,https://r.jina.ai/http://push2his.eastmoney.com/api/qt/stock/kline/get?secid=90.BK0877&ut=fa5fd1943c7b386f172d6893dbfba10b&fields1=f1%2Cf2%2Cf3%2Cf4%2Cf5%2Cf6&fields2=f51%2Cf52%2Cf53%2Cf54%2Cf55%2Cf56%2Cf57%2Cf58%2Cf59%2Cf60%2Cf61&klt=101&fqt=0&beg=20251201&end=20260717&lmt=1000&_=20260718140000
2026-06-04,上证指数,000001.SH,1.000001,4083.97,4053.67,4080.72,4043.43,4057.78,-26.19,-0.64,621194774,1274652182407.1,0.91,1.28,2.24095706,102.24095706,https://r.jina.ai/http://push2his.eastmoney.com/api/qt/stock/kline/get?secid=1.000001&ut=fa5fd1943c7b386f172d6893dbfba10b&fields1=f1%2Cf2%2Cf3%2Cf4%2Cf5%2Cf6&fields2=f51%2Cf52%2Cf53%2Cf54%2Cf55%2Cf56%2Cf57%2Cf58%2Cf59%2Cf60%2Cf61&klt=101&fqt=0&beg=20251201&end=20260717&lmt=1000&_=20260718140000
2026-06-04,创业板指,399006.SZ,0.399006,4122.99,4072.55,4114.24,4051.15,4088.88,-34.11,-0.83,211806748,703241153789.61,1.53,3.79,27.65104568,127.65104568,https://r.jina.ai/http://push2his.eastmoney.com/api/qt/stock/kline/get?secid=0.399006&ut=fa5fd1943c7b386f172d6893dbfba10b&fields1=f1%2Cf2%2Cf3%2Cf4%2Cf5%2Cf6&fields2=f51%2Cf52%2Cf53%2Cf54%2Cf55%2Cf56%2Cf57%2Cf58%2Cf59%2Cf60%2Cf61&klt=101&fqt=0&beg=20251201&end=20260717&lmt=1000&_=20260718140000
2026-06-04,半导体材料设备指数,931743.CSI,2.931743,8043.02,7938.69,8406.94,7934.28,8352.38,309.36,3.85,11150295,88062868808,5.88,6.51,62.20796321,162.20796321,https://r.jina.ai/http://push2his.eastmoney.com/api/qt/stock/kline/get?secid=2.931743&ut=fa5fd1943c7b386f172d6893dbfba10b&fields1=f1%2Cf2%2Cf3%2Cf4%2Cf5%2Cf6&fields2=f51%2Cf52%2Cf53%2Cf54%2Cf55%2Cf56%2Cf57%2Cf58%2Cf59%2Cf60%2Cf61&klt=101&fqt=0&beg=20251201&end=20260717&lmt=1000&_=20260718140000
2026-06-04,存储芯片概念,BK1137,90.BK1137,3047.68,3004.16,3140.31,3004.16,3129.72,82.04,2.69,49261004,342552754205,4.47,5.85,55.07174568,155.07174568,https://r.jina.ai/http://push2his.eastmoney.com/api/qt/stock/kline/get?secid=90.BK1137&ut=fa5fd1943c7b386f172d6893dbfba10b&fields1=f1%2Cf2%2Cf3%2Cf4%2Cf5%2Cf6&fields2=f51%2Cf52%2Cf53%2Cf54%2Cf55%2Cf56%2Cf57%2Cf58%2Cf59%2Cf60%2Cf61&klt=101&fqt=0&beg=20251201&end=20260717&lmt=1000&_=20260718140000
2026-06-04,科创50指数,000688.SH,1.000688,1726.18,1700.31,1759.98,1697.22,1738.06,11.88,0.69,14967701,132618434558,3.64,2.14,29.3006993,129.3006993,https://r.jina.ai/http://push2his.eastmoney.com/api/qt/stock/kline/get?secid=1.000688&ut=fa5fd1943c7b386f172d6893dbfba10b&fields1=f1%2Cf2%2Cf3%2Cf4%2Cf5%2Cf6&fields2=f51%2Cf52%2Cf53%2Cf54%2Cf55%2Cf56%2Cf57%2Cf58%2Cf59%2Cf60%2Cf61&klt=101&fqt=0&beg=20251201&end=20260717&lmt=1000&_=20260718140000
2026-06-05,CPO概念,BK1128,90.BK1128,10024.63,9923.36,10268.23,9734.27,9801.79,-222.84,-2.22,42559618,391168321017,5.33,5.34,95.79027899,195.79027899,https://r.jina.ai/http://push2his.eastmoney.com/api/qt/stock/kline/get?secid=90.BK1128&ut=fa5fd1943c7b386f172d6893dbfba10b&fields1=f1%2Cf2%2Cf3%2Cf4%2Cf5%2Cf6&fields2=f51%2Cf52%2Cf53%2Cf54%2Cf55%2Cf56%2Cf57%2Cf58%2Cf59%2Cf60%2Cf61&klt=101&fqt=0&beg=20251201&end=20260717&lmt=1000&_=20260718140000
2026-06-05,PCB概念,BK0877,90.BK0877,4504.28,4452.8,4585.97,4377.41,4454.91,-49.37,-1.1,58557678,265657750149,4.63,5.6,63.52734321,163.52734321,https://r.jina.ai/http://push2his.eastmoney.com/api/qt/stock/kline/get?secid=90.BK0877&ut=fa5fd1943c7b386f172d6893dbfba10b&fields1=f1%2Cf2%2Cf3%2Cf4%2Cf5%2Cf6&fields2=f51%2Cf52%2Cf53%2Cf54%2Cf55%2Cf56%2Cf57%2Cf58%2Cf59%2Cf60%2Cf61&klt=101&fqt=0&beg=20251201&end=20260717&lmt=1000&_=20260718140000
2026-06-05,上证指数,000001.SH,1.000001,4057.78,4044.83,4078.93,4015.06,4027.74,-30.04,-0.74,662918577,1363887868514.9,1.57,1.37,1.48406083,101.48406083,https://r.jina.ai/http://push2his.eastmoney.com/api/qt/stock/kline/get?secid=1.000001&ut=fa5fd1943c7b386f172d6893dbfba10b&fields1=f1%2Cf2%2Cf3%2Cf4%2Cf5%2Cf6&fields2=f51%2Cf52%2Cf53%2Cf54%2Cf55%2Cf56%2Cf57%2Cf58%2Cf59%2Cf60%2Cf61&klt=101&fqt=0&beg=20251201&end=20260717&lmt=1000&_=20260718140000
2026-06-05,创业板指,399006.SZ,0.399006,4088.88,4079.95,4105.21,3933.07,3957.94,-130.94,-3.2,236781687,821034845640.23,4.21,4.23,23.56322019,123.56322019,https://r.jina.ai/http://push2his.eastmoney.com/api/qt/stock/kline/get?secid=0.399006&ut=fa5fd1943c7b386f172d6893dbfba10b&fields1=f1%2Cf2%2Cf3%2Cf4%2Cf5%2Cf6&fields2=f51%2Cf52%2Cf53%2Cf54%2Cf55%2Cf56%2Cf57%2Cf58%2Cf59%2Cf60%2Cf61&klt=101&fqt=0&beg=20251201&end=20260717&lmt=1000&_=20260718140000
2026-06-05,半导体材料设备指数,931743.CSI,2.931743,8352.38,8196.9,8390.54,8046.53,8094.13,-258.25,-3.09,11184310,86880426607,4.12,6.53,57.19260154,157.19260154,https://r.jina.ai/http://push2his.eastmoney.com/api/qt/stock/kline/get?secid=2.931743&ut=fa5fd1943c7b386f172d6893dbfba10b&fields1=f1%2Cf2%2Cf3%2Cf4%2Cf5%2Cf6&fields2=f51%2Cf52%2Cf53%2Cf54%2Cf55%2Cf56%2Cf57%2Cf58%2Cf59%2Cf60%2Cf61&klt=101&fqt=0&beg=20251201&end=20260717&lmt=1000&_=20260718140000
2026-06-05,存储芯片概念,BK1137,90.BK1137,3129.72,3073.04,3143.33,3029.07,3063.02,-66.7,-2.13,52192706,325772949235,3.65,6.2,51.766886,151.766886,https://r.jina.ai/http://push2his.eastmoney.com/api/qt/stock/kline/get?secid=90.BK1137&ut=fa5fd1943c7b386f172d6893dbfba10b&fields1=f1%2Cf2%2Cf3%2Cf4%2Cf5%2Cf6&fields2=f51%2Cf52%2Cf53%2Cf54%2Cf55%2Cf56%2Cf57%2Cf58%2Cf59%2Cf60%2Cf61&klt=101&fqt=0&beg=20251201&end=20260717&lmt=1000&_=20260718140000
2026-06-05,科创50指数,000688.SH,1.000688,1738.06,1706.53,1735.08,1659.48,1668.33,-69.73,-4.01,16835709,136854203888,4.35,2.4,24.1132272,124.1132272,https://r.jina.ai/http://push2his.eastmoney.com/api/qt/stock/kline/get?secid=1.000688&ut=fa5fd1943c7b386f172d6893dbfba10b&fields1=f1%2Cf2%2Cf3%2Cf4%2Cf5%2Cf6&fields2=f51%2Cf52%2Cf53%2Cf54%2Cf55%2Cf56%2Cf57%2Cf58%2Cf59%2Cf60%2Cf61&klt=101&fqt=0&beg=20251201&end=20260717&lmt=1000&_=20260718140000
2026-06-08,CPO概念,BK1128,90.BK1128,9801.79,9230.18,9582.67,9164.53,9287.7,-514.09,-5.24,36648766,306050769737,4.27,4.6,85.52135622,185.52135622,https://r.jina.ai/http://push2his.eastmoney.com/api/qt/stock/kline/get?secid=90.BK1128&ut=fa5fd1943c7b386f172d6893dbfba10b&fields1=f1%2Cf2%2Cf3%2Cf4%2Cf5%2Cf6&fields2=f51%2Cf52%2Cf53%2Cf54%2Cf55%2Cf56%2Cf57%2Cf58%2Cf59%2Cf60%2Cf61&klt=101&fqt=0&beg=20251201&end=20260717&lmt=1000&_=20260718140000
2026-06-08,PCB概念,BK0877,90.BK0877,4454.91,4228.77,4434.71,4228.77,4317.04,-137.87,-3.09,50534058,235854031575,4.62,4.83,58.46651935,158.46651935,https://r.jina.ai/http://push2his.eastmoney.com/api/qt/stock/kline/get?secid=90.BK0877&ut=fa5fd1943c7b386f172d6893dbfba10b&fields1=f1%2Cf2%2Cf3%2Cf4%2Cf5%2Cf6&fields2=f51%2Cf52%2Cf53%2Cf54%2Cf55%2Cf56%2Cf57%2Cf58%2Cf59%2Cf60%2Cf61&klt=101&fqt=0&beg=20251201&end=20260717&lmt=1000&_=20260718140000
2026-06-08,上证指数,000001.SH,1.000001,4027.74,3938.71,4007.49,3927.85,3959.34,-68.4,-1.7,659293555,1267277235711.9,1.98,1.36,-0.23936465,99.76063535,https://r.jina.ai/http://push2his.eastmoney.com/api/qt/stock/kline/get?secid=1.000001&ut=fa5fd1943c7b386f172d6893dbfba10b&fields1=f1%2Cf2%2Cf3%2Cf4%2Cf5%2Cf6&fields2=f51%2Cf52%2Cf53%2Cf54%2Cf55%2Cf56%2Cf57%2Cf58%2Cf59%2Cf60%2Cf61&klt=101&fqt=0&beg=20251201&end=20260717&lmt=1000&_=20260718140000
2026-06-08,创业板指,399006.SZ,0.399006,3957.94,3820.23,3903.77,3776.93,3811.79,-146.15,-3.69,236874191,727291596416.04,3.2,4.23,19.00055258,119.00055258,https://r.jina.ai/http://push2his.eastmoney.com/api/qt/stock/kline/get?secid=0.399006&ut=fa5fd1943c7b386f172d6893dbfba10b&fields1=f1%2Cf2%2Cf3%2Cf4%2Cf5%2Cf6&fields2=f51%2Cf52%2Cf53%2Cf54%2Cf55%2Cf56%2Cf57%2Cf58%2Cf59%2Cf60%2Cf61&klt=101&fqt=0&beg=20251201&end=20260717&lmt=1000&_=20260718140000
2026-06-08,半导体材料设备指数,931743.CSI,2.931743,8094.13,7678.11,8053.57,7678.11,7842.75,-251.38,-3.11,10301753,78768035883,4.64,6.02,52.31065917,152.31065917,https://r.jina.ai/http://push2his.eastmoney.com/api/qt/stock/kline/get?secid=2.931743&ut=fa5fd1943c7b386f172d6893dbfba10b&fields1=f1%2Cf2%2Cf3%2Cf4%2Cf5%2Cf6&fields2=f51%2Cf52%2Cf53%2Cf54%2Cf55%2Cf56%2Cf57%2Cf58%2Cf59%2Cf60%2Cf61&klt=101&fqt=0&beg=20251201&end=20260717&lmt=1000&_=20260718140000
2026-06-08,存储芯片概念,BK1137,90.BK1137,3063.02,2907.09,3014.82,2885.32,2915.7,-147.32,-4.81,48165688,267431725134,4.23,5.72,44.46745679,144.46745679,https://r.jina.ai/http://push2his.eastmoney.com/api/qt/stock/kline/get?secid=90.BK1137&ut=fa5fd1943c7b386f172d6893dbfba10b&fields1=f1%2Cf2%2Cf3%2Cf4%2Cf5%2Cf6&fields2=f51%2Cf52%2Cf53%2Cf54%2Cf55%2Cf56%2Cf57%2Cf58%2Cf59%2Cf60%2Cf61&klt=101&fqt=0&beg=20251201&end=20260717&lmt=1000&_=20260718140000
2026-06-08,科创50指数,000688.SH,1.000688,1668.33,1587.97,1634.03,1578.18,1596.57,-71.76,-4.3,15707499,119405019929,3.35,2.24,18.7747359,118.7747359,https://r.jina.ai/http://push2his.eastmoney.com/api/qt/stock/kline/get?secid=1.000688&ut=fa5fd1943c7b386f172d6893dbfba10b&fields1=f1%2Cf2%2Cf3%2Cf4%2Cf5%2Cf6&fields2=f51%2Cf52%2Cf53%2Cf54%2Cf55%2Cf56%2Cf57%2Cf58%2Cf59%2Cf60%2Cf61&klt=101&fqt=0&beg=20251201&end=20260717&lmt=1000&_=20260718140000
2026-06-09,CPO概念,BK1128,90.BK1128,9287.7,9489.64,9771.57,9396.58,9768.13,480.43,5.17,34159455,307655371847,4.04,4.29,95.11792213,195.11792213,https://r.jina.ai/http://push2his.eastmoney.com/api/qt/stock/kline/get?secid=90.BK1128&ut=fa5fd1943c7b386f172d6893dbfba10b&fields1=f1%2Cf2%2Cf3%2Cf4%2Cf5%2Cf6&fields2=f51%2Cf52%2Cf53%2Cf54%2Cf55%2Cf56%2Cf57%2Cf58%2Cf59%2Cf60%2Cf61&klt=101&fqt=0&beg=20251201&end=20260717&lmt=1000&_=20260718140000
2026-06-09,PCB概念,BK0877,90.BK0877,4317.04,4414.96,4532.41,4374.71,4532.41,215.37,4.99,52087962,247810068358,3.65,4.98,66.37215244,166.37215244,https://r.jina.ai/http://push2his.eastmoney.com/api/qt/stock/kline/get?secid=90.BK0877&ut=fa5fd1943c7b386f172d6893dbfba10b&fields1=f1%2Cf2%2Cf3%2Cf4%2Cf5%2Cf6&fields2=f51%2Cf52%2Cf53%2Cf54%2Cf55%2Cf56%2Cf57%2Cf58%2Cf59%2Cf60%2Cf61&klt=101&fqt=0&beg=20251201&end=20260717&lmt=1000&_=20260718140000
2026-06-09,上证指数,000001.SH,1.000001,3959.34,3977.54,4010.87,3955.91,4010.03,50.69,1.28,576570090,1173088930413.3,1.39,1.19,1.03783473,101.03783473,https://r.jina.ai/http://push2his.eastmoney.com/api/qt/stock/kline/get?secid=1.000001&ut=fa5fd1943c7b386f172d6893dbfba10b&fields1=f1%2Cf2%2Cf3%2Cf4%2Cf5%2Cf6&fields2=f51%2Cf52%2Cf53%2Cf54%2Cf55%2Cf56%2Cf57%2Cf58%2Cf59%2Cf60%2Cf61&klt=101&fqt=0&beg=20251201&end=20260717&lmt=1000&_=20260718140000
2026-06-09,创业板指,399006.SZ,0.399006,3811.79,3865.69,3962.9,3823.76,3961.75,149.96,3.93,216665775,724188010288.37,3.65,3.87,23.68216486,123.68216486,https://r.jina.ai/http://push2his.eastmoney.com/api/qt/stock/kline/get?secid=0.399006&ut=fa5fd1943c7b386f172d6893dbfba10b&fields1=f1%2Cf2%2Cf3%2Cf4%2Cf5%2Cf6&fields2=f51%2Cf52%2Cf53%2Cf54%2Cf55%2Cf56%2Cf57%2Cf58%2Cf59%2Cf60%2Cf61&klt=101&fqt=0&beg=20251201&end=20260717&lmt=1000&_=20260718140000
2026-06-09,半导体材料设备指数,931743.CSI,2.931743,7842.75,8032.1,8470.17,7994.45,8462.75,620,7.91,12446013,89489927280,6.07,7.27,64.35141129,164.35141129,https://r.jina.ai/http://push2his.eastmoney.com/api/qt/stock/kline/get?secid=2.931743&ut=fa5fd1943c7b386f172d6893dbfba10b&fields1=f1%2Cf2%2Cf3%2Cf4%2Cf5%2Cf6&fields2=f51%2Cf52%2Cf53%2Cf54%2Cf55%2Cf56%2Cf57%2Cf58%2Cf59%2Cf60%2Cf61&klt=101&fqt=0&beg=20251201&end=20260717&lmt=1000&_=20260718140000
2026-06-09,存储芯片概念,BK1137,90.BK1137,2915.7,2984.57,3080.13,2938.96,3080.13,164.43,5.64,50105066,277724168551,4.84,5.95,52.61465435,152.61465435,https://r.jina.ai/http://push2his.eastmoney.com/api/qt/stock/kline/get?secid=90.BK1137&ut=fa5fd1943c7b386f172d6893dbfba10b&fields1=f1%2Cf2%2Cf3%2Cf4%2Cf5%2Cf6&fields2=f51%2Cf52%2Cf53%2Cf54%2Cf55%2Cf56%2Cf57%2Cf58%2Cf59%2Cf60%2Cf61&klt=101&fqt=0&beg=20251201&end=20260717&lmt=1000&_=20260718140000
2026-06-09,科创50指数,000688.SH,1.000688,1596.57,1630.23,1666.48,1607.58,1663.11,66.54,4.17,14098958,112366426739,3.69,2.01,23.72489213,123.72489213,https://r.jina.ai/http://push2his.eastmoney.com/api/qt/stock/kline/get?secid=1.000688&ut=fa5fd1943c7b386f172d6893dbfba10b&fields1=f1%2Cf2%2Cf3%2Cf4%2Cf5%2Cf6&fields2=f51%2Cf52%2Cf53%2Cf54%2Cf55%2Cf56%2Cf57%2Cf58%2Cf59%2Cf60%2Cf61&klt=101&fqt=0&beg=20251201&end=20260717&lmt=1000&_=20260718140000
2026-06-10,CPO概念,BK1128,90.BK1128,9768.13,9572.19,9640.91,9309.13,9446.33,-321.8,-3.29,30157362,257875067730,3.4,3.78,88.68998276,188.68998276,https://r.jina.ai/http://push2his.eastmoney.com/api/qt/stock/kline/get?secid=90.BK1128&ut=fa5fd1943c7b386f172d6893dbfba10b&fields1=f1%2Cf2%2Cf3%2Cf4%2Cf5%2Cf6&fields2=f51%2Cf52%2Cf53%2Cf54%2Cf55%2Cf56%2Cf57%2Cf58%2Cf59%2Cf60%2Cf61&klt=101&fqt=0&beg=20251201&end=20260717&lmt=1000&_=20260718140000
2026-06-10,PCB概念,BK0877,90.BK0877,4532.41,4472.38,4533.7,4386.88,4444.99,-87.42,-1.93,56237587,251215826032,3.24,5.38,63.16320762,163.16320762,https://r.jina.ai/http://push2his.eastmoney.com/api/qt/stock/kline/get?secid=90.BK0877&ut=fa5fd1943c7b386f172d6893dbfba10b&fields1=f1%2Cf2%2Cf3%2Cf4%2Cf5%2Cf6&fields2=f51%2Cf52%2Cf53%2Cf54%2Cf55%2Cf56%2Cf57%2Cf58%2Cf59%2Cf60%2Cf61&klt=101&fqt=0&beg=20251201&end=20260717&lmt=1000&_=20260718140000
2026-06-10,上证指数,000001.SH,1.000001,4010.03,3985.12,4006.31,3963.44,3993.23,-16.8,-0.42,598694739,1227070067091.4,1.07,1.24,0.61453725,100.61453725,https://r.jina.ai/http://push2his.eastmoney.com/api/qt/stock/kline/get?secid=1.000001&ut=fa5fd1943c7b386f172d6893dbfba10b&fields1=f1%2Cf2%2Cf3%2Cf4%2Cf5%2Cf6&fields2=f51%2Cf52%2Cf53%2Cf54%2Cf55%2Cf56%2Cf57%2Cf58%2Cf59%2Cf60%2Cf61&klt=101&fqt=0&beg=20251201&end=20260717&lmt=1000&_=20260718140000
2026-06-10,创业板指,399006.SZ,0.399006,3961.75,3897.73,3928.36,3818.31,3854.79,-106.96,-2.7,212202859,653253317468.31,2.78,3.79,20.34297274,120.34297274,https://r.jina.ai/http://push2his.eastmoney.com/api/qt/stock/kline/get?secid=0.399006&ut=fa5fd1943c7b386f172d6893dbfba10b&fields1=f1%2Cf2%2Cf3%2Cf4%2Cf5%2Cf6&fields2=f51%2Cf52%2Cf53%2Cf54%2Cf55%2Cf56%2Cf57%2Cf58%2Cf59%2Cf60%2Cf61&klt=101&fqt=0&beg=20251201&end=20260717&lmt=1000&_=20260718140000
2026-06-10,半导体材料设备指数,931743.CSI,2.931743,8462.75,8412.83,8822.38,8409.34,8670,207.25,2.45,14246630,111085070190,4.88,8.32,68.376324,168.376324,https://r.jina.ai/http://push2his.eastmoney.com/api/qt/stock/kline/get?secid=2.931743&ut=fa5fd1943c7b386f172d6893dbfba10b&fields1=f1%2Cf2%2Cf3%2Cf4%2Cf5%2Cf6&fields2=f51%2Cf52%2Cf53%2Cf54%2Cf55%2Cf56%2Cf57%2Cf58%2Cf59%2Cf60%2Cf61&klt=101&fqt=0&beg=20251201&end=20260717&lmt=1000&_=20260718140000
2026-06-10,存储芯片概念,BK1137,90.BK1137,3080.13,3033.32,3100.5,2997.21,3042.19,-37.94,-1.23,47678716,282010220192,3.35,5.66,50.73479864,150.73479864,https://r.jina.ai/http://push2his.eastmoney.com/api/qt/stock/kline/get?secid=90.BK1137&ut=fa5fd1943c7b386f172d6893dbfba10b&fields1=f1%2Cf2%2Cf3%2Cf4%2Cf5%2Cf6&fields2=f51%2Cf52%2Cf53%2Cf54%2Cf55%2Cf56%2Cf57%2Cf58%2Cf59%2Cf60%2Cf61&klt=101&fqt=0&beg=20251201&end=20260717&lmt=1000&_=20260718140000
2026-06-10,科创50指数,000688.SH,1.000688,1663.11,1662.85,1722.33,1632.33,1652.22,-10.89,-0.65,15911725,139088834511,5.41,2.27,22.91474483,122.91474483,https://r.jina.ai/http://push2his.eastmoney.com/api/qt/stock/kline/get?secid=1.000688&ut=fa5fd1943c7b386f172d6893dbfba10b&fields1=f1%2Cf2%2Cf3%2Cf4%2Cf5%2Cf6&fields2=f51%2Cf52%2Cf53%2Cf54%2Cf55%2Cf56%2Cf57%2Cf58%2Cf59%2Cf60%2Cf61&klt=101&fqt=0&beg=20251201&end=20260717&lmt=1000&_=20260718140000
2026-06-11,CPO概念,BK1128,90.BK1128,9446.33,9411.43,9594.88,9275.21,9437.01,-9.32,-0.1,30422094,272891520428,3.38,3.82,88.50381621,188.50381621,https://r.jina.ai/http://push2his.eastmoney.com/api/qt/stock/kline/get?secid=90.BK1128&ut=fa5fd1943c7b386f172d6893dbfba10b&fields1=f1%2Cf2%2Cf3%2Cf4%2Cf5%2Cf6&fields2=f51%2Cf52%2Cf53%2Cf54%2Cf55%2Cf56%2Cf57%2Cf58%2Cf59%2Cf60%2Cf61&klt=101&fqt=0&beg=20251201&end=20260717&lmt=1000&_=20260718140000
2026-06-11,PCB概念,BK0877,90.BK0877,4444.99,4397.4,4462.33,4359.67,4437.4,-7.59,-0.17,55147867,245248591084,2.31,5.28,62.88459985,162.88459985,https://r.jina.ai/http://push2his.eastmoney.com/api/qt/stock/kline/get?secid=90.BK0877&ut=fa5fd1943c7b386f172d6893dbfba10b&fields1=f1%2Cf2%2Cf3%2Cf4%2Cf5%2Cf6&fields2=f51%2Cf52%2Cf53%2Cf54%2Cf55%2Cf56%2Cf57%2Cf58%2Cf59%2Cf60%2Cf61&klt=101&fqt=0&beg=20251201&end=20260717&lmt=1000&_=20260718140000
2026-06-11,上证指数,000001.SH,1.000001,3993.23,3979.71,3997.48,3958.44,3987.01,-6.22,-0.16,568545244,1185554610734.1,0.98,1.18,0.45781639,100.45781639,https://r.jina.ai/http://push2his.eastmoney.com/api/qt/stock/kline/get?secid=1.000001&ut=fa5fd1943c7b386f172d6893dbfba10b&fields1=f1%2Cf2%2Cf3%2Cf4%2Cf5%2Cf6&fields2=f51%2Cf52%2Cf53%2Cf54%2Cf55%2Cf56%2Cf57%2Cf58%2Cf59%2Cf60%2Cf61&klt=101&fqt=0&beg=20251201&end=20260717&lmt=1000&_=20260718140000
2026-06-11,创业板指,399006.SZ,0.399006,3854.79,3839.19,3910.28,3755.61,3811.25,-43.54,-1.13,206551133,654281333270.17,4.01,3.69,18.98369428,118.98369428,https://r.jina.ai/http://push2his.eastmoney.com/api/qt/stock/kline/get?secid=0.399006&ut=fa5fd1943c7b386f172d6893dbfba10b&fields1=f1%2Cf2%2Cf3%2Cf4%2Cf5%2Cf6&fields2=f51%2Cf52%2Cf53%2Cf54%2Cf55%2Cf56%2Cf57%2Cf58%2Cf59%2Cf60%2Cf61&klt=101&fqt=0&beg=20251201&end=20260717&lmt=1000&_=20260718140000
2026-06-11,半导体材料设备指数,931743.CSI,2.931743,8670,8735.12,9124.43,8735.12,9122.76,452.76,5.22,15604121,124006665509,4.49,9.11,77.16918034,177.16918034,https://r.jina.ai/http://push2his.eastmoney.com/api/qt/stock/kline/get?secid=2.931743&ut=fa5fd1943c7b386f172d6893dbfba10b&fields1=f1%2Cf2%2Cf3%2Cf4%2Cf5%2Cf6&fields2=f51%2Cf52%2Cf53%2Cf54%2Cf55%2Cf56%2Cf57%2Cf58%2Cf59%2Cf60%2Cf61&klt=101&fqt=0&beg=20251201&end=20260717&lmt=1000&_=20260718140000
2026-06-11,存储芯片概念,BK1137,90.BK1137,3042.19,3024.4,3093.04,3016.41,3078.02,35.83,1.18,47374975,274935273052,2.52,5.62,52.51010782,152.51010782,https://r.jina.ai/http://push2his.eastmoney.com/api/qt/stock/kline/get?secid=90.BK1137&ut=fa5fd1943c7b386f172d6893dbfba10b&fields1=f1%2Cf2%2Cf3%2Cf4%2Cf5%2Cf6&fields2=f51%2Cf52%2Cf53%2Cf54%2Cf55%2Cf56%2Cf57%2Cf58%2Cf59%2Cf60%2Cf61&klt=101&fqt=0&beg=20251201&end=20260717&lmt=1000&_=20260718140000
2026-06-11,科创50指数,000688.SH,1.000688,1652.22,1644.6,1676.53,1631.94,1662.44,10.22,0.62,14220694,117155580143,2.7,2.03,23.67504836,123.67504836,https://r.jina.ai/http://push2his.eastmoney.com/api/qt/stock/kline/get?secid=1.000688&ut=fa5fd1943c7b386f172d6893dbfba10b&fields1=f1%2Cf2%2Cf3%2Cf4%2Cf5%2Cf6&fields2=f51%2Cf52%2Cf53%2Cf54%2Cf55%2Cf56%2Cf57%2Cf58%2Cf59%2Cf60%2Cf61&klt=101&fqt=0&beg=20251201&end=20260717&lmt=1000&_=20260718140000
2026-06-12,CPO概念,BK1128,90.BK1128,9437.01,9718.71,9729.96,9281.15,9308.11,-128.9,-1.37,35068348,309345383344,4.76,4.4,85.92904498,185.92904498,https://r.jina.ai/http://push2his.eastmoney.com/api/qt/stock/kline/get?secid=90.BK1128&ut=fa5fd1943c7b386f172d6893dbfba10b&fields1=f1%2Cf2%2Cf3%2Cf4%2Cf5%2Cf6&fields2=f51%2Cf52%2Cf53%2Cf54%2Cf55%2Cf56%2Cf57%2Cf58%2Cf59%2Cf60%2Cf61&klt=101&fqt=0&beg=20251201&end=20260717&lmt=1000&_=20260718140000
2026-06-12,PCB概念,BK0877,90.BK0877,4437.4,4543.16,4609.7,4421.07,4438.04,0.64,0.01,66723980,300170608528,4.25,6.38,62.90809247,162.90809247,https://r.jina.ai/http://push2his.eastmoney.com/api/qt/stock/kline/get?secid=90.BK0877&ut=fa5fd1943c7b386f172d6893dbfba10b&fields1=f1%2Cf2%2Cf3%2Cf4%2Cf5%2Cf6&fields2=f51%2Cf52%2Cf53%2Cf54%2Cf55%2Cf56%2Cf57%2Cf58%2Cf59%2Cf60%2Cf61&klt=101&fqt=0&beg=20251201&end=20260717&lmt=1000&_=20260718140000
2026-06-12,上证指数,000001.SH,1.000001,3987.01,4017.86,4060.27,4008.18,4031.51,44.5,1.12,743131092,1537401519424.7,1.31,1.54,1.57905081,101.57905081,https://r.jina.ai/http://push2his.eastmoney.com/api/qt/stock/kline/get?secid=1.000001&ut=fa5fd1943c7b386f172d6893dbfba10b&fields1=f1%2Cf2%2Cf3%2Cf4%2Cf5%2Cf6&fields2=f51%2Cf52%2Cf53%2Cf54%2Cf55%2Cf56%2Cf57%2Cf58%2Cf59%2Cf60%2Cf61&klt=101&fqt=0&beg=20251201&end=20260717&lmt=1000&_=20260718140000
2026-06-12,创业板指,399006.SZ,0.399006,3811.25,3921.09,3921.53,3822.42,3830.35,19.1,0.5,237871527,811000641594.19,2.6,4.25,19.57997858,119.57997858,https://r.jina.ai/http://push2his.eastmoney.com/api/qt/stock/kline/get?secid=0.399006&ut=fa5fd1943c7b386f172d6893dbfba10b&fields1=f1%2Cf2%2Cf3%2Cf4%2Cf5%2Cf6&fields2=f51%2Cf52%2Cf53%2Cf54%2Cf55%2Cf56%2Cf57%2Cf58%2Cf59%2Cf60%2Cf61&klt=101&fqt=0&beg=20251201&end=20260717&lmt=1000&_=20260718140000
2026-06-12,半导体材料设备指数,931743.CSI,2.931743,9122.76,9563.17,9654.53,8861.94,8895.08,-227.68,-2.5,19613249,169819544833,8.69,11.45,72.74750543,172.74750543,https://r.jina.ai/http://push2his.eastmoney.com/api/qt/stock/kline/get?secid=2.931743&ut=fa5fd1943c7b386f172d6893dbfba10b&fields1=f1%2Cf2%2Cf3%2Cf4%2Cf5%2Cf6&fields2=f51%2Cf52%2Cf53%2Cf54%2Cf55%2Cf56%2Cf57%2Cf58%2Cf59%2Cf60%2Cf61&klt=101&fqt=0&beg=20251201&end=20260717&lmt=1000&_=20260718140000
2026-06-12,存储芯片概念,BK1137,90.BK1137,3078.02,3187.39,3213.38,3021.29,3031.05,-46.97,-1.53,60240481,387242607946,6.24,7.15,50.18283257,150.18283257,https://r.jina.ai/http://push2his.eastmoney.com/api/qt/stock/kline/get?secid=90.BK1137&ut=fa5fd1943c7b386f172d6893dbfba10b&fields1=f1%2Cf2%2Cf3%2Cf4%2Cf5%2Cf6&fields2=f51%2Cf52%2Cf53%2Cf54%2Cf55%2Cf56%2Cf57%2Cf58%2Cf59%2Cf60%2Cf61&klt=101&fqt=0&beg=20251201&end=20260717&lmt=1000&_=20260718140000
2026-06-12,科创50指数,000688.SH,1.000688,1662.44,1726.01,1730.89,1656.85,1663.22,0.78,0.05,21018567,175820241129,4.45,3,23.73307544,123.73307544,https://r.jina.ai/http://push2his.eastmoney.com/api/qt/stock/kline/get?secid=1.000688&ut=fa5fd1943c7b386f172d6893dbfba10b&fields1=f1%2Cf2%2Cf3%2Cf4%2Cf5%2Cf6&fields2=f51%2Cf52%2Cf53%2Cf54%2Cf55%2Cf56%2Cf57%2Cf58%2Cf59%2Cf60%2Cf61&klt=101&fqt=0&beg=20251201&end=20260717&lmt=1000&_=20260718140000
2026-06-15,CPO概念,BK1128,90.BK1128,9308.11,9483.95,10098.88,9409.29,10098.88,790.77,8.5,35702815,322641493251,7.41,4.48,101.7246373,201.7246373,https://r.jina.ai/http://push2his.eastmoney.com/api/qt/stock/kline/get?secid=90.BK1128&ut=fa5fd1943c7b386f172d6893dbfba10b&fields1=f1%2Cf2%2Cf3%2Cf4%2Cf5%2Cf6&fields2=f51%2Cf52%2Cf53%2Cf54%2Cf55%2Cf56%2Cf57%2Cf58%2Cf59%2Cf60%2Cf61&klt=101&fqt=0&beg=20251201&end=20260717&lmt=1000&_=20260718140000
2026-06-15,PCB概念,BK0877,90.BK0877,4438.04,4503.69,4800.44,4503.69,4800.44,362.4,8.17,59360784,283847992064,6.69,5.68,76.21078752,176.21078752,https://r.jina.ai/http://push2his.eastmoney.com/api/qt/stock/kline/get?secid=90.BK0877&ut=fa5fd1943c7b386f172d6893dbfba10b&fields1=f1%2Cf2%2Cf3%2Cf4%2Cf5%2Cf6&fields2=f51%2Cf52%2Cf53%2Cf54%2Cf55%2Cf56%2Cf57%2Cf58%2Cf59%2Cf60%2Cf61&klt=101&fqt=0&beg=20251201&end=20260717&lmt=1000&_=20260718140000
2026-06-15,上证指数,000001.SH,1.000001,4031.51,4053.58,4097.17,4051.07,4096.47,64.96,1.61,678907811,1403586231239.1,1.14,1.4,3.21580109,103.21580109,https://r.jina.ai/http://push2his.eastmoney.com/api/qt/stock/kline/get?secid=1.000001&ut=fa5fd1943c7b386f172d6893dbfba10b&fields1=f1%2Cf2%2Cf3%2Cf4%2Cf5%2Cf6&fields2=f51%2Cf52%2Cf53%2Cf54%2Cf55%2Cf56%2Cf57%2Cf58%2Cf59%2Cf60%2Cf61&klt=101&fqt=0&beg=20251201&end=20260717&lmt=1000&_=20260718140000
2026-06-15,创业板指,399006.SZ,0.399006,3830.35,3896.17,4033.53,3844.08,4033.53,203.18,5.3,228651234,796207492760.91,4.95,4.09,25.92306996,125.92306996,https://r.jina.ai/http://push2his.eastmoney.com/api/qt/stock/kline/get?secid=0.399006&ut=fa5fd1943c7b386f172d6893dbfba10b&fields1=f1%2Cf2%2Cf3%2Cf4%2Cf5%2Cf6&fields2=f51%2Cf52%2Cf53%2Cf54%2Cf55%2Cf56%2Cf57%2Cf58%2Cf59%2Cf60%2Cf61&klt=101&fqt=0&beg=20251201&end=20260717&lmt=1000&_=20260718140000
2026-06-15,半导体材料设备指数,931743.CSI,2.931743,8895.08,9009.58,9304.2,8675.6,9302.51,407.43,4.58,14160964,119786798582,7.07,8.27,80.66002742,180.66002742,https://r.jina.ai/http://push2his.eastmoney.com/api/qt/stock/kline/get?secid=2.931743&ut=fa5fd1943c7b386f172d6893dbfba10b&fields1=f1%2Cf2%2Cf3%2Cf4%2Cf5%2Cf6&fields2=f51%2Cf52%2Cf53%2Cf54%2Cf55%2Cf56%2Cf57%2Cf58%2Cf59%2Cf60%2Cf61&klt=101&fqt=0&beg=20251201&end=20260717&lmt=1000&_=20260718140000
2026-06-15,存储芯片概念,BK1137,90.BK1137,3031.05,3066.96,3202.24,3013.49,3202.24,171.19,5.65,50693329,330764186962,6.23,6.02,58.66497542,158.66497542,https://r.jina.ai/http://push2his.eastmoney.com/api/qt/stock/kline/get?secid=90.BK1137&ut=fa5fd1943c7b386f172d6893dbfba10b&fields1=f1%2Cf2%2Cf3%2Cf4%2Cf5%2Cf6&fields2=f51%2Cf52%2Cf53%2Cf54%2Cf55%2Cf56%2Cf57%2Cf58%2Cf59%2Cf60%2Cf61&klt=101&fqt=0&beg=20251201&end=20260717&lmt=1000&_=20260718140000
2026-06-15,科创50指数,000688.SH,1.000688,1663.22,1687.67,1748.51,1658.32,1748.33,85.11,5.12,16140938,158477476718,5.42,2.3,30.06472251,130.06472251,https://r.jina.ai/http://push2his.eastmoney.com/api/qt/stock/kline/get?secid=1.000688&ut=fa5fd1943c7b386f172d6893dbfba10b&fields1=f1%2Cf2%2Cf3%2Cf4%2Cf5%2Cf6&fields2=f51%2Cf52%2Cf53%2Cf54%2Cf55%2Cf56%2Cf57%2Cf58%2Cf59%2Cf60%2Cf61&klt=101&fqt=0&beg=20251201&end=20260717&lmt=1000&_=20260718140000
2026-06-16,CPO概念,BK1128,90.BK1128,10098.88,10184.46,10498.13,10141.31,10456.82,357.94,3.54,35462011,323570149445,3.53,4.45,108.87447141,208.87447141,https://r.jina.ai/http://push2his.eastmoney.com/api/qt/stock/kline/get?secid=90.BK1128&ut=fa5fd1943c7b386f172d6893dbfba10b&fields1=f1%2Cf2%2Cf3%2Cf4%2Cf5%2Cf6&fields2=f51%2Cf52%2Cf53%2Cf54%2Cf55%2Cf56%2Cf57%2Cf58%2Cf59%2Cf60%2Cf61&klt=101&fqt=0&beg=20251201&end=20260717&lmt=1000&_=20260718140000
2026-06-16,PCB概念,BK0877,90.BK0877,4800.44,4833.39,5018.03,4829.12,5000.47,200.03,4.17,64192953,342611197240,3.94,6.14,83.55333191,183.55333191,https://r.jina.ai/http://push2his.eastmoney.com/api/qt/stock/kline/get?secid=90.BK0877&ut=fa5fd1943c7b386f172d6893dbfba10b&fields1=f1%2Cf2%2Cf3%2Cf4%2Cf5%2Cf6&fields2=f51%2Cf52%2Cf53%2Cf54%2Cf55%2Cf56%2Cf57%2Cf58%2Cf59%2Cf60%2Cf61&klt=101&fqt=0&beg=20251201&end=20260717&lmt=1000&_=20260718140000
2026-06-16,上证指数,000001.SH,1.000001,4096.47,4094.21,4103.93,4077.87,4091.89,-4.58,-0.11,615668296,1369612989674.4,0.64,1.27,3.10040213,103.10040213,https://r.jina.ai/http://push2his.eastmoney.com/api/qt/stock/kline/get?secid=1.000001&ut=fa5fd1943c7b386f172d6893dbfba10b&fields1=f1%2Cf2%2Cf3%2Cf4%2Cf5%2Cf6&fields2=f51%2Cf52%2Cf53%2Cf54%2Cf55%2Cf56%2Cf57%2Cf58%2Cf59%2Cf60%2Cf61&klt=101&fqt=0&beg=20251201&end=20260717&lmt=1000&_=20260718140000
2026-06-16,创业板指,399006.SZ,0.399006,4033.53,4065.27,4142.43,4053.88,4102.94,69.41,1.72,236362092,836387503042.47,2.2,4.23,28.08998586,128.08998586,https://r.jina.ai/http://push2his.eastmoney.com/api/qt/stock/kline/get?secid=0.399006&ut=fa5fd1943c7b386f172d6893dbfba10b&fields1=f1%2Cf2%2Cf3%2Cf4%2Cf5%2Cf6&fields2=f51%2Cf52%2Cf53%2Cf54%2Cf55%2Cf56%2Cf57%2Cf58%2Cf59%2Cf60%2Cf61&klt=101&fqt=0&beg=20251201&end=20260717&lmt=1000&_=20260718140000
2026-06-16,半导体材料设备指数,931743.CSI,2.931743,9302.51,9326.5,9456.24,9225.79,9353.58,51.07,0.55,13202331,115677188486,2.48,7.71,81.65183583,181.65183583,https://r.jina.ai/http://push2his.eastmoney.com/api/qt/stock/kline/get?secid=2.931743&ut=fa5fd1943c7b386f172d6893dbfba10b&fields1=f1%2Cf2%2Cf3%2Cf4%2Cf5%2Cf6&fields2=f51%2Cf52%2Cf53%2Cf54%2Cf55%2Cf56%2Cf57%2Cf58%2Cf59%2Cf60%2Cf61&klt=101&fqt=0&beg=20251201&end=20260717&lmt=1000&_=20260718140000
2026-06-16,存储芯片概念,BK1137,90.BK1137,3202.24,3211.31,3279.52,3206.99,3266.87,64.63,2.02,50286271,333083754521,2.26,5.97,61.86727049,161.86727049,https://r.jina.ai/http://push2his.eastmoney.com/api/qt/stock/kline/get?secid=90.BK1137&ut=fa5fd1943c7b386f172d6893dbfba10b&fields1=f1%2Cf2%2Cf3%2Cf4%2Cf5%2Cf6&fields2=f51%2Cf52%2Cf53%2Cf54%2Cf55%2Cf56%2Cf57%2Cf58%2Cf59%2Cf60%2Cf61&klt=101&fqt=0&beg=20251201&end=20260717&lmt=1000&_=20260718140000
2026-06-16,科创50指数,000688.SH,1.000688,1748.33,1751.71,1766.14,1729.04,1758.42,10.09,0.58,15018218,142643106071,2.12,2.14,30.81535486,130.81535486,https://r.jina.ai/http://push2his.eastmoney.com/api/qt/stock/kline/get?secid=1.000688&ut=fa5fd1943c7b386f172d6893dbfba10b&fields1=f1%2Cf2%2Cf3%2Cf4%2Cf5%2Cf6&fields2=f51%2Cf52%2Cf53%2Cf54%2Cf55%2Cf56%2Cf57%2Cf58%2Cf59%2Cf60%2Cf61&klt=101&fqt=0&beg=20251201&end=20260717&lmt=1000&_=20260718140000
2026-06-17,CPO概念,BK1128,90.BK1128,10456.82,10322.95,10733.63,10322.95,10697.36,240.54,2.3,37503624,320964049989,3.93,4.71,113.67924623,213.67924623,https://r.jina.ai/http://push2his.eastmoney.com/api/qt/stock/kline/get?secid=90.BK1128&ut=fa5fd1943c7b386f172d6893dbfba10b&fields1=f1%2Cf2%2Cf3%2Cf4%2Cf5%2Cf6&fields2=f51%2Cf52%2Cf53%2Cf54%2Cf55%2Cf56%2Cf57%2Cf58%2Cf59%2Cf60%2Cf61&klt=101&fqt=0&beg=20251201&end=20260717&lmt=1000&_=20260718140000
2026-06-17,PCB概念,BK0877,90.BK0877,5000.47,4957.45,5193.63,4957.45,5166.55,166.08,3.32,69209829,391224983344,4.72,6.62,89.64966633,189.64966633,https://r.jina.ai/http://push2his.eastmoney.com/api/qt/stock/kline/get?secid=90.BK0877&ut=fa5fd1943c7b386f172d6893dbfba10b&fields1=f1%2Cf2%2Cf3%2Cf4%2Cf5%2Cf6&fields2=f51%2Cf52%2Cf53%2Cf54%2Cf55%2Cf56%2Cf57%2Cf58%2Cf59%2Cf60%2Cf61&klt=101&fqt=0&beg=20251201&end=20260717&lmt=1000&_=20260718140000
2026-06-17,上证指数,000001.SH,1.000001,4091.89,4074.29,4109.96,4073.73,4108.08,16.19,0.4,608077413,1403145909875,0.89,1.26,3.50832989,103.50832989,https://r.jina.ai/http://push2his.eastmoney.com/api/qt/stock/kline/get?secid=1.000001&ut=fa5fd1943c7b386f172d6893dbfba10b&fields1=f1%2Cf2%2Cf3%2Cf4%2Cf5%2Cf6&fields2=f51%2Cf52%2Cf53%2Cf54%2Cf55%2Cf56%2Cf57%2Cf58%2Cf59%2Cf60%2Cf61&klt=101&fqt=0&beg=20251201&end=20260717&lmt=1000&_=20260718140000
2026-06-17,创业板指,399006.SZ,0.399006,4102.94,4061.3,4168.16,4058.61,4167.05,64.11,1.56,230896554,830431793976.63,2.67,4.13,30.09144067,130.09144067,https://r.jina.ai/http://push2his.eastmoney.com/api/qt/stock/kline/get?secid=0.399006&ut=fa5fd1943c7b386f172d6893dbfba10b&fields1=f1%2Cf2%2Cf3%2Cf4%2Cf5%2Cf6&fields2=f51%2Cf52%2Cf53%2Cf54%2Cf55%2Cf56%2Cf57%2Cf58%2Cf59%2Cf60%2Cf61&klt=101&fqt=0&beg=20251201&end=20260717&lmt=1000&_=20260718140000
2026-06-17,半导体材料设备指数,931743.CSI,2.931743,9353.58,9164.01,10055.69,9164.01,10049.12,695.54,7.44,15003965,137557235040,9.53,8.76,95.15961765,195.15961765,https://r.jina.ai/http://push2his.eastmoney.com/api/qt/stock/kline/get?secid=2.931743&ut=fa5fd1943c7b386f172d6893dbfba10b&fields1=f1%2Cf2%2Cf3%2Cf4%2Cf5%2Cf6&fields2=f51%2Cf52%2Cf53%2Cf54%2Cf55%2Cf56%2Cf57%2Cf58%2Cf59%2Cf60%2Cf61&klt=101&fqt=0&beg=20251201&end=20260717&lmt=1000&_=20260718140000
2026-06-17,存储芯片概念,BK1137,90.BK1137,3266.87,3219,3405.74,3219,3405.74,138.87,4.25,57565131,421018349140,5.72,6.83,68.74801808,168.74801808,https://r.jina.ai/http://push2his.eastmoney.com/api/qt/stock/kline/get?secid=90.BK1137&ut=fa5fd1943c7b386f172d6893dbfba10b&fields1=f1%2Cf2%2Cf3%2Cf4%2Cf5%2Cf6&fields2=f51%2Cf52%2Cf53%2Cf54%2Cf55%2Cf56%2Cf57%2Cf58%2Cf59%2Cf60%2Cf61&klt=101&fqt=0&beg=20251201&end=20260717&lmt=1000&_=20260718140000
2026-06-17,科创50指数,000688.SH,1.000688,1758.42,1729.23,1841.37,1725.9,1840.82,82.4,4.69,18018313,176921688223,6.57,2.57,36.94539503,136.94539503,https://r.jina.ai/http://push2his.eastmoney.com/api/qt/stock/kline/get?secid=1.000688&ut=fa5fd1943c7b386f172d6893dbfba10b&fields1=f1%2Cf2%2Cf3%2Cf4%2Cf5%2Cf6&fields2=f51%2Cf52%2Cf53%2Cf54%2Cf55%2Cf56%2Cf57%2Cf58%2Cf59%2Cf60%2Cf61&klt=101&fqt=0&beg=20251201&end=20260717&lmt=1000&_=20260718140000
2026-06-18,CPO概念,BK1128,90.BK1128,10697.36,10655.83,11039.77,10655.83,10990.49,293.13,2.74,38640649,361421106830,3.59,4.85,119.53450373,219.53450373,https://r.jina.ai/http://push2his.eastmoney.com/api/qt/stock/kline/get?secid=90.BK1128&ut=fa5fd1943c7b386f172d6893dbfba10b&fields1=f1%2Cf2%2Cf3%2Cf4%2Cf5%2Cf6&fields2=f51%2Cf52%2Cf53%2Cf54%2Cf55%2Cf56%2Cf57%2Cf58%2Cf59%2Cf60%2Cf61&klt=101&fqt=0&beg=20251201&end=20260717&lmt=1000&_=20260718140000
2026-06-18,PCB概念,BK0877,90.BK0877,5166.55,5134.38,5287.59,5134.38,5262.46,95.91,1.86,68863413,373258679202,2.97,6.59,93.17025541,193.17025541,https://r.jina.ai/http://push2his.eastmoney.com/api/qt/stock/kline/get?secid=90.BK0877&ut=fa5fd1943c7b386f172d6893dbfba10b&fields1=f1%2Cf2%2Cf3%2Cf4%2Cf5%2Cf6&fields2=f51%2Cf52%2Cf53%2Cf54%2Cf55%2Cf56%2Cf57%2Cf58%2Cf59%2Cf60%2Cf61&klt=101&fqt=0&beg=20251201&end=20260717&lmt=1000&_=20260718140000
2026-06-18,上证指数,000001.SH,1.000001,4108.08,4094.23,4117.45,4080.29,4090.48,-17.6,-0.43,658116068,1560473972715.4,0.9,1.36,3.06487538,103.06487538,https://r.jina.ai/http://push2his.eastmoney.com/api/qt/stock/kline/get?secid=1.000001&ut=fa5fd1943c7b386f172d6893dbfba10b&fields1=f1%2Cf2%2Cf3%2Cf4%2Cf5%2Cf6&fields2=f51%2Cf52%2Cf53%2Cf54%2Cf55%2Cf56%2Cf57%2Cf58%2Cf59%2Cf60%2Cf61&klt=101&fqt=0&beg=20251201&end=20260717&lmt=1000&_=20260718140000
2026-06-18,创业板指,399006.SZ,0.399006,4167.05,4153.62,4272.01,4153.62,4252.39,85.34,2.05,234709813,866583072686.98,2.84,4.2,32.75567641,132.75567641,https://r.jina.ai/http://push2his.eastmoney.com/api/qt/stock/kline/get?secid=0.399006&ut=fa5fd1943c7b386f172d6893dbfba10b&fields1=f1%2Cf2%2Cf3%2Cf4%2Cf5%2Cf6&fields2=f51%2Cf52%2Cf53%2Cf54%2Cf55%2Cf56%2Cf57%2Cf58%2Cf59%2Cf60%2Cf61&klt=101&fqt=0&beg=20251201&end=20260717&lmt=1000&_=20260718140000
2026-06-18,半导体材料设备指数,931743.CSI,2.931743,10049.12,9998.94,10303.25,9978.14,10211.04,161.92,1.61,13064430,122503304096,3.24,7.63,98.30419601,198.30419601,https://r.jina.ai/http://push2his.eastmoney.com/api/qt/stock/kline/get?secid=2.931743&ut=fa5fd1943c7b386f172d6893dbfba10b&fields1=f1%2Cf2%2Cf3%2Cf4%2Cf5%2Cf6&fields2=f51%2Cf52%2Cf53%2Cf54%2Cf55%2Cf56%2Cf57%2Cf58%2Cf59%2Cf60%2Cf61&klt=101&fqt=0&beg=20251201&end=20260717&lmt=1000&_=20260718140000
2026-06-18,存储芯片概念,BK1137,90.BK1137,3405.74,3395.97,3472.12,3392.23,3450.02,44.28,1.3,55481642,431064215150,2.35,6.59,70.94200888,170.94200888,https://r.jina.ai/http://push2his.eastmoney.com/api/qt/stock/kline/get?secid=90.BK1137&ut=fa5fd1943c7b386f172d6893dbfba10b&fields1=f1%2Cf2%2Cf3%2Cf4%2Cf5%2Cf6&fields2=f51%2Cf52%2Cf53%2Cf54%2Cf55%2Cf56%2Cf57%2Cf58%2Cf59%2Cf60%2Cf61&klt=101&fqt=0&beg=20251201&end=20260717&lmt=1000&_=20260718140000
2026-06-18,科创50指数,000688.SH,1.000688,1840.82,1837.07,1937.3,1836.04,1911.51,70.69,3.84,17710999,209534843406,5.5,2.53,42.20428508,142.20428508,https://r.jina.ai/http://push2his.eastmoney.com/api/qt/stock/kline/get?secid=1.000688&ut=fa5fd1943c7b386f172d6893dbfba10b&fields1=f1%2Cf2%2Cf3%2Cf4%2Cf5%2Cf6&fields2=f51%2Cf52%2Cf53%2Cf54%2Cf55%2Cf56%2Cf57%2Cf58%2Cf59%2Cf60%2Cf61&klt=101&fqt=0&beg=20251201&end=20260717&lmt=1000&_=20260718140000
2026-06-22,CPO概念,BK1128,90.BK1128,10990.49,11150.36,11261.41,10792.16,11142.76,152.27,1.39,43578294,398513964207,4.27,5.47,122.57608958,222.57608958,https://r.jina.ai/http://push2his.eastmoney.com/api/qt/stock/kline/get?secid=90.BK1128&ut=fa5fd1943c7b386f172d6893dbfba10b&fields1=f1%2Cf2%2Cf3%2Cf4%2Cf5%2Cf6&fields2=f51%2Cf52%2Cf53%2Cf54%2Cf55%2Cf56%2Cf57%2Cf58%2Cf59%2Cf60%2Cf61&klt=101&fqt=0&beg=20251201&end=20260717&lmt=1000&_=20260718140000
2026-06-22,PCB概念,BK0877,90.BK0877,5262.46,5305.55,5322.08,5123.53,5294.97,32.51,0.62,78380870,410685533420,3.77,7.5,94.363607,194.363607,https://r.jina.ai/http://push2his.eastmoney.com/api/qt/stock/kline/get?secid=90.BK0877&ut=fa5fd1943c7b386f172d6893dbfba10b&fields1=f1%2Cf2%2Cf3%2Cf4%2Cf5%2Cf6&fields2=f51%2Cf52%2Cf53%2Cf54%2Cf55%2Cf56%2Cf57%2Cf58%2Cf59%2Cf60%2Cf61&klt=101&fqt=0&beg=20251201&end=20260717&lmt=1000&_=20260718140000
2026-06-22,上证指数,000001.SH,1.000001,4090.48,4093.95,4164.42,4070.17,4163.1,72.62,1.78,743699355,1704000421650.5,2.3,1.54,4.89462916,104.89462916,https://r.jina.ai/http://push2his.eastmoney.com/api/qt/stock/kline/get?secid=1.000001&ut=fa5fd1943c7b386f172d6893dbfba10b&fields1=f1%2Cf2%2Cf3%2Cf4%2Cf5%2Cf6&fields2=f51%2Cf52%2Cf53%2Cf54%2Cf55%2Cf56%2Cf57%2Cf58%2Cf59%2Cf60%2Cf61&klt=101&fqt=0&beg=20251201&end=20260717&lmt=1000&_=20260718140000
2026-06-22,创业板指,399006.SZ,0.399006,4252.39,4272.99,4359.39,4229.31,4359.39,107,2.52,284501047,1028136400632.78,3.06,5.09,36.09611728,136.09611728,https://r.jina.ai/http://push2his.eastmoney.com/api/qt/stock/kline/get?secid=0.399006&ut=fa5fd1943c7b386f172d6893dbfba10b&fields1=f1%2Cf2%2Cf3%2Cf4%2Cf5%2Cf6&fields2=f51%2Cf52%2Cf53%2Cf54%2Cf55%2Cf56%2Cf57%2Cf58%2Cf59%2Cf60%2Cf61&klt=101&fqt=0&beg=20251201&end=20260717&lmt=1000&_=20260718140000
2026-06-22,半导体材料设备指数,931743.CSI,2.931743,10211.04,10399.47,10637.76,10155.59,10529.34,318.3,3.12,14009200,134694808416,4.72,8.18,104.48576278,204.48576278,https://r.jina.ai/http://push2his.eastmoney.com/api/qt/stock/kline/get?secid=2.931743&ut=fa5fd1943c7b386f172d6893dbfba10b&fields1=f1%2Cf2%2Cf3%2Cf4%2Cf5%2Cf6&fields2=f51%2Cf52%2Cf53%2Cf54%2Cf55%2Cf56%2Cf57%2Cf58%2Cf59%2Cf60%2Cf61&klt=101&fqt=0&beg=20251201&end=20260717&lmt=1000&_=20260718140000
2026-06-22,存储芯片概念,BK1137,90.BK1137,3450.02,3489.45,3528.05,3404.38,3527.87,77.85,2.26,61223579,458878209737,3.58,7.27,74.79933011,174.79933011,https://r.jina.ai/http://push2his.eastmoney.com/api/qt/stock/kline/get?secid=90.BK1137&ut=fa5fd1943c7b386f172d6893dbfba10b&fields1=f1%2Cf2%2Cf3%2Cf4%2Cf5%2Cf6&fields2=f51%2Cf52%2Cf53%2Cf54%2Cf55%2Cf56%2Cf57%2Cf58%2Cf59%2Cf60%2Cf61&klt=101&fqt=0&beg=20251201&end=20260717&lmt=1000&_=20260718140000
2026-06-22,科创50指数,000688.SH,1.000688,1911.51,1922.47,1963.33,1879.59,1948.93,37.42,1.96,19191334,200856205549,4.38,2.74,44.98809701,144.98809701,https://r.jina.ai/http://push2his.eastmoney.com/api/qt/stock/kline/get?secid=1.000688&ut=fa5fd1943c7b386f172d6893dbfba10b&fields1=f1%2Cf2%2Cf3%2Cf4%2Cf5%2Cf6&fields2=f51%2Cf52%2Cf53%2Cf54%2Cf55%2Cf56%2Cf57%2Cf58%2Cf59%2Cf60%2Cf61&klt=101&fqt=0&beg=20251201&end=20260717&lmt=1000&_=20260718140000
2026-06-23,CPO概念,BK1128,90.BK1128,11142.76,11079.12,11139.38,10710.82,10824.4,-318.36,-2.86,36889303,349473228731,3.85,4.63,116.21686405,216.21686405,https://r.jina.ai/http://push2his.eastmoney.com/api/qt/stock/kline/get?secid=90.BK1128&ut=fa5fd1943c7b386f172d6893dbfba10b&fields1=f1%2Cf2%2Cf3%2Cf4%2Cf5%2Cf6&fields2=f51%2Cf52%2Cf53%2Cf54%2Cf55%2Cf56%2Cf57%2Cf58%2Cf59%2Cf60%2Cf61&klt=101&fqt=0&beg=20251201&end=20260717&lmt=1000&_=20260718140000
2026-06-23,PCB概念,BK0877,90.BK0877,5294.97,5264.08,5264.08,5050.83,5086.9,-208.07,-3.93,68569943,366656572554,4.03,6.56,86.72593658,186.72593658,https://r.jina.ai/http://push2his.eastmoney.com/api/qt/stock/kline/get?secid=90.BK0877&ut=fa5fd1943c7b386f172d6893dbfba10b&fields1=f1%2Cf2%2Cf3%2Cf4%2Cf5%2Cf6&fields2=f51%2Cf52%2Cf53%2Cf54%2Cf55%2Cf56%2Cf57%2Cf58%2Cf59%2Cf60%2Cf61&klt=101&fqt=0&beg=20251201&end=20260717&lmt=1000&_=20260718140000
2026-06-23,上证指数,000001.SH,1.000001,4163.1,4153.59,4175.35,4085.59,4106.25,-56.85,-1.37,709003913,1594542362380.1,2.16,1.47,3.4622207,103.4622207,https://r.jina.ai/http://push2his.eastmoney.com/api/qt/stock/kline/get?secid=1.000001&ut=fa5fd1943c7b386f172d6893dbfba10b&fields1=f1%2Cf2%2Cf3%2Cf4%2Cf5%2Cf6&fields2=f51%2Cf52%2Cf53%2Cf54%2Cf55%2Cf56%2Cf57%2Cf58%2Cf59%2Cf60%2Cf61&klt=101&fqt=0&beg=20251201&end=20260717&lmt=1000&_=20260718140000
2026-06-23,创业板指,399006.SZ,0.399006,4359.39,4343.88,4350.06,4159.48,4192.19,-167.2,-3.84,255471053,908340490242.96,4.37,4.57,30.87628818,130.87628818,https://r.jina.ai/http://push2his.eastmoney.com/api/qt/stock/kline/get?secid=0.399006&ut=fa5fd1943c7b386f172d6893dbfba10b&fields1=f1%2Cf2%2Cf3%2Cf4%2Cf5%2Cf6&fields2=f51%2Cf52%2Cf53%2Cf54%2Cf55%2Cf56%2Cf57%2Cf58%2Cf59%2Cf60%2Cf61&klt=101&fqt=0&beg=20251201&end=20260717&lmt=1000&_=20260718140000
2026-06-23,半导体材料设备指数,931743.CSI,2.931743,10529.34,10474.27,10822.3,10237.83,10525.81,-3.53,-0.03,13097905,127757491872,5.55,7.65,104.41720818,204.41720818,https://r.jina.ai/http://push2his.eastmoney.com/api/qt/stock/kline/get?secid=2.931743&ut=fa5fd1943c7b386f172d6893dbfba10b&fields1=f1%2Cf2%2Cf3%2Cf4%2Cf5%2Cf6&fields2=f51%2Cf52%2Cf53%2Cf54%2Cf55%2Cf56%2Cf57%2Cf58%2Cf59%2Cf60%2Cf61&klt=101&fqt=0&beg=20251201&end=20260717&lmt=1000&_=20260718140000
2026-06-23,存储芯片概念,BK1137,90.BK1137,3527.87,3499.56,3564.22,3412.06,3471.27,-56.6,-1.6,53088452,430564712606,4.31,6.3,71.99490645,171.99490645,https://r.jina.ai/http://push2his.eastmoney.com/api/qt/stock/kline/get?secid=90.BK1137&ut=fa5fd1943c7b386f172d6893dbfba10b&fields1=f1%2Cf2%2Cf3%2Cf4%2Cf5%2Cf6&fields2=f51%2Cf52%2Cf53%2Cf54%2Cf55%2Cf56%2Cf57%2Cf58%2Cf59%2Cf60%2Cf61&klt=101&fqt=0&beg=20251201&end=20260717&lmt=1000&_=20260718140000
2026-06-23,科创50指数,000688.SH,1.000688,1948.93,1929.27,1982.91,1890.16,1916.21,-32.72,-1.68,18137295,186831990845,4.76,2.59,42.55393543,142.55393543,https://r.jina.ai/http://push2his.eastmoney.com/api/qt/stock/kline/get?secid=1.000688&ut=fa5fd1943c7b386f172d6893dbfba10b&fields1=f1%2Cf2%2Cf3%2Cf4%2Cf5%2Cf6&fields2=f51%2Cf52%2Cf53%2Cf54%2Cf55%2Cf56%2Cf57%2Cf58%2Cf59%2Cf60%2Cf61&klt=101&fqt=0&beg=20251201&end=20260717&lmt=1000&_=20260718140000
2026-06-24,CPO概念,BK1128,90.BK1128,10824.4,10719.49,11145.93,10711.85,11137.85,313.45,2.9,39501449,353220581091,4.01,4.96,122.47801257,222.47801257,https://r.jina.ai/http://push2his.eastmoney.com/api/qt/stock/kline/get?secid=90.BK1128&ut=fa5fd1943c7b386f172d6893dbfba10b&fields1=f1%2Cf2%2Cf3%2Cf4%2Cf5%2Cf6&fields2=f51%2Cf52%2Cf53%2Cf54%2Cf55%2Cf56%2Cf57%2Cf58%2Cf59%2Cf60%2Cf61&klt=101&fqt=0&beg=20251201&end=20260717&lmt=1000&_=20260718140000
2026-06-24,PCB概念,BK0877,90.BK0877,5086.9,5048.62,5232.52,5025.75,5231.16,144.26,2.84,64270968,339409800836,4.06,6.15,92.02131955,192.02131955,https://r.jina.ai/http://push2his.eastmoney.com/api/qt/stock/kline/get?secid=90.BK0877&ut=fa5fd1943c7b386f172d6893dbfba10b&fields1=f1%2Cf2%2Cf3%2Cf4%2Cf5%2Cf6&fields2=f51%2Cf52%2Cf53%2Cf54%2Cf55%2Cf56%2Cf57%2Cf58%2Cf59%2Cf60%2Cf61&klt=101&fqt=0&beg=20251201&end=20260717&lmt=1000&_=20260718140000
2026-06-24,上证指数,000001.SH,1.000001,4106.25,4090.1,4117.28,4075.49,4110.81,4.56,0.11,644527518,1514193285000.4,1.02,1.33,3.57711573,103.57711573,https://r.jina.ai/http://push2his.eastmoney.com/api/qt/stock/kline/get?secid=1.000001&ut=fa5fd1943c7b386f172d6893dbfba10b&fields1=f1%2Cf2%2Cf3%2Cf4%2Cf5%2Cf6&fields2=f51%2Cf52%2Cf53%2Cf54%2Cf55%2Cf56%2Cf57%2Cf58%2Cf59%2Cf60%2Cf61&klt=101&fqt=0&beg=20251201&end=20260717&lmt=1000&_=20260718140000
2026-06-24,创业板指,399006.SZ,0.399006,4192.19,4181.91,4257.25,4161.58,4251.42,59.23,1.41,242949976,853839664922.36,2.28,4.34,32.72539391,132.72539391,https://r.jina.ai/http://push2his.eastmoney.com/api/qt/stock/kline/get?secid=0.399006&ut=fa5fd1943c7b386f172d6893dbfba10b&fields1=f1%2Cf2%2Cf3%2Cf4%2Cf5%2Cf6&fields2=f51%2Cf52%2Cf53%2Cf54%2Cf55%2Cf56%2Cf57%2Cf58%2Cf59%2Cf60%2Cf61&klt=101&fqt=0&beg=20251201&end=20260717&lmt=1000&_=20260718140000
2026-06-24,半导体材料设备指数,931743.CSI,2.931743,10525.81,10316.76,11202.68,10316.59,11091.33,565.52,5.37,13265511,134017528739,8.42,7.75,115.39992776,215.39992776,https://r.jina.ai/http://push2his.eastmoney.com/api/qt/stock/kline/get?secid=2.931743&ut=fa5fd1943c7b386f172d6893dbfba10b&fields1=f1%2Cf2%2Cf3%2Cf4%2Cf5%2Cf6&fields2=f51%2Cf52%2Cf53%2Cf54%2Cf55%2Cf56%2Cf57%2Cf58%2Cf59%2Cf60%2Cf61&klt=101&fqt=0&beg=20251201&end=20260717&lmt=1000&_=20260718140000
2026-06-24,存储芯片概念,BK1137,90.BK1137,3471.27,3434.47,3627.03,3400.93,3626.78,155.51,4.48,59160277,470801608159,6.51,7.02,79.70013477,179.70013477,https://r.jina.ai/http://push2his.eastmoney.com/api/qt/stock/kline/get?secid=90.BK1137&ut=fa5fd1943c7b386f172d6893dbfba10b&fields1=f1%2Cf2%2Cf3%2Cf4%2Cf5%2Cf6&fields2=f51%2Cf52%2Cf53%2Cf54%2Cf55%2Cf56%2Cf57%2Cf58%2Cf59%2Cf60%2Cf61&klt=101&fqt=0&beg=20251201&end=20260717&lmt=1000&_=20260718140000
2026-06-24,科创50指数,000688.SH,1.000688,1916.21,1896.34,1997.9,1886.74,1989.43,73.22,3.82,18532528,194575244326,5.8,2.64,48.00104151,148.00104151,https://r.jina.ai/http://push2his.eastmoney.com/api/qt/stock/kline/get?secid=1.000688&ut=fa5fd1943c7b386f172d6893dbfba10b&fields1=f1%2Cf2%2Cf3%2Cf4%2Cf5%2Cf6&fields2=f51%2Cf52%2Cf53%2Cf54%2Cf55%2Cf56%2Cf57%2Cf58%2Cf59%2Cf60%2Cf61&klt=101&fqt=0&beg=20251201&end=20260717&lmt=1000&_=20260718140000
2026-06-25,CPO概念,BK1128,90.BK1128,11137.85,11208.71,11399.93,11024.79,11397.25,259.4,2.33,39148287,398536653595,3.37,4.91,127.65951497,227.65951497,https://r.jina.ai/http://push2his.eastmoney.com/api/qt/stock/kline/get?secid=90.BK1128&ut=fa5fd1943c7b386f172d6893dbfba10b&fields1=f1%2Cf2%2Cf3%2Cf4%2Cf5%2Cf6&fields2=f51%2Cf52%2Cf53%2Cf54%2Cf55%2Cf56%2Cf57%2Cf58%2Cf59%2Cf60%2Cf61&klt=101&fqt=0&beg=20251201&end=20260717&lmt=1000&_=20260718140000
2026-06-25,PCB概念,BK0877,90.BK0877,5231.16,5248.69,5344.55,5177.59,5329.67,98.51,1.88,72280662,382408526092,3.19,6.91,95.63734739,195.63734739,https://r.jina.ai/http://push2his.eastmoney.com/api/qt/stock/kline/get?secid=90.BK0877&ut=fa5fd1943c7b386f172d6893dbfba10b&fields1=f1%2Cf2%2Cf3%2Cf4%2Cf5%2Cf6&fields2=f51%2Cf52%2Cf53%2Cf54%2Cf55%2Cf56%2Cf57%2Cf58%2Cf59%2Cf60%2Cf61&klt=101&fqt=0&beg=20251201&end=20260717&lmt=1000&_=20260718140000
2026-06-25,上证指数,000001.SH,1.000001,4110.81,4103.48,4133.1,4093.01,4120.28,9.47,0.23,670459917,1618996555015.6,0.98,1.39,3.81572449,103.81572449,https://r.jina.ai/http://push2his.eastmoney.com/api/qt/stock/kline/get?secid=1.000001&ut=fa5fd1943c7b386f172d6893dbfba10b&fields1=f1%2Cf2%2Cf3%2Cf4%2Cf5%2Cf6&fields2=f51%2Cf52%2Cf53%2Cf54%2Cf55%2Cf56%2Cf57%2Cf58%2Cf59%2Cf60%2Cf61&klt=101&fqt=0&beg=20251201&end=20260717&lmt=1000&_=20260718140000
2026-06-25,创业板指,399006.SZ,0.399006,4251.42,4278.34,4380.41,4242.86,4371.99,120.57,2.84,257839095,983109466881.69,3.24,4.61,36.48947761,136.48947761,https://r.jina.ai/http://push2his.eastmoney.com/api/qt/stock/kline/get?secid=0.399006&ut=fa5fd1943c7b386f172d6893dbfba10b&fields1=f1%2Cf2%2Cf3%2Cf4%2Cf5%2Cf6&fields2=f51%2Cf52%2Cf53%2Cf54%2Cf55%2Cf56%2Cf57%2Cf58%2Cf59%2Cf60%2Cf61&klt=101&fqt=0&beg=20251201&end=20260717&lmt=1000&_=20260718140000
2026-06-25,半导体材料设备指数,931743.CSI,2.931743,11091.33,11239.95,11562.86,11130.59,11424.29,332.96,3,14290666,142870979814,3.9,8.35,121.86620006,221.86620006,https://r.jina.ai/http://push2his.eastmoney.com/api/qt/stock/kline/get?secid=2.931743&ut=fa5fd1943c7b386f172d6893dbfba10b&fields1=f1%2Cf2%2Cf3%2Cf4%2Cf5%2Cf6&fields2=f51%2Cf52%2Cf53%2Cf54%2Cf55%2Cf56%2Cf57%2Cf58%2Cf59%2Cf60%2Cf61&klt=101&fqt=0&beg=20251201&end=20260717&lmt=1000&_=20260718140000
2026-06-25,存储芯片概念,BK1137,90.BK1137,3626.78,3694.02,3775.6,3656.75,3763.79,137.01,3.78,63046220,514182727995,3.28,7.49,86.48872285,186.48872285,https://r.jina.ai/http://push2his.eastmoney.com/api/qt/stock/kline/get?secid=90.BK1137&ut=fa5fd1943c7b386f172d6893dbfba10b&fields1=f1%2Cf2%2Cf3%2Cf4%2Cf5%2Cf6&fields2=f51%2Cf52%2Cf53%2Cf54%2Cf55%2Cf56%2Cf57%2Cf58%2Cf59%2Cf60%2Cf61&klt=101&fqt=0&beg=20251201&end=20260717&lmt=1000&_=20260718140000
2026-06-25,科创50指数,000688.SH,1.000688,1989.43,2004.77,2076.88,2000.8,2066.33,76.9,3.87,18510032,220503757844,3.82,2.64,53.72191638,153.72191638,https://r.jina.ai/http://push2his.eastmoney.com/api/qt/stock/kline/get?secid=1.000688&ut=fa5fd1943c7b386f172d6893dbfba10b&fields1=f1%2Cf2%2Cf3%2Cf4%2Cf5%2Cf6&fields2=f51%2Cf52%2Cf53%2Cf54%2Cf55%2Cf56%2Cf57%2Cf58%2Cf59%2Cf60%2Cf61&klt=101&fqt=0&beg=20251201&end=20260717&lmt=1000&_=20260718140000
2026-06-26,CPO概念,BK1128,90.BK1128,11397.25,11234.31,11234.31,10733.06,10784.45,-612.8,-5.38,47115023,415960605547,4.4,5.91,115.41886474,215.41886474,https://r.jina.ai/http://push2his.eastmoney.com/api/qt/stock/kline/get?secid=90.BK1128&ut=fa5fd1943c7b386f172d6893dbfba10b&fields1=f1%2Cf2%2Cf3%2Cf4%2Cf5%2Cf6&fields2=f51%2Cf52%2Cf53%2Cf54%2Cf55%2Cf56%2Cf57%2Cf58%2Cf59%2Cf60%2Cf61&klt=101&fqt=0&beg=20251201&end=20260717&lmt=1000&_=20260718140000
2026-06-26,PCB概念,BK0877,90.BK0877,5329.67,5278.4,5308.96,5138.75,5188.51,-141.16,-2.65,71677521,388632479917,3.19,6.86,90.45575679,190.45575679,https://r.jina.ai/http://push2his.eastmoney.com/api/qt/stock/kline/get?secid=90.BK0877&ut=fa5fd1943c7b386f172d6893dbfba10b&fields1=f1%2Cf2%2Cf3%2Cf4%2Cf5%2Cf6&fields2=f51%2Cf52%2Cf53%2Cf54%2Cf55%2Cf56%2Cf57%2Cf58%2Cf59%2Cf60%2Cf61&klt=101&fqt=0&beg=20251201&end=20260717&lmt=1000&_=20260718140000
2026-06-26,上证指数,000001.SH,1.000001,4120.28,4098.69,4099.78,4007.86,4027.26,-93.02,-2.26,660108666,1621195708659.7,2.23,1.36,1.47196662,101.47196662,https://r.jina.ai/http://push2his.eastmoney.com/api/qt/stock/kline/get?secid=1.000001&ut=fa5fd1943c7b386f172d6893dbfba10b&fields1=f1%2Cf2%2Cf3%2Cf4%2Cf5%2Cf6&fields2=f51%2Cf52%2Cf53%2Cf54%2Cf55%2Cf56%2Cf57%2Cf58%2Cf59%2Cf60%2Cf61&klt=101&fqt=0&beg=20251201&end=20260717&lmt=1000&_=20260718140000
2026-06-26,创业板指,399006.SZ,0.399006,4371.99,4319.41,4328.7,4175.38,4194.21,-177.78,-4.07,250844543,938117550248.93,3.51,4.48,30.93935071,130.93935071,https://r.jina.ai/http://push2his.eastmoney.com/api/qt/stock/kline/get?secid=0.399006&ut=fa5fd1943c7b386f172d6893dbfba10b&fields1=f1%2Cf2%2Cf3%2Cf4%2Cf5%2Cf6&fields2=f51%2Cf52%2Cf53%2Cf54%2Cf55%2Cf56%2Cf57%2Cf58%2Cf59%2Cf60%2Cf61&klt=101&fqt=0&beg=20251201&end=20260717&lmt=1000&_=20260718140000
2026-06-26,半导体材料设备指数,931743.CSI,2.931743,11424.29,11353.22,12025.93,11335.89,11840.84,416.55,3.65,16764746,168009810542,6.04,9.79,129.95583763,229.95583763,https://r.jina.ai/http://push2his.eastmoney.com/api/qt/stock/kline/get?secid=2.931743&ut=fa5fd1943c7b386f172d6893dbfba10b&fields1=f1%2Cf2%2Cf3%2Cf4%2Cf5%2Cf6&fields2=f51%2Cf52%2Cf53%2Cf54%2Cf55%2Cf56%2Cf57%2Cf58%2Cf59%2Cf60%2Cf61&klt=101&fqt=0&beg=20251201&end=20260717&lmt=1000&_=20260718140000
2026-06-26,存储芯片概念,BK1137,90.BK1137,3763.79,3726.95,3818.28,3684.22,3768.09,4.3,0.11,76104987,556021070755,3.56,9.04,86.70177977,186.70177977,https://r.jina.ai/http://push2his.eastmoney.com/api/qt/stock/kline/get?secid=90.BK1137&ut=fa5fd1943c7b386f172d6893dbfba10b&fields1=f1%2Cf2%2Cf3%2Cf4%2Cf5%2Cf6&fields2=f51%2Cf52%2Cf53%2Cf54%2Cf55%2Cf56%2Cf57%2Cf58%2Cf59%2Cf60%2Cf61&klt=101&fqt=0&beg=20251201&end=20260717&lmt=1000&_=20260718140000
2026-06-26,科创50指数,000688.SH,1.000688,2066.33,2034.43,2076.47,1976.92,2032.28,-34.05,-1.65,19695170,201727512998,4.82,2.81,51.18881119,151.18881119,https://r.jina.ai/http://push2his.eastmoney.com/api/qt/stock/kline/get?secid=1.000688&ut=fa5fd1943c7b386f172d6893dbfba10b&fields1=f1%2Cf2%2Cf3%2Cf4%2Cf5%2Cf6&fields2=f51%2Cf52%2Cf53%2Cf54%2Cf55%2Cf56%2Cf57%2Cf58%2Cf59%2Cf60%2Cf61&klt=101&fqt=0&beg=20251201&end=20260717&lmt=1000&_=20260718140000
2026-06-29,CPO概念,BK1128,90.BK1128,10784.45,10748.78,10975.07,10129.21,10524.19,-260.26,-2.41,40533248,359157751824,7.84,5.09,110.22018389,210.22018389,https://r.jina.ai/http://push2his.eastmoney.com/api/qt/stock/kline/get?secid=90.BK1128&ut=fa5fd1943c7b386f172d6893dbfba10b&fields1=f1%2Cf2%2Cf3%2Cf4%2Cf5%2Cf6&fields2=f51%2Cf52%2Cf53%2Cf54%2Cf55%2Cf56%2Cf57%2Cf58%2Cf59%2Cf60%2Cf61&klt=101&fqt=0&beg=20251201&end=20260717&lmt=1000&_=20260718140000
2026-06-29,PCB概念,BK0877,90.BK0877,5188.51,5182.24,5244.95,4864.21,5002.48,-186.03,-3.59,70955404,374548402290,7.34,6.79,83.62711342,183.62711342,https://r.jina.ai/http://push2his.eastmoney.com/api/qt/stock/kline/get?secid=90.BK0877&ut=fa5fd1943c7b386f172d6893dbfba10b&fields1=f1%2Cf2%2Cf3%2Cf4%2Cf5%2Cf6&fields2=f51%2Cf52%2Cf53%2Cf54%2Cf55%2Cf56%2Cf57%2Cf58%2Cf59%2Cf60%2Cf61&klt=101&fqt=0&beg=20251201&end=20260717&lmt=1000&_=20260718140000
2026-06-29,上证指数,000001.SH,1.000001,4027.26,4026.69,4075.33,3992.55,4073.9,46.64,1.16,659199936,1666220369467.3,2.06,1.36,2.64712107,102.64712107,https://r.jina.ai/http://push2his.eastmoney.com/api/qt/stock/kline/get?secid=1.000001&ut=fa5fd1943c7b386f172d6893dbfba10b&fields1=f1%2Cf2%2Cf3%2Cf4%2Cf5%2Cf6&fields2=f51%2Cf52%2Cf53%2Cf54%2Cf55%2Cf56%2Cf57%2Cf58%2Cf59%2Cf60%2Cf61&klt=101&fqt=0&beg=20251201&end=20260717&lmt=1000&_=20260718140000
2026-06-29,创业板指,399006.SZ,0.399006,4194.21,4200.67,4265.46,4103.63,4216.7,22.49,0.54,252199771,921211835851.52,3.86,4.51,31.64146767,131.64146767,https://r.jina.ai/http://push2his.eastmoney.com/api/qt/stock/kline/get?secid=0.399006&ut=fa5fd1943c7b386f172d6893dbfba10b&fields1=f1%2Cf2%2Cf3%2Cf4%2Cf5%2Cf6&fields2=f51%2Cf52%2Cf53%2Cf54%2Cf55%2Cf56%2Cf57%2Cf58%2Cf59%2Cf60%2Cf61&klt=101&fqt=0&beg=20251201&end=20260717&lmt=1000&_=20260718140000
2026-06-29,半导体材料设备指数,931743.CSI,2.931743,11840.84,11994.38,12853.9,11842.88,12806.88,966.04,8.16,19716521,200379830001,8.54,11.51,148.71688308,248.71688308,https://r.jina.ai/http://push2his.eastmoney.com/api/qt/stock/kline/get?secid=2.931743&ut=fa5fd1943c7b386f172d6893dbfba10b&fields1=f1%2Cf2%2Cf3%2Cf4%2Cf5%2Cf6&fields2=f51%2Cf52%2Cf53%2Cf54%2Cf55%2Cf56%2Cf57%2Cf58%2Cf59%2Cf60%2Cf61&klt=101&fqt=0&beg=20251201&end=20260717&lmt=1000&_=20260718140000
2026-06-29,存储芯片概念,BK1137,90.BK1137,3768.09,3795.51,3908.48,3641.45,3849.49,81.4,2.16,76372551,593119943369,7.09,9.07,90.73499683,190.73499683,https://r.jina.ai/http://push2his.eastmoney.com/api/qt/stock/kline/get?secid=90.BK1137&ut=fa5fd1943c7b386f172d6893dbfba10b&fields1=f1%2Cf2%2Cf3%2Cf4%2Cf5%2Cf6&fields2=f51%2Cf52%2Cf53%2Cf54%2Cf55%2Cf56%2Cf57%2Cf58%2Cf59%2Cf60%2Cf61&klt=101&fqt=0&beg=20251201&end=20260717&lmt=1000&_=20260718140000
2026-06-29,科创50指数,000688.SH,1.000688,2032.28,2039.67,2127.8,2013.51,2126.01,93.73,4.61,20661484,230072493023,5.62,2.95,58.16173189,158.16173189,https://r.jina.ai/http://push2his.eastmoney.com/api/qt/stock/kline/get?secid=1.000688&ut=fa5fd1943c7b386f172d6893dbfba10b&fields1=f1%2Cf2%2Cf3%2Cf4%2Cf5%2Cf6&fields2=f51%2Cf52%2Cf53%2Cf54%2Cf55%2Cf56%2Cf57%2Cf58%2Cf59%2Cf60%2Cf61&klt=101&fqt=0&beg=20251201&end=20260717&lmt=1000&_=20260718140000
2026-06-30,CPO概念,BK1128,90.BK1128,10524.19,10569,11150.94,10514.19,11072,547.81,5.21,40266541,348077632571,6.05,5.05,121.16266202,221.16266202,https://r.jina.ai/http://push2his.eastmoney.com/api/qt/stock/kline/get?secid=90.BK1128&ut=fa5fd1943c7b386f172d6893dbfba10b&fields1=f1%2Cf2%2Cf3%2Cf4%2Cf5%2Cf6&fields2=f51%2Cf52%2Cf53%2Cf54%2Cf55%2Cf56%2Cf57%2Cf58%2Cf59%2Cf60%2Cf61&klt=101&fqt=0&beg=20251201&end=20260717&lmt=1000&_=20260718140000
2026-06-30,PCB概念,BK0877,90.BK0877,5002.48,4993.93,5208.38,4973.62,5198.51,196.03,3.92,61448294,363949553824,4.69,5.88,90.82282895,190.82282895,https://r.jina.ai/http://push2his.eastmoney.com/api/qt/stock/kline/get?secid=90.BK0877&ut=fa5fd1943c7b386f172d6893dbfba10b&fields1=f1%2Cf2%2Cf3%2Cf4%2Cf5%2Cf6&fields2=f51%2Cf52%2Cf53%2Cf54%2Cf55%2Cf56%2Cf57%2Cf58%2Cf59%2Cf60%2Cf61&klt=101&fqt=0&beg=20251201&end=20260717&lmt=1000&_=20260718140000
2026-06-30,上证指数,000001.SH,1.000001,4073.9,4058.17,4097.42,4052.17,4094.4,20.5,0.5,598412203,1530325961725.2,1.11,1.24,3.16364479,103.16364479,https://r.jina.ai/http://push2his.eastmoney.com/api/qt/stock/kline/get?secid=1.000001&ut=fa5fd1943c7b386f172d6893dbfba10b&fields1=f1%2Cf2%2Cf3%2Cf4%2Cf5%2Cf6&fields2=f51%2Cf52%2Cf53%2Cf54%2Cf55%2Cf56%2Cf57%2Cf58%2Cf59%2Cf60%2Cf61&klt=101&fqt=0&beg=20251201&end=20260717&lmt=1000&_=20260718140000
2026-06-30,创业板指,399006.SZ,0.399006,4216.7,4217.63,4353.11,4205.74,4342.71,126.01,2.99,231700716,864428984357.07,3.49,4.14,35.57538314,135.57538314,https://r.jina.ai/http://push2his.eastmoney.com/api/qt/stock/kline/get?secid=0.399006&ut=fa5fd1943c7b386f172d6893dbfba10b&fields1=f1%2Cf2%2Cf3%2Cf4%2Cf5%2Cf6&fields2=f51%2Cf52%2Cf53%2Cf54%2Cf55%2Cf56%2Cf57%2Cf58%2Cf59%2Cf60%2Cf61&klt=101&fqt=0&beg=20251201&end=20260717&lmt=1000&_=20260718140000
2026-06-30,半导体材料设备指数,931743.CSI,2.931743,12806.88,12833.68,13208.7,12599.08,13151.79,344.91,2.69,16440303,177780721059,4.76,9.6,155.41523116,255.41523116,https://r.jina.ai/http://push2his.eastmoney.com/api/qt/stock/kline/get?secid=2.931743&ut=fa5fd1943c7b386f172d6893dbfba10b&fields1=f1%2Cf2%2Cf3%2Cf4%2Cf5%2Cf6&fields2=f51%2Cf52%2Cf53%2Cf54%2Cf55%2Cf56%2Cf57%2Cf58%2Cf59%2Cf60%2Cf61&klt=101&fqt=0&beg=20251201&end=20260717&lmt=1000&_=20260718140000
2026-06-30,存储芯片概念,BK1137,90.BK1137,3849.49,3833.16,4024.55,3800.53,4022.76,173.27,4.5,64965094,539749287847,5.82,7.71,99.32019978,199.32019978,https://r.jina.ai/http://push2his.eastmoney.com/api/qt/stock/kline/get?secid=90.BK1137&ut=fa5fd1943c7b386f172d6893dbfba10b&fields1=f1%2Cf2%2Cf3%2Cf4%2Cf5%2Cf6&fields2=f51%2Cf52%2Cf53%2Cf54%2Cf55%2Cf56%2Cf57%2Cf58%2Cf59%2Cf60%2Cf61&klt=101&fqt=0&beg=20251201&end=20260717&lmt=1000&_=20260718140000
2026-06-30,科创50指数,000688.SH,1.000688,2126.01,2132.88,2214.61,2113.95,2207.86,81.85,3.85,19617861,219350486072,4.73,2.8,64.25085553,164.25085553,https://r.jina.ai/http://push2his.eastmoney.com/api/qt/stock/kline/get?secid=1.000688&ut=fa5fd1943c7b386f172d6893dbfba10b&fields1=f1%2Cf2%2Cf3%2Cf4%2Cf5%2Cf6&fields2=f51%2Cf52%2Cf53%2Cf54%2Cf55%2Cf56%2Cf57%2Cf58%2Cf59%2Cf60%2Cf61&klt=101&fqt=0&beg=20251201&end=20260717&lmt=1000&_=20260718140000
2026-07-01,CPO概念,BK1128,90.BK1128,11072,11094.34,11269.84,10622.13,10738.32,-333.68,-3.01,44587716,355494003035,5.85,5.59,114.49742024,214.49742024,https://r.jina.ai/http://push2his.eastmoney.com/api/qt/stock/kline/get?secid=90.BK1128&ut=fa5fd1943c7b386f172d6893dbfba10b&fields1=f1%2Cf2%2Cf3%2Cf4%2Cf5%2Cf6&fields2=f51%2Cf52%2Cf53%2Cf54%2Cf55%2Cf56%2Cf57%2Cf58%2Cf59%2Cf60%2Cf61&klt=101&fqt=0&beg=20251201&end=20260717&lmt=1000&_=20260718140000
2026-07-01,PCB概念,BK0877,90.BK0877,5198.51,5210.58,5302.87,5093.81,5142.17,-56.34,-1.08,66309903,373946111344,4.02,6.34,88.75474441,188.75474441,https://r.jina.ai/http://push2his.eastmoney.com/api/qt/stock/kline/get?secid=90.BK0877&ut=fa5fd1943c7b386f172d6893dbfba10b&fields1=f1%2Cf2%2Cf3%2Cf4%2Cf5%2Cf6&fields2=f51%2Cf52%2Cf53%2Cf54%2Cf55%2Cf56%2Cf57%2Cf58%2Cf59%2Cf60%2Cf61&klt=101&fqt=0&beg=20251201&end=20260717&lmt=1000&_=20260718140000
2026-07-01,上证指数,000001.SH,1.000001,4094.4,4090.76,4143.31,4087.54,4112.45,18.05,0.44,672331791,1698487572312.8,1.36,1.39,3.61843763,103.61843763,https://r.jina.ai/http://push2his.eastmoney.com/api/qt/stock/kline/get?secid=1.000001&ut=fa5fd1943c7b386f172d6893dbfba10b&fields1=f1%2Cf2%2Cf3%2Cf4%2Cf5%2Cf6&fields2=f51%2Cf52%2Cf53%2Cf54%2Cf55%2Cf56%2Cf57%2Cf58%2Cf59%2Cf60%2Cf61&klt=101&fqt=0&beg=20251201&end=20260717&lmt=1000&_=20260718140000
2026-07-01,创业板指,399006.SZ,0.399006,4342.71,4336.16,4361.83,4222.22,4260.72,-81.99,-1.89,276652544,988528654272.37,3.21,4.95,33.01573129,133.01573129,https://r.jina.ai/http://push2his.eastmoney.com/api/qt/stock/kline/get?secid=0.399006&ut=fa5fd1943c7b386f172d6893dbfba10b&fields1=f1%2Cf2%2Cf3%2Cf4%2Cf5%2Cf6&fields2=f51%2Cf52%2Cf53%2Cf54%2Cf55%2Cf56%2Cf57%2Cf58%2Cf59%2Cf60%2Cf61&klt=101&fqt=0&beg=20251201&end=20260717&lmt=1000&_=20260718140000
2026-07-01,半导体材料设备指数,931743.CSI,2.931743,13151.79,13105.23,14013.42,12988.37,13246.87,95.08,0.72,17309724,198207435606,7.79,10.11,157.26173876,257.26173876,https://r.jina.ai/http://push2his.eastmoney.com/api/qt/stock/kline/get?secid=2.931743&ut=fa5fd1943c7b386f172d6893dbfba10b&fields1=f1%2Cf2%2Cf3%2Cf4%2Cf5%2Cf6&fields2=f51%2Cf52%2Cf53%2Cf54%2Cf55%2Cf56%2Cf57%2Cf58%2Cf59%2Cf60%2Cf61&klt=101&fqt=0&beg=20251201&end=20260717&lmt=1000&_=20260718140000
2026-07-01,存储芯片概念,BK1137,90.BK1137,4022.76,4028.11,4177.2,3985.54,4030.1,7.34,0.18,73376275,602804761119,4.76,8.71,99.68388299,199.68388299,https://r.jina.ai/http://push2his.eastmoney.com/api/qt/stock/kline/get?secid=90.BK1137&ut=fa5fd1943c7b386f172d6893dbfba10b&fields1=f1%2Cf2%2Cf3%2Cf4%2Cf5%2Cf6&fields2=f51%2Cf52%2Cf53%2Cf54%2Cf55%2Cf56%2Cf57%2Cf58%2Cf59%2Cf60%2Cf61&klt=101&fqt=0&beg=20251201&end=20260717&lmt=1000&_=20260718140000
2026-07-01,科创50指数,000688.SH,1.000688,2207.86,2205.66,2255.25,2120.36,2153.04,-54.82,-2.48,22580954,232328268900,6.11,3.22,60.17259336,160.17259336,https://r.jina.ai/http://push2his.eastmoney.com/api/qt/stock/kline/get?secid=1.000688&ut=fa5fd1943c7b386f172d6893dbfba10b&fields1=f1%2Cf2%2Cf3%2Cf4%2Cf5%2Cf6&fields2=f51%2Cf52%2Cf53%2Cf54%2Cf55%2Cf56%2Cf57%2Cf58%2Cf59%2Cf60%2Cf61&klt=101&fqt=0&beg=20251201&end=20260717&lmt=1000&_=20260718140000
2026-07-02,CPO概念,BK1128,90.BK1128,10738.32,10313.11,10520.15,9996.65,10040.13,-698.19,-6.5,39535111,315612863698,4.88,4.96,100.55110891,200.55110891,https://r.jina.ai/http://push2his.eastmoney.com/api/qt/stock/kline/get?secid=90.BK1128&ut=fa5fd1943c7b386f172d6893dbfba10b&fields1=f1%2Cf2%2Cf3%2Cf4%2Cf5%2Cf6&fields2=f51%2Cf52%2Cf53%2Cf54%2Cf55%2Cf56%2Cf57%2Cf58%2Cf59%2Cf60%2Cf61&klt=101&fqt=0&beg=20251201&end=20260717&lmt=1000&_=20260718140000
2026-07-02,PCB概念,BK0877,90.BK0877,5142.17,4964.84,5142.38,4894.62,4927.66,-214.51,-4.17,63371680,329654123649,4.82,6.06,80.88067952,180.88067952,https://r.jina.ai/http://push2his.eastmoney.com/api/qt/stock/kline/get?secid=90.BK0877&ut=fa5fd1943c7b386f172d6893dbfba10b&fields1=f1%2Cf2%2Cf3%2Cf4%2Cf5%2Cf6&fields2=f51%2Cf52%2Cf53%2Cf54%2Cf55%2Cf56%2Cf57%2Cf58%2Cf59%2Cf60%2Cf61&klt=101&fqt=0&beg=20251201&end=20260717&lmt=1000&_=20260718140000
2026-07-02,上证指数,000001.SH,1.000001,4112.45,4054.09,4093.68,4019.21,4028.9,-83.55,-2.03,656233612,1577183734746.7,1.81,1.36,1.51328852,101.51328852,https://r.jina.ai/http://push2his.eastmoney.com/api/qt/stock/kline/get?secid=1.000001&ut=fa5fd1943c7b386f172d6893dbfba10b&fields1=f1%2Cf2%2Cf3%2Cf4%2Cf5%2Cf6&fields2=f51%2Cf52%2Cf53%2Cf54%2Cf55%2Cf56%2Cf57%2Cf58%2Cf59%2Cf60%2Cf61&klt=101&fqt=0&beg=20251201&end=20260717&lmt=1000&_=20260718140000
2026-07-02,创业板指,399006.SZ,0.399006,4260.72,4135.34,4168.87,3999.57,4017.27,-243.45,-5.71,260641470,896791614694.28,3.97,4.66,25.41544782,125.41544782,https://r.jina.ai/http://push2his.eastmoney.com/api/qt/stock/kline/get?secid=0.399006&ut=fa5fd1943c7b386f172d6893dbfba10b&fields1=f1%2Cf2%2Cf3%2Cf4%2Cf5%2Cf6&fields2=f51%2Cf52%2Cf53%2Cf54%2Cf55%2Cf56%2Cf57%2Cf58%2Cf59%2Cf60%2Cf61&klt=101&fqt=0&beg=20251201&end=20260717&lmt=1000&_=20260718140000
2026-07-02,半导体材料设备指数,931743.CSI,2.931743,13246.87,12477.35,12803.11,11958.5,12020.52,-1226.35,-9.26,16884350,187615807129,6.38,9.86,133.44532528,233.44532528,https://r.jina.ai/http://push2his.eastmoney.com/api/qt/stock/kline/get?secid=2.931743&ut=fa5fd1943c7b386f172d6893dbfba10b&fields1=f1%2Cf2%2Cf3%2Cf4%2Cf5%2Cf6&fields2=f51%2Cf52%2Cf53%2Cf54%2Cf55%2Cf56%2Cf57%2Cf58%2Cf59%2Cf60%2Cf61&klt=101&fqt=0&beg=20251201&end=20260717&lmt=1000&_=20260718140000
2026-07-02,存储芯片概念,BK1137,90.BK1137,4030.1,3843,3965.03,3757.64,3794.51,-235.59,-5.85,64573800,508975183080,5.15,7.67,88.01084113,188.01084113,https://r.jina.ai/http://push2his.eastmoney.com/api/qt/stock/kline/get?secid=90.BK1137&ut=fa5fd1943c7b386f172d6893dbfba10b&fields1=f1%2Cf2%2Cf3%2Cf4%2Cf5%2Cf6&fields2=f51%2Cf52%2Cf53%2Cf54%2Cf55%2Cf56%2Cf57%2Cf58%2Cf59%2Cf60%2Cf61&klt=101&fqt=0&beg=20251201&end=20260717&lmt=1000&_=20260718140000
2026-07-02,科创50指数,000688.SH,1.000688,2153.04,2059.9,2105.29,1978.32,1987.29,-165.75,-7.7,20913363,214952503503,5.9,2.98,47.84183901,147.84183901,https://r.jina.ai/http://push2his.eastmoney.com/api/qt/stock/kline/get?secid=1.000688&ut=fa5fd1943c7b386f172d6893dbfba10b&fields1=f1%2Cf2%2Cf3%2Cf4%2Cf5%2Cf6&fields2=f51%2Cf52%2Cf53%2Cf54%2Cf55%2Cf56%2Cf57%2Cf58%2Cf59%2Cf60%2Cf61&klt=101&fqt=0&beg=20251201&end=20260717&lmt=1000&_=20260718140000
2026-07-03,CPO概念,BK1128,90.BK1128,10040.13,10039.65,10290.41,9912.85,9975.62,-64.51,-0.64,34998435,281358179282,3.76,4.39,99.26252479,199.26252479,https://r.jina.ai/http://push2his.eastmoney.com/api/qt/stock/kline/get?secid=90.BK1128&ut=fa5fd1943c7b386f172d6893dbfba10b&fields1=f1%2Cf2%2Cf3%2Cf4%2Cf5%2Cf6&fields2=f51%2Cf52%2Cf53%2Cf54%2Cf55%2Cf56%2Cf57%2Cf58%2Cf59%2Cf60%2Cf61&klt=101&fqt=0&beg=20251201&end=20260717&lmt=1000&_=20260718140000
2026-07-03,PCB概念,BK0877,90.BK0877,4927.66,4911.26,5034.66,4848.61,4911.92,-15.74,-0.32,62844119,329100790845,3.78,6.01,80.30290795,180.30290795,https://r.jina.ai/http://push2his.eastmoney.com/api/qt/stock/kline/get?secid=90.BK0877&ut=fa5fd1943c7b386f172d6893dbfba10b&fields1=f1%2Cf2%2Cf3%2Cf4%2Cf5%2Cf6&fields2=f51%2Cf52%2Cf53%2Cf54%2Cf55%2Cf56%2Cf57%2Cf58%2Cf59%2Cf60%2Cf61&klt=101&fqt=0&beg=20251201&end=20260717&lmt=1000&_=20260718140000
2026-07-03,上证指数,000001.SH,1.000001,4028.9,4031.34,4073.88,4027.26,4043.64,14.74,0.37,602009738,1465563104853.7,1.16,1.24,1.88468167,101.88468167,https://r.jina.ai/http://push2his.eastmoney.com/api/qt/stock/kline/get?secid=1.000001&ut=fa5fd1943c7b386f172d6893dbfba10b&fields1=f1%2Cf2%2Cf3%2Cf4%2Cf5%2Cf6&fields2=f51%2Cf52%2Cf53%2Cf54%2Cf55%2Cf56%2Cf57%2Cf58%2Cf59%2Cf60%2Cf61&klt=101&fqt=0&beg=20251201&end=20260717&lmt=1000&_=20260718140000
2026-07-03,创业板指,399006.SZ,0.399006,4017.27,4010.82,4115.63,3985.36,4019.93,2.66,0.07,237720368,809250391431.07,3.24,4.25,25.49849056,125.49849056,https://r.jina.ai/http://push2his.eastmoney.com/api/qt/stock/kline/get?secid=0.399006&ut=fa5fd1943c7b386f172d6893dbfba10b&fields1=f1%2Cf2%2Cf3%2Cf4%2Cf5%2Cf6&fields2=f51%2Cf52%2Cf53%2Cf54%2Cf55%2Cf56%2Cf57%2Cf58%2Cf59%2Cf60%2Cf61&klt=101&fqt=0&beg=20251201&end=20260717&lmt=1000&_=20260718140000
2026-07-03,半导体材料设备指数,931743.CSI,2.931743,12020.52,11758.86,12047.7,11336.63,11648.26,-372.26,-3.1,15675335,161909982326,5.92,9.15,126.21582466,226.21582466,https://r.jina.ai/http://push2his.eastmoney.com/api/qt/stock/kline/get?secid=2.931743&ut=fa5fd1943c7b386f172d6893dbfba10b&fields1=f1%2Cf2%2Cf3%2Cf4%2Cf5%2Cf6&fields2=f51%2Cf52%2Cf53%2Cf54%2Cf55%2Cf56%2Cf57%2Cf58%2Cf59%2Cf60%2Cf61&klt=101&fqt=0&beg=20251201&end=20260717&lmt=1000&_=20260718140000
2026-07-03,存储芯片概念,BK1137,90.BK1137,3794.51,3762.27,3849.52,3677.09,3745.3,-49.21,-1.3,57927032,471339859641,4.54,6.88,85.57257809,185.57257809,https://r.jina.ai/http://push2his.eastmoney.com/api/qt/stock/kline/get?secid=90.BK1137&ut=fa5fd1943c7b386f172d6893dbfba10b&fields1=f1%2Cf2%2Cf3%2Cf4%2Cf5%2Cf6&fields2=f51%2Cf52%2Cf53%2Cf54%2Cf55%2Cf56%2Cf57%2Cf58%2Cf59%2Cf60%2Cf61&klt=101&fqt=0&beg=20251201&end=20260717&lmt=1000&_=20260718140000
2026-07-03,科创50指数,000688.SH,1.000688,1987.29,1978.75,2039.31,1948.17,1975.6,-11.69,-0.59,17583808,174846760565,4.59,2.51,46.97217676,146.97217676,https://r.jina.ai/http://push2his.eastmoney.com/api/qt/stock/kline/get?secid=1.000688&ut=fa5fd1943c7b386f172d6893dbfba10b&fields1=f1%2Cf2%2Cf3%2Cf4%2Cf5%2Cf6&fields2=f51%2Cf52%2Cf53%2Cf54%2Cf55%2Cf56%2Cf57%2Cf58%2Cf59%2Cf60%2Cf61&klt=101&fqt=0&beg=20251201&end=20260717&lmt=1000&_=20260718140000
2026-07-06,CPO概念,BK1128,90.BK1128,9975.62,10120.71,10137.62,9509.22,9744.27,-231.35,-2.32,38893622,273955894773,6.3,4.88,94.64131978,194.64131978,https://r.jina.ai/http://push2his.eastmoney.com/api/qt/stock/kline/get?secid=90.BK1128&ut=fa5fd1943c7b386f172d6893dbfba10b&fields1=f1%2Cf2%2Cf3%2Cf4%2Cf5%2Cf6&fields2=f51%2Cf52%2Cf53%2Cf54%2Cf55%2Cf56%2Cf57%2Cf58%2Cf59%2Cf60%2Cf61&klt=101&fqt=0&beg=20251201&end=20260717&lmt=1000&_=20260718140000
2026-07-06,PCB概念,BK0877,90.BK0877,4911.92,4952.78,4995.63,4662.25,4716.79,-195.13,-3.97,64582936,305995577129,6.79,6.18,73.14022891,173.14022891,https://r.jina.ai/http://push2his.eastmoney.com/api/qt/stock/kline/get?secid=90.BK0877&ut=fa5fd1943c7b386f172d6893dbfba10b&fields1=f1%2Cf2%2Cf3%2Cf4%2Cf5%2Cf6&fields2=f51%2Cf52%2Cf53%2Cf54%2Cf55%2Cf56%2Cf57%2Cf58%2Cf59%2Cf60%2Cf61&klt=101&fqt=0&beg=20251201&end=20260717&lmt=1000&_=20260718140000
2026-07-06,上证指数,000001.SH,1.000001,4043.64,4059.19,4060.07,4005.41,4041.24,-2.4,-0.06,590364903,1432112821099.2,1.35,1.22,1.8242106,101.8242106,https://r.jina.ai/http://push2his.eastmoney.com/api/qt/stock/kline/get?secid=1.000001&ut=fa5fd1943c7b386f172d6893dbfba10b&fields1=f1%2Cf2%2Cf3%2Cf4%2Cf5%2Cf6&fields2=f51%2Cf52%2Cf53%2Cf54%2Cf55%2Cf56%2Cf57%2Cf58%2Cf59%2Cf60%2Cf61&klt=101&fqt=0&beg=20251201&end=20260717&lmt=1000&_=20260718140000
2026-07-06,创业板指,399006.SZ,0.399006,4019.93,4050.88,4063.63,3903.48,3948.86,-71.07,-1.77,225436541,768975690038.98,3.98,4.03,23.279751,123.279751,https://r.jina.ai/http://push2his.eastmoney.com/api/qt/stock/kline/get?secid=0.399006&ut=fa5fd1943c7b386f172d6893dbfba10b&fields1=f1%2Cf2%2Cf3%2Cf4%2Cf5%2Cf6&fields2=f51%2Cf52%2Cf53%2Cf54%2Cf55%2Cf56%2Cf57%2Cf58%2Cf59%2Cf60%2Cf61&klt=101&fqt=0&beg=20251201&end=20260717&lmt=1000&_=20260718140000
2026-07-06,半导体材料设备指数,931743.CSI,2.931743,11648.26,11835.05,11873.49,11109.17,11537.29,-110.97,-0.95,12630456,133332004348,6.56,7.38,124.06072423,224.06072423,https://r.jina.ai/http://push2his.eastmoney.com/api/qt/stock/kline/get?secid=2.931743&ut=fa5fd1943c7b386f172d6893dbfba10b&fields1=f1%2Cf2%2Cf3%2Cf4%2Cf5%2Cf6&fields2=f51%2Cf52%2Cf53%2Cf54%2Cf55%2Cf56%2Cf57%2Cf58%2Cf59%2Cf60%2Cf61&klt=101&fqt=0&beg=20251201&end=20260717&lmt=1000&_=20260718140000
2026-07-06,存储芯片概念,BK1137,90.BK1137,3745.3,3809.45,3825.47,3605.31,3713.45,-31.85,-0.85,55550396,461884839867,5.88,6.6,83.99447043,183.99447043,https://r.jina.ai/http://push2his.eastmoney.com/api/qt/stock/kline/get?secid=90.BK1137&ut=fa5fd1943c7b386f172d6893dbfba10b&fields1=f1%2Cf2%2Cf3%2Cf4%2Cf5%2Cf6&fields2=f51%2Cf52%2Cf53%2Cf54%2Cf55%2Cf56%2Cf57%2Cf58%2Cf59%2Cf60%2Cf61&klt=101&fqt=0&beg=20251201&end=20260717&lmt=1000&_=20260718140000
2026-07-06,科创50指数,000688.SH,1.000688,1975.6,2015.18,2022.91,1913.82,1996.1,20.5,1.04,16511997,173537383477,5.52,2.36,48.49724743,148.49724743,https://r.jina.ai/http://push2his.eastmoney.com/api/qt/stock/kline/get?secid=1.000688&ut=fa5fd1943c7b386f172d6893dbfba10b&fields1=f1%2Cf2%2Cf3%2Cf4%2Cf5%2Cf6&fields2=f51%2Cf52%2Cf53%2Cf54%2Cf55%2Cf56%2Cf57%2Cf58%2Cf59%2Cf60%2Cf61&klt=101&fqt=0&beg=20251201&end=20260717&lmt=1000&_=20260718140000
2026-07-07,CPO概念,BK1128,90.BK1128,9744.27,9700.68,9832.72,9466.17,9642.26,-102.01,-1.05,38928877,259789501083,3.76,4.88,92.60367499,192.60367499,https://r.jina.ai/http://push2his.eastmoney.com/api/qt/stock/kline/get?secid=90.BK1128&ut=fa5fd1943c7b386f172d6893dbfba10b&fields1=f1%2Cf2%2Cf3%2Cf4%2Cf5%2Cf6&fields2=f51%2Cf52%2Cf53%2Cf54%2Cf55%2Cf56%2Cf57%2Cf58%2Cf59%2Cf60%2Cf61&klt=101&fqt=0&beg=20251201&end=20260717&lmt=1000&_=20260718140000
2026-07-07,PCB概念,BK0877,90.BK0877,4716.79,4710.82,4769.28,4554.08,4613.7,-103.09,-2.19,54551205,247649398511,4.56,5.22,69.35608202,169.35608202,https://r.jina.ai/http://push2his.eastmoney.com/api/qt/stock/kline/get?secid=90.BK0877&ut=fa5fd1943c7b386f172d6893dbfba10b&fields1=f1%2Cf2%2Cf3%2Cf4%2Cf5%2Cf6&fields2=f51%2Cf52%2Cf53%2Cf54%2Cf55%2Cf56%2Cf57%2Cf58%2Cf59%2Cf60%2Cf61&klt=101&fqt=0&beg=20251201&end=20260717&lmt=1000&_=20260718140000
2026-07-07,上证指数,000001.SH,1.000001,4041.24,4019.49,4028.51,3971.71,3990.24,-51,-1.26,514453091,1196371087894.4,1.41,1.06,0.53920037,100.53920037,https://r.jina.ai/http://push2his.eastmoney.com/api/qt/stock/kline/get?secid=1.000001&ut=fa5fd1943c7b386f172d6893dbfba10b&fields1=f1%2Cf2%2Cf3%2Cf4%2Cf5%2Cf6&fields2=f51%2Cf52%2Cf53%2Cf54%2Cf55%2Cf56%2Cf57%2Cf58%2Cf59%2Cf60%2Cf61&klt=101&fqt=0&beg=20251201&end=20260717&lmt=1000&_=20260718140000
2026-07-07,创业板指,399006.SZ,0.399006,3948.86,3931.44,3976.11,3859.43,3911.91,-36.95,-0.94,193363464,626050125963.65,2.95,3.46,22.12620623,122.12620623,https://r.jina.ai/http://push2his.eastmoney.com/api/qt/stock/kline/get?secid=0.399006&ut=fa5fd1943c7b386f172d6893dbfba10b&fields1=f1%2Cf2%2Cf3%2Cf4%2Cf5%2Cf6&fields2=f51%2Cf52%2Cf53%2Cf54%2Cf55%2Cf56%2Cf57%2Cf58%2Cf59%2Cf60%2Cf61&klt=101&fqt=0&beg=20251201&end=20260717&lmt=1000&_=20260718140000
2026-07-07,半导体材料设备指数,931743.CSI,2.931743,11537.29,11355.91,11937.46,11265.68,11731.74,194.45,1.69,11114705,116491074987,5.82,6.49,127.83705367,227.83705367,https://r.jina.ai/http://push2his.eastmoney.com/api/qt/stock/kline/get?secid=2.931743&ut=fa5fd1943c7b386f172d6893dbfba10b&fields1=f1%2Cf2%2Cf3%2Cf4%2Cf5%2Cf6&fields2=f51%2Cf52%2Cf53%2Cf54%2Cf55%2Cf56%2Cf57%2Cf58%2Cf59%2Cf60%2Cf61&klt=101&fqt=0&beg=20251201&end=20260717&lmt=1000&_=20260718140000
2026-07-07,存储芯片概念,BK1137,90.BK1137,3713.45,3667.4,3738.51,3617.43,3668.82,-44.63,-1.2,51230663,391153937809,3.26,6.08,81.78313778,181.78313778,https://r.jina.ai/http://push2his.eastmoney.com/api/qt/stock/kline/get?secid=90.BK1137&ut=fa5fd1943c7b386f172d6893dbfba10b&fields1=f1%2Cf2%2Cf3%2Cf4%2Cf5%2Cf6&fields2=f51%2Cf52%2Cf53%2Cf54%2Cf55%2Cf56%2Cf57%2Cf58%2Cf59%2Cf60%2Cf61&klt=101&fqt=0&beg=20251201&end=20260717&lmt=1000&_=20260718140000
2026-07-07,科创50指数,000688.SH,1.000688,1996.1,1965.8,2039.6,1950.98,2001.59,5.49,0.28,13973250,159559515937,4.44,1.99,48.9056688,148.9056688,https://r.jina.ai/http://push2his.eastmoney.com/api/qt/stock/kline/get?secid=1.000688&ut=fa5fd1943c7b386f172d6893dbfba10b&fields1=f1%2Cf2%2Cf3%2Cf4%2Cf5%2Cf6&fields2=f51%2Cf52%2Cf53%2Cf54%2Cf55%2Cf56%2Cf57%2Cf58%2Cf59%2Cf60%2Cf61&klt=101&fqt=0&beg=20251201&end=20260717&lmt=1000&_=20260718140000
2026-07-08,CPO概念,BK1128,90.BK1128,9642.26,9755.05,9804.53,9326.08,9459.6,-182.66,-1.89,40582940,270971822037,4.96,5.09,88.95505037,188.95505037,https://r.jina.ai/http://push2his.eastmoney.com/api/qt/stock/kline/get?secid=90.BK1128&ut=fa5fd1943c7b386f172d6893dbfba10b&fields1=f1%2Cf2%2Cf3%2Cf4%2Cf5%2Cf6&fields2=f51%2Cf52%2Cf53%2Cf54%2Cf55%2Cf56%2Cf57%2Cf58%2Cf59%2Cf60%2Cf61&klt=101&fqt=0&beg=20251201&end=20260717&lmt=1000&_=20260718140000
2026-07-08,PCB概念,BK0877,90.BK0877,4613.7,4633.87,4644.75,4415.06,4454.03,-159.67,-3.46,51276981,233593243513,4.98,4.91,63.49504086,163.49504086,https://r.jina.ai/http://push2his.eastmoney.com/api/qt/stock/kline/get?secid=90.BK0877&ut=fa5fd1943c7b386f172d6893dbfba10b&fields1=f1%2Cf2%2Cf3%2Cf4%2Cf5%2Cf6&fields2=f51%2Cf52%2Cf53%2Cf54%2Cf55%2Cf56%2Cf57%2Cf58%2Cf59%2Cf60%2Cf61&klt=101&fqt=0&beg=20251201&end=20260717&lmt=1000&_=20260718140000
2026-07-08,上证指数,000001.SH,1.000001,3990.24,3996.81,4016.03,3967.91,3970.88,-19.36,-0.49,496229374,1192355798215.7,1.21,1.03,0.05140041,100.05140041,https://r.jina.ai/http://push2his.eastmoney.com/api/qt/stock/kline/get?secid=1.000001&ut=fa5fd1943c7b386f172d6893dbfba10b&fields1=f1%2Cf2%2Cf3%2Cf4%2Cf5%2Cf6&fields2=f51%2Cf52%2Cf53%2Cf54%2Cf55%2Cf56%2Cf57%2Cf58%2Cf59%2Cf60%2Cf61&klt=101&fqt=0&beg=20251201&end=20260717&lmt=1000&_=20260718140000
2026-07-08,创业板指,399006.SZ,0.399006,3911.91,3932.42,3965.39,3824.33,3845.35,-66.56,-1.7,199192269,655152500107.24,3.61,3.56,20.04826469,120.04826469,https://r.jina.ai/http://push2his.eastmoney.com/api/qt/stock/kline/get?secid=0.399006&ut=fa5fd1943c7b386f172d6893dbfba10b&fields1=f1%2Cf2%2Cf3%2Cf4%2Cf5%2Cf6&fields2=f51%2Cf52%2Cf53%2Cf54%2Cf55%2Cf56%2Cf57%2Cf58%2Cf59%2Cf60%2Cf61&klt=101&fqt=0&beg=20251201&end=20260717&lmt=1000&_=20260718140000
2026-07-08,半导体材料设备指数,931743.CSI,2.931743,11731.74,11768.79,12305.74,11250.89,11909.01,177.27,1.51,12712473,137790449313,8.99,7.42,131.27973774,231.27973774,https://r.jina.ai/http://push2his.eastmoney.com/api/qt/stock/kline/get?secid=2.931743&ut=fa5fd1943c7b386f172d6893dbfba10b&fields1=f1%2Cf2%2Cf3%2Cf4%2Cf5%2Cf6&fields2=f51%2Cf52%2Cf53%2Cf54%2Cf55%2Cf56%2Cf57%2Cf58%2Cf59%2Cf60%2Cf61&klt=101&fqt=0&beg=20251201&end=20260717&lmt=1000&_=20260718140000
2026-07-08,存储芯片概念,BK1137,90.BK1137,3668.82,3681.92,3706.25,3475.82,3580.39,-88.43,-2.41,54835372,410259179001,6.28,6.51,77.40159743,177.40159743,https://r.jina.ai/http://push2his.eastmoney.com/api/qt/stock/kline/get?secid=90.BK1137&ut=fa5fd1943c7b386f172d6893dbfba10b&fields1=f1%2Cf2%2Cf3%2Cf4%2Cf5%2Cf6&fields2=f51%2Cf52%2Cf53%2Cf54%2Cf55%2Cf56%2Cf57%2Cf58%2Cf59%2Cf60%2Cf61&klt=101&fqt=0&beg=20251201&end=20260717&lmt=1000&_=20260718140000
2026-07-08,科创50指数,000688.SH,1.000688,2001.59,2022.45,2078.64,1961.64,2016.23,14.64,0.73,15720588,169350311761,5.85,2.24,49.99479244,149.99479244,https://r.jina.ai/http://push2his.eastmoney.com/api/qt/stock/kline/get?secid=1.000688&ut=fa5fd1943c7b386f172d6893dbfba10b&fields1=f1%2Cf2%2Cf3%2Cf4%2Cf5%2Cf6&fields2=f51%2Cf52%2Cf53%2Cf54%2Cf55%2Cf56%2Cf57%2Cf58%2Cf59%2Cf60%2Cf61&klt=101&fqt=0&beg=20251201&end=20260717&lmt=1000&_=20260718140000
2026-07-09,CPO概念,BK1128,90.BK1128,9459.6,9611.44,9983.48,9294.68,9974.56,514.96,5.44,46113802,327895228693,7.28,5.79,99.24135135,199.24135135,https://r.jina.ai/http://push2his.eastmoney.com/api/qt/stock/kline/get?secid=90.BK1128&ut=fa5fd1943c7b386f172d6893dbfba10b&fields1=f1%2Cf2%2Cf3%2Cf4%2Cf5%2Cf6&fields2=f51%2Cf52%2Cf53%2Cf54%2Cf55%2Cf56%2Cf57%2Cf58%2Cf59%2Cf60%2Cf61&klt=101&fqt=0&beg=20251201&end=20260717&lmt=1000&_=20260718140000
2026-07-09,PCB概念,BK0877,90.BK0877,4454.03,4508.06,4623,4365.55,4617.17,163.14,3.66,57371314,281558561611,5.78,5.49,69.48345606,169.48345606,https://r.jina.ai/http://push2his.eastmoney.com/api/qt/stock/kline/get?secid=90.BK0877&ut=fa5fd1943c7b386f172d6893dbfba10b&fields1=f1%2Cf2%2Cf3%2Cf4%2Cf5%2Cf6&fields2=f51%2Cf52%2Cf53%2Cf54%2Cf55%2Cf56%2Cf57%2Cf58%2Cf59%2Cf60%2Cf61&klt=101&fqt=0&beg=20251201&end=20260717&lmt=1000&_=20260718140000
2026-07-09,上证指数,000001.SH,1.000001,3970.88,3977.55,4040.54,3938.88,4036.59,65.71,1.65,553063980,1364176552620.6,2.56,1.14,1.7070479,101.7070479,https://r.jina.ai/http://push2his.eastmoney.com/api/qt/stock/kline/get?secid=1.000001&ut=fa5fd1943c7b386f172d6893dbfba10b&fields1=f1%2Cf2%2Cf3%2Cf4%2Cf5%2Cf6&fields2=f51%2Cf52%2Cf53%2Cf54%2Cf55%2Cf56%2Cf57%2Cf58%2Cf59%2Cf60%2Cf61&klt=101&fqt=0&beg=20251201&end=20260717&lmt=1000&_=20260718140000
2026-07-09,创业板指,399006.SZ,0.399006,3845.35,3892.12,4025.32,3812.66,4018.17,172.82,4.49,216994273,726551566974.34,5.53,3.88,25.44354499,125.44354499,https://r.jina.ai/http://push2his.eastmoney.com/api/qt/stock/kline/get?secid=0.399006&ut=fa5fd1943c7b386f172d6893dbfba10b&fields1=f1%2Cf2%2Cf3%2Cf4%2Cf5%2Cf6&fields2=f51%2Cf52%2Cf53%2Cf54%2Cf55%2Cf56%2Cf57%2Cf58%2Cf59%2Cf60%2Cf61&klt=101&fqt=0&beg=20251201&end=20260717&lmt=1000&_=20260718140000
2026-07-09,半导体材料设备指数,931743.CSI,2.931743,11909.01,12163.61,13094.07,11971.41,13077.05,1168.04,9.81,13444255,157692055743,9.43,7.85,153.96373792,253.96373792,https://r.jina.ai/http://push2his.eastmoney.com/api/qt/stock/kline/get?secid=2.931743&ut=fa5fd1943c7b386f172d6893dbfba10b&fields1=f1%2Cf2%2Cf3%2Cf4%2Cf5%2Cf6&fields2=f51%2Cf52%2Cf53%2Cf54%2Cf55%2Cf56%2Cf57%2Cf58%2Cf59%2Cf60%2Cf61&klt=101&fqt=0&beg=20251201&end=20260717&lmt=1000&_=20260718140000
2026-07-09,存储芯片概念,BK1137,90.BK1137,3580.39,3648.7,3830.71,3608.43,3828.59,248.2,6.93,58573475,486870168229,6.21,6.95,89.6994411,189.6994411,https://r.jina.ai/http://push2his.eastmoney.com/api/qt/stock/kline/get?secid=90.BK1137&ut=fa5fd1943c7b386f172d6893dbfba10b&fields1=f1%2Cf2%2Cf3%2Cf4%2Cf5%2Cf6&fields2=f51%2Cf52%2Cf53%2Cf54%2Cf55%2Cf56%2Cf57%2Cf58%2Cf59%2Cf60%2Cf61&klt=101&fqt=0&beg=20251201&end=20260717&lmt=1000&_=20260718140000
2026-07-09,科创50指数,000688.SH,1.000688,2016.23,2047.24,2188.98,2023.54,2185.83,169.6,8.41,18580605,224511523905,8.21,2.65,62.61196251,162.61196251,https://r.jina.ai/http://push2his.eastmoney.com/api/qt/stock/kline/get?secid=1.000688&ut=fa5fd1943c7b386f172d6893dbfba10b&fields1=f1%2Cf2%2Cf3%2Cf4%2Cf5%2Cf6&fields2=f51%2Cf52%2Cf53%2Cf54%2Cf55%2Cf56%2Cf57%2Cf58%2Cf59%2Cf60%2Cf61&klt=101&fqt=0&beg=20251201&end=20260717&lmt=1000&_=20260718140000
2026-07-10,CPO概念,BK1128,90.BK1128,9974.56,10111,10390,9713.01,9713.01,-261.55,-2.62,51465833,388158536449,6.79,6.46,94.0169028,194.0169028,https://r.jina.ai/http://push2his.eastmoney.com/api/qt/stock/kline/get?secid=90.BK1128&ut=fa5fd1943c7b386f172d6893dbfba10b&fields1=f1%2Cf2%2Cf3%2Cf4%2Cf5%2Cf6&fields2=f51%2Cf52%2Cf53%2Cf54%2Cf55%2Cf56%2Cf57%2Cf58%2Cf59%2Cf60%2Cf61&klt=101&fqt=0&beg=20251201&end=20260717&lmt=1000&_=20260718140000
2026-07-10,PCB概念,BK0877,90.BK0877,4617.17,4650.04,4769.65,4477.71,4477.71,-139.46,-3.02,60705042,321181126926,6.32,5.81,64.36426773,164.36426773,https://r.jina.ai/http://push2his.eastmoney.com/api/qt/stock/kline/get?secid=90.BK0877&ut=fa5fd1943c7b386f172d6893dbfba10b&fields1=f1%2Cf2%2Cf3%2Cf4%2Cf5%2Cf6&fields2=f51%2Cf52%2Cf53%2Cf54%2Cf55%2Cf56%2Cf57%2Cf58%2Cf59%2Cf60%2Cf61&klt=101&fqt=0&beg=20251201&end=20260717&lmt=1000&_=20260718140000
2026-07-10,上证指数,000001.SH,1.000001,4036.59,4031.54,4074.83,3995.81,3996.16,-40.43,-1,627450065,1563108691542.7,1.96,1.3,0.68836234,100.68836234,https://r.jina.ai/http://push2his.eastmoney.com/api/qt/stock/kline/get?secid=1.000001&ut=fa5fd1943c7b386f172d6893dbfba10b&fields1=f1%2Cf2%2Cf3%2Cf4%2Cf5%2Cf6&fields2=f51%2Cf52%2Cf53%2Cf54%2Cf55%2Cf56%2Cf57%2Cf58%2Cf59%2Cf60%2Cf61&klt=101&fqt=0&beg=20251201&end=20260717&lmt=1000&_=20260718140000
2026-07-10,创业板指,399006.SZ,0.399006,4018.17,4041.86,4060.53,3842.35,3842.73,-175.44,-4.37,256705752,858396707318.63,5.43,4.59,19.96647071,119.96647071,https://r.jina.ai/http://push2his.eastmoney.com/api/qt/stock/kline/get?secid=0.399006&ut=fa5fd1943c7b386f172d6893dbfba10b&fields1=f1%2Cf2%2Cf3%2Cf4%2Cf5%2Cf6&fields2=f51%2Cf52%2Cf53%2Cf54%2Cf55%2Cf56%2Cf57%2Cf58%2Cf59%2Cf60%2Cf61&klt=101&fqt=0&beg=20251201&end=20260717&lmt=1000&_=20260718140000
2026-07-10,半导体材料设备指数,931743.CSI,2.931743,13077.05,13116.16,13510.25,12176.2,12183.06,-893.99,-6.84,15703803,185195983110,10.2,9.17,136.60194439,236.60194439,https://r.jina.ai/http://push2his.eastmoney.com/api/qt/stock/kline/get?secid=2.931743&ut=fa5fd1943c7b386f172d6893dbfba10b&fields1=f1%2Cf2%2Cf3%2Cf4%2Cf5%2Cf6&fields2=f51%2Cf52%2Cf53%2Cf54%2Cf55%2Cf56%2Cf57%2Cf58%2Cf59%2Cf60%2Cf61&klt=101&fqt=0&beg=20251201&end=20260717&lmt=1000&_=20260718140000
2026-07-10,存储芯片概念,BK1137,90.BK1137,3828.59,3855.98,3973.16,3700.73,3700.73,-127.86,-3.34,72555769,580021177272,7.12,8.61,83.36421833,183.36421833,https://r.jina.ai/http://push2his.eastmoney.com/api/qt/stock/kline/get?secid=90.BK1137&ut=fa5fd1943c7b386f172d6893dbfba10b&fields1=f1%2Cf2%2Cf3%2Cf4%2Cf5%2Cf6&fields2=f51%2Cf52%2Cf53%2Cf54%2Cf55%2Cf56%2Cf57%2Cf58%2Cf59%2Cf60%2Cf61&klt=101&fqt=0&beg=20251201&end=20260717&lmt=1000&_=20260718140000
2026-07-10,科创50指数,000688.SH,1.000688,2185.83,2190.18,2233.54,2064.98,2064.98,-120.85,-5.53,23073429,235095867644,7.71,3.29,53.6214849,153.6214849,https://r.jina.ai/http://push2his.eastmoney.com/api/qt/stock/kline/get?secid=1.000688&ut=fa5fd1943c7b386f172d6893dbfba10b&fields1=f1%2Cf2%2Cf3%2Cf4%2Cf5%2Cf6&fields2=f51%2Cf52%2Cf53%2Cf54%2Cf55%2Cf56%2Cf57%2Cf58%2Cf59%2Cf60%2Cf61&klt=101&fqt=0&beg=20251201&end=20260717&lmt=1000&_=20260718140000
2026-07-13,CPO概念,BK1128,90.BK1128,9713.01,9583.3,9771.2,9066.93,9132.59,-580.42,-5.98,45493123,300553386501,7.25,5.71,82.42304151,182.42304151,https://r.jina.ai/http://push2his.eastmoney.com/api/qt/stock/kline/get?secid=90.BK1128&ut=fa5fd1943c7b386f172d6893dbfba10b&fields1=f1%2Cf2%2Cf3%2Cf4%2Cf5%2Cf6&fields2=f51%2Cf52%2Cf53%2Cf54%2Cf55%2Cf56%2Cf57%2Cf58%2Cf59%2Cf60%2Cf61&klt=101&fqt=0&beg=20251201&end=20260717&lmt=1000&_=20260718140000
2026-07-13,PCB概念,BK0877,90.BK0877,4477.71,4424.59,4462.48,4111.88,4123.74,-353.97,-7.91,53010814,254981707933,7.83,5.07,51.37101451,151.37101451,https://r.jina.ai/http://push2his.eastmoney.com/api/qt/stock/kline/get?secid=90.BK0877&ut=fa5fd1943c7b386f172d6893dbfba10b&fields1=f1%2Cf2%2Cf3%2Cf4%2Cf5%2Cf6&fields2=f51%2Cf52%2Cf53%2Cf54%2Cf55%2Cf56%2Cf57%2Cf58%2Cf59%2Cf60%2Cf61&klt=101&fqt=0&beg=20251201&end=20260717&lmt=1000&_=20260718140000
2026-07-13,上证指数,000001.SH,1.000001,3996.16,3966.02,3983.05,3900.67,3913.79,-82.37,-2.06,590907356,1334871933909,2.06,1.22,-1.38705516,98.61294484,https://r.jina.ai/http://push2his.eastmoney.com/api/qt/stock/kline/get?secid=1.000001&ut=fa5fd1943c7b386f172d6893dbfba10b&fields1=f1%2Cf2%2Cf3%2Cf4%2Cf5%2Cf6&fields2=f51%2Cf52%2Cf53%2Cf54%2Cf55%2Cf56%2Cf57%2Cf58%2Cf59%2Cf60%2Cf61&klt=101&fqt=0&beg=20251201&end=20260717&lmt=1000&_=20260718140000
2026-07-13,创业板指,399006.SZ,0.399006,3842.73,3809.86,3855.75,3691.23,3723.52,-119.21,-3.1,226532308,696341242509.56,4.28,4.05,16.24484495,116.24484495,https://r.jina.ai/http://push2his.eastmoney.com/api/qt/stock/kline/get?secid=0.399006&ut=fa5fd1943c7b386f172d6893dbfba10b&fields1=f1%2Cf2%2Cf3%2Cf4%2Cf5%2Cf6&fields2=f51%2Cf52%2Cf53%2Cf54%2Cf55%2Cf56%2Cf57%2Cf58%2Cf59%2Cf60%2Cf61&klt=101&fqt=0&beg=20251201&end=20260717&lmt=1000&_=20260718140000
2026-07-13,半导体材料设备指数,931743.CSI,2.931743,12183.06,12012.81,12475.17,11500.98,11597.71,-585.35,-4.8,12167444,160003635939,8,7.11,125.23411495,225.23411495,https://r.jina.ai/http://push2his.eastmoney.com/api/qt/stock/kline/get?secid=2.931743&ut=fa5fd1943c7b386f172d6893dbfba10b&fields1=f1%2Cf2%2Cf3%2Cf4%2Cf5%2Cf6&fields2=f51%2Cf52%2Cf53%2Cf54%2Cf55%2Cf56%2Cf57%2Cf58%2Cf59%2Cf60%2Cf61&klt=101&fqt=0&beg=20251201&end=20260717&lmt=1000&_=20260718140000
2026-07-13,存储芯片概念,BK1137,90.BK1137,3700.73,3627.57,3700.6,3419.76,3439.01,-261.72,-7.07,62044646,461774064327,7.59,7.37,70.39648407,170.39648407,https://r.jina.ai/http://push2his.eastmoney.com/api/qt/stock/kline/get?secid=90.BK1137&ut=fa5fd1943c7b386f172d6893dbfba10b&fields1=f1%2Cf2%2Cf3%2Cf4%2Cf5%2Cf6&fields2=f51%2Cf52%2Cf53%2Cf54%2Cf55%2Cf56%2Cf57%2Cf58%2Cf59%2Cf60%2Cf61&klt=101&fqt=0&beg=20251201&end=20260717&lmt=1000&_=20260718140000
2026-07-13,科创50指数,000688.SH,1.000688,2064.98,2038.36,2110.18,1974.05,1994.32,-70.66,-3.42,18337937,214851455567,6.59,2.62,48.36482666,148.36482666,https://r.jina.ai/http://push2his.eastmoney.com/api/qt/stock/kline/get?secid=1.000688&ut=fa5fd1943c7b386f172d6893dbfba10b&fields1=f1%2Cf2%2Cf3%2Cf4%2Cf5%2Cf6&fields2=f51%2Cf52%2Cf53%2Cf54%2Cf55%2Cf56%2Cf57%2Cf58%2Cf59%2Cf60%2Cf61&klt=101&fqt=0&beg=20251201&end=20260717&lmt=1000&_=20260718140000
2026-07-14,CPO概念,BK1128,90.BK1128,9132.59,9125.6,9468.78,8847.74,9445.58,312.99,3.43,48308252,337396143901,6.8,6.06,88.67500155,188.67500155,https://r.jina.ai/http://push2his.eastmoney.com/api/qt/stock/kline/get?secid=90.BK1128&ut=fa5fd1943c7b386f172d6893dbfba10b&fields1=f1%2Cf2%2Cf3%2Cf4%2Cf5%2Cf6&fields2=f51%2Cf52%2Cf53%2Cf54%2Cf55%2Cf56%2Cf57%2Cf58%2Cf59%2Cf60%2Cf61&klt=101&fqt=0&beg=20251201&end=20260717&lmt=1000&_=20260718140000
2026-07-14,PCB概念,BK0877,90.BK0877,4123.74,4145.4,4351.84,4086.59,4325.51,201.77,4.89,51906689,273516557783,6.43,4.97,58.77742947,158.77742947,https://r.jina.ai/http://push2his.eastmoney.com/api/qt/stock/kline/get?secid=90.BK0877&ut=fa5fd1943c7b386f172d6893dbfba10b&fields1=f1%2Cf2%2Cf3%2Cf4%2Cf5%2Cf6&fields2=f51%2Cf52%2Cf53%2Cf54%2Cf55%2Cf56%2Cf57%2Cf58%2Cf59%2Cf60%2Cf61&klt=101&fqt=0&beg=20251201&end=20260717&lmt=1000&_=20260718140000
2026-07-14,上证指数,000001.SH,1.000001,3913.79,3909.27,3967.13,3869.3,3967.13,53.34,1.36,579982052,1271796839678.5,2.5,1.2,-0.04308564,99.95691436,https://r.jina.ai/http://push2his.eastmoney.com/api/qt/stock/kline/get?secid=1.000001&ut=fa5fd1943c7b386f172d6893dbfba10b&fields1=f1%2Cf2%2Cf3%2Cf4%2Cf5%2Cf6&fields2=f51%2Cf52%2Cf53%2Cf54%2Cf55%2Cf56%2Cf57%2Cf58%2Cf59%2Cf60%2Cf61&klt=101&fqt=0&beg=20251201&end=20260717&lmt=1000&_=20260718140000
2026-07-14,创业板指,399006.SZ,0.399006,3723.52,3729.61,3855.03,3673.96,3851.14,127.62,3.43,201664114,656015980316.5,4.86,3.61,20.22902312,120.22902312,https://r.jina.ai/http://push2his.eastmoney.com/api/qt/stock/kline/get?secid=0.399006&ut=fa5fd1943c7b386f172d6893dbfba10b&fields1=f1%2Cf2%2Cf3%2Cf4%2Cf5%2Cf6&fields2=f51%2Cf52%2Cf53%2Cf54%2Cf55%2Cf56%2Cf57%2Cf58%2Cf59%2Cf60%2Cf61&klt=101&fqt=0&beg=20251201&end=20260717&lmt=1000&_=20260718140000
2026-07-14,半导体材料设备指数,931743.CSI,2.931743,11597.71,11513.66,11858.13,10910.61,11565.79,-31.92,-0.28,11575470,147787560498,8.17,6.76,124.61421042,224.61421042,https://r.jina.ai/http://push2his.eastmoney.com/api/qt/stock/kline/get?secid=2.931743&ut=fa5fd1943c7b386f172d6893dbfba10b&fields1=f1%2Cf2%2Cf3%2Cf4%2Cf5%2Cf6&fields2=f51%2Cf52%2Cf53%2Cf54%2Cf55%2Cf56%2Cf57%2Cf58%2Cf59%2Cf60%2Cf61&klt=101&fqt=0&beg=20251201&end=20260717&lmt=1000&_=20260718140000
2026-07-14,存储芯片概念,BK1137,90.BK1137,3439.01,3449.1,3499.32,3289.97,3474.9,35.89,1.04,58025045,443383517451,6.09,6.89,72.17476613,172.17476613,https://r.jina.ai/http://push2his.eastmoney.com/api/qt/stock/kline/get?secid=90.BK1137&ut=fa5fd1943c7b386f172d6893dbfba10b&fields1=f1%2Cf2%2Cf3%2Cf4%2Cf5%2Cf6&fields2=f51%2Cf52%2Cf53%2Cf54%2Cf55%2Cf56%2Cf57%2Cf58%2Cf59%2Cf60%2Cf61&klt=101&fqt=0&beg=20251201&end=20260717&lmt=1000&_=20260718140000
2026-07-14,科创50指数,000688.SH,1.000688,1994.32,1994.44,2026.47,1895.56,2009.73,15.41,0.77,16013950,202059847034,6.56,2.28,49.51123345,149.51123345,https://r.jina.ai/http://push2his.eastmoney.com/api/qt/stock/kline/get?secid=1.000688&ut=fa5fd1943c7b386f172d6893dbfba10b&fields1=f1%2Cf2%2Cf3%2Cf4%2Cf5%2Cf6&fields2=f51%2Cf52%2Cf53%2Cf54%2Cf55%2Cf56%2Cf57%2Cf58%2Cf59%2Cf60%2Cf61&klt=101&fqt=0&beg=20251201&end=20260717&lmt=1000&_=20260718140000
2026-07-15,CPO概念,BK1128,90.BK1128,9445.58,9503.4,9503.4,8991.28,9020.76,-424.82,-4.5,39378059,274705608618,5.42,4.94,80.18924269,180.18924269,https://r.jina.ai/http://push2his.eastmoney.com/api/qt/stock/kline/get?secid=90.BK1128&ut=fa5fd1943c7b386f172d6893dbfba10b&fields1=f1%2Cf2%2Cf3%2Cf4%2Cf5%2Cf6&fields2=f51%2Cf52%2Cf53%2Cf54%2Cf55%2Cf56%2Cf57%2Cf58%2Cf59%2Cf60%2Cf61&klt=101&fqt=0&beg=20251201&end=20260717&lmt=1000&_=20260718140000
2026-07-15,PCB概念,BK0877,90.BK0877,4325.51,4366.41,4378.96,4144.93,4157.98,-167.53,-3.87,45980788,255717819359,5.41,4.4,52.62786959,152.62786959,https://r.jina.ai/http://push2his.eastmoney.com/api/qt/stock/kline/get?secid=90.BK0877&ut=fa5fd1943c7b386f172d6893dbfba10b&fields1=f1%2Cf2%2Cf3%2Cf4%2Cf5%2Cf6&fields2=f51%2Cf52%2Cf53%2Cf54%2Cf55%2Cf56%2Cf57%2Cf58%2Cf59%2Cf60%2Cf61&klt=101&fqt=0&beg=20251201&end=20260717&lmt=1000&_=20260718140000
2026-07-15,上证指数,000001.SH,1.000001,3967.13,3963.73,3981.67,3943.7,3955.58,-11.55,-0.29,576209492,1226298269897.2,0.96,1.19,-0.33410266,99.66589734,https://r.jina.ai/http://push2his.eastmoney.com/api/qt/stock/kline/get?secid=1.000001&ut=fa5fd1943c7b386f172d6893dbfba10b&fields1=f1%2Cf2%2Cf3%2Cf4%2Cf5%2Cf6&fields2=f51%2Cf52%2Cf53%2Cf54%2Cf55%2Cf56%2Cf57%2Cf58%2Cf59%2Cf60%2Cf61&klt=101&fqt=0&beg=20251201&end=20260717&lmt=1000&_=20260718140000
2026-07-15,创业板指,399006.SZ,0.399006,3851.14,3879.77,3905.31,3794.34,3804.7,-46.44,-1.21,203044931,596004738208.77,2.88,3.63,18.77920935,118.77920935,https://r.jina.ai/http://push2his.eastmoney.com/api/qt/stock/kline/get?secid=0.399006&ut=fa5fd1943c7b386f172d6893dbfba10b&fields1=f1%2Cf2%2Cf3%2Cf4%2Cf5%2Cf6&fields2=f51%2Cf52%2Cf53%2Cf54%2Cf55%2Cf56%2Cf57%2Cf58%2Cf59%2Cf60%2Cf61&klt=101&fqt=0&beg=20251201&end=20260717&lmt=1000&_=20260718140000
2026-07-15,半导体材料设备指数,931743.CSI,2.931743,11565.79,11783.79,11789.12,10757.63,10838.14,-727.65,-6.29,10083531,121899797395,8.92,5.89,110.48283416,210.48283416,https://r.jina.ai/http://push2his.eastmoney.com/api/qt/stock/kline/get?secid=2.931743&ut=fa5fd1943c7b386f172d6893dbfba10b&fields1=f1%2Cf2%2Cf3%2Cf4%2Cf5%2Cf6&fields2=f51%2Cf52%2Cf53%2Cf54%2Cf55%2Cf56%2Cf57%2Cf58%2Cf59%2Cf60%2Cf61&klt=101&fqt=0&beg=20251201&end=20260717&lmt=1000&_=20260718140000
2026-07-15,存储芯片概念,BK1137,90.BK1137,3474.9,3521.91,3531.32,3280.85,3293.72,-181.18,-5.21,52559819,391130297571,7.21,6.24,63.19763755,163.19763755,https://r.jina.ai/http://push2his.eastmoney.com/api/qt/stock/kline/get?secid=90.BK1137&ut=fa5fd1943c7b386f172d6893dbfba10b&fields1=f1%2Cf2%2Cf3%2Cf4%2Cf5%2Cf6&fields2=f51%2Cf52%2Cf53%2Cf54%2Cf55%2Cf56%2Cf57%2Cf58%2Cf59%2Cf60%2Cf61&klt=101&fqt=0&beg=20251201&end=20260717&lmt=1000&_=20260718140000
2026-07-15,科创50指数,000688.SH,1.000688,2009.73,2021.58,2028.65,1908.18,1924.27,-85.46,-4.25,14281933,169644623956,5.99,2.04,43.15354858,143.15354858,https://r.jina.ai/http://push2his.eastmoney.com/api/qt/stock/kline/get?secid=1.000688&ut=fa5fd1943c7b386f172d6893dbfba10b&fields1=f1%2Cf2%2Cf3%2Cf4%2Cf5%2Cf6&fields2=f51%2Cf52%2Cf53%2Cf54%2Cf55%2Cf56%2Cf57%2Cf58%2Cf59%2Cf60%2Cf61&klt=101&fqt=0&beg=20251201&end=20260717&lmt=1000&_=20260718140000
2026-07-16,CPO概念,BK1128,90.BK1128,9020.76,8760.77,9096.81,8587.63,8694.13,-326.63,-3.62,38650546,258520550068,5.64,4.85,73.66482431,173.66482431,https://r.jina.ai/http://push2his.eastmoney.com/api/qt/stock/kline/get?secid=90.BK1128&ut=fa5fd1943c7b386f172d6893dbfba10b&fields1=f1%2Cf2%2Cf3%2Cf4%2Cf5%2Cf6&fields2=f51%2Cf52%2Cf53%2Cf54%2Cf55%2Cf56%2Cf57%2Cf58%2Cf59%2Cf60%2Cf61&klt=101&fqt=0&beg=20251201&end=20260717&lmt=1000&_=20260718140000
2026-07-16,PCB概念,BK0877,90.BK0877,4157.98,4082.36,4218.66,3998.17,4027.77,-130.21,-3.13,45673181,230177488344,5.3,4.37,47.848223,147.848223,https://r.jina.ai/http://push2his.eastmoney.com/api/qt/stock/kline/get?secid=90.BK0877&ut=fa5fd1943c7b386f172d6893dbfba10b&fields1=f1%2Cf2%2Cf3%2Cf4%2Cf5%2Cf6&fields2=f51%2Cf52%2Cf53%2Cf54%2Cf55%2Cf56%2Cf57%2Cf58%2Cf59%2Cf60%2Cf61&klt=101&fqt=0&beg=20251201&end=20260717&lmt=1000&_=20260718140000
2026-07-16,上证指数,000001.SH,1.000001,3955.58,3912.38,3940.45,3867.6,3882.41,-73.17,-1.85,535281873,1124208166213.8,1.84,1.11,-2.1777144,97.8222856,https://r.jina.ai/http://push2his.eastmoney.com/api/qt/stock/kline/get?secid=1.000001&ut=fa5fd1943c7b386f172d6893dbfba10b&fields1=f1%2Cf2%2Cf3%2Cf4%2Cf5%2Cf6&fields2=f51%2Cf52%2Cf53%2Cf54%2Cf55%2Cf56%2Cf57%2Cf58%2Cf59%2Cf60%2Cf61&klt=101&fqt=0&beg=20251201&end=20260717&lmt=1000&_=20260718140000
2026-07-16,创业板指,399006.SZ,0.399006,3804.7,3710.51,3796.35,3658.07,3692.46,-112.24,-2.95,204590231,580714563458.11,3.63,3.66,15.27518052,115.27518052,https://r.jina.ai/http://push2his.eastmoney.com/api/qt/stock/kline/get?secid=0.399006&ut=fa5fd1943c7b386f172d6893dbfba10b&fields1=f1%2Cf2%2Cf3%2Cf4%2Cf5%2Cf6&fields2=f51%2Cf52%2Cf53%2Cf54%2Cf55%2Cf56%2Cf57%2Cf58%2Cf59%2Cf60%2Cf61&klt=101&fqt=0&beg=20251201&end=20260717&lmt=1000&_=20260718140000
2026-07-16,半导体材料设备指数,931743.CSI,2.931743,10838.14,10547.32,10809.29,9958.13,10047.51,-790.63,-7.29,9926439,112180981840,7.85,5.8,95.12835053,195.12835053,https://r.jina.ai/http://push2his.eastmoney.com/api/qt/stock/kline/get?secid=2.931743&ut=fa5fd1943c7b386f172d6893dbfba10b&fields1=f1%2Cf2%2Cf3%2Cf4%2Cf5%2Cf6&fields2=f51%2Cf52%2Cf53%2Cf54%2Cf55%2Cf56%2Cf57%2Cf58%2Cf59%2Cf60%2Cf61&klt=101&fqt=0&beg=20251201&end=20260717&lmt=1000&_=20260718140000
2026-07-16,存储芯片概念,BK1137,90.BK1137,3293.72,3196.44,3295.81,3089.18,3112.26,-181.46,-5.51,49125714,357941052849,6.27,5.83,54.20663548,154.20663548,https://r.jina.ai/http://push2his.eastmoney.com/api/qt/stock/kline/get?secid=90.BK1137&ut=fa5fd1943c7b386f172d6893dbfba10b&fields1=f1%2Cf2%2Cf3%2Cf4%2Cf5%2Cf6&fields2=f51%2Cf52%2Cf53%2Cf54%2Cf55%2Cf56%2Cf57%2Cf58%2Cf59%2Cf60%2Cf61&klt=101&fqt=0&beg=20251201&end=20260717&lmt=1000&_=20260718140000
2026-07-16,科创50指数,000688.SH,1.000688,1924.27,1869.94,1947.25,1828.57,1846.88,-77.39,-4.02,14226782,174820562239,6.17,2.03,37.3962208,137.3962208,https://r.jina.ai/http://push2his.eastmoney.com/api/qt/stock/kline/get?secid=1.000688&ut=fa5fd1943c7b386f172d6893dbfba10b&fields1=f1%2Cf2%2Cf3%2Cf4%2Cf5%2Cf6&fields2=f51%2Cf52%2Cf53%2Cf54%2Cf55%2Cf56%2Cf57%2Cf58%2Cf59%2Cf60%2Cf61&klt=101&fqt=0&beg=20251201&end=20260717&lmt=1000&_=20260718140000
2026-07-17,CPO概念,BK1128,90.BK1128,8694.13,8582.8,8600.04,7811.22,7852.61,-841.52,-9.68,42441818,303263480922,9.07,5.33,56.8555032,156.8555032,https://r.jina.ai/http://push2his.eastmoney.com/api/qt/stock/kline/get?secid=90.BK1128&ut=fa5fd1943c7b386f172d6893dbfba10b&fields1=f1%2Cf2%2Cf3%2Cf4%2Cf5%2Cf6&fields2=f51%2Cf52%2Cf53%2Cf54%2Cf55%2Cf56%2Cf57%2Cf58%2Cf59%2Cf60%2Cf61&klt=101&fqt=0&beg=20251201&end=20260717&lmt=1000&_=20260718140000
2026-07-17,PCB概念,BK0877,90.BK0877,4027.77,4002.56,4008.37,3681.45,3706.07,-321.7,-7.99,52818427,239622427767,8.12,5.05,36.03951165,136.03951165,https://r.jina.ai/http://push2his.eastmoney.com/api/qt/stock/kline/get?secid=90.BK0877&ut=fa5fd1943c7b386f172d6893dbfba10b&fields1=f1%2Cf2%2Cf3%2Cf4%2Cf5%2Cf6&fields2=f51%2Cf52%2Cf53%2Cf54%2Cf55%2Cf56%2Cf57%2Cf58%2Cf59%2Cf60%2Cf61&klt=101&fqt=0&beg=20251201&end=20260717&lmt=1000&_=20260718140000
2026-07-17,上证指数,000001.SH,1.000001,3882.41,3865.32,3869.21,3745.17,3764.15,-118.26,-3.05,650450984,1246445452836.3,3.19,1.34,-5.15742635,94.84257365,https://r.jina.ai/http://push2his.eastmoney.com/api/qt/stock/kline/get?secid=1.000001&ut=fa5fd1943c7b386f172d6893dbfba10b&fields1=f1%2Cf2%2Cf3%2Cf4%2Cf5%2Cf6&fields2=f51%2Cf52%2Cf53%2Cf54%2Cf55%2Cf56%2Cf57%2Cf58%2Cf59%2Cf60%2Cf61&klt=101&fqt=0&beg=20251201&end=20260717&lmt=1000&_=20260718140000
2026-07-17,创业板指,399006.SZ,0.399006,3692.46,3642.06,3642.06,3387.26,3428.63,-263.83,-7.15,237152349,686333877873.84,6.9,4.24,7.03865234,107.03865234,https://r.jina.ai/http://push2his.eastmoney.com/api/qt/stock/kline/get?secid=0.399006&ut=fa5fd1943c7b386f172d6893dbfba10b&fields1=f1%2Cf2%2Cf3%2Cf4%2Cf5%2Cf6&fields2=f51%2Cf52%2Cf53%2Cf54%2Cf55%2Cf56%2Cf57%2Cf58%2Cf59%2Cf60%2Cf61&klt=101&fqt=0&beg=20251201&end=20260717&lmt=1000&_=20260718140000
2026-07-17,半导体材料设备指数,931743.CSI,2.931743,10047.51,10042.29,10110.11,9355.03,9431.26,-616.25,-6.13,11084535,119034116528,7.52,6.47,83.16042554,183.16042554,https://r.jina.ai/http://push2his.eastmoney.com/api/qt/stock/kline/get?secid=2.931743&ut=fa5fd1943c7b386f172d6893dbfba10b&fields1=f1%2Cf2%2Cf3%2Cf4%2Cf5%2Cf6&fields2=f51%2Cf52%2Cf53%2Cf54%2Cf55%2Cf56%2Cf57%2Cf58%2Cf59%2Cf60%2Cf61&klt=101&fqt=0&beg=20251201&end=20260717&lmt=1000&_=20260718140000
2026-07-17,存储芯片概念,BK1137,90.BK1137,3112.26,3084.03,3090.3,2826.61,2832.34,-279.92,-8.99,53109012,369156496838,8.47,6.31,40.33712542,140.33712542,https://r.jina.ai/http://push2his.eastmoney.com/api/qt/stock/kline/get?secid=90.BK1137&ut=fa5fd1943c7b386f172d6893dbfba10b&fields1=f1%2Cf2%2Cf3%2Cf4%2Cf5%2Cf6&fields2=f51%2Cf52%2Cf53%2Cf54%2Cf55%2Cf56%2Cf57%2Cf58%2Cf59%2Cf60%2Cf61&klt=101&fqt=0&beg=20251201&end=20260717&lmt=1000&_=20260718140000
2026-07-17,科创50指数,000688.SH,1.000688,1846.88,1829.98,1844.38,1698.32,1715.4,-131.48,-7.12,16629024,191473530246,7.91,2.37,27.61493825,127.61493825,https://r.jina.ai/http://push2his.eastmoney.com/api/qt/stock/kline/get?secid=1.000688&ut=fa5fd1943c7b386f172d6893dbfba10b&fields1=f1%2Cf2%2Cf3%2Cf4%2Cf5%2Cf6&fields2=f51%2Cf52%2Cf53%2Cf54%2Cf55%2Cf56%2Cf57%2Cf58%2Cf59%2Cf60%2Cf61&klt=101&fqt=0&beg=20251201&end=20260717&lmt=1000&_=20260718140000
